StockCode;description;Total_Returns
21275;?;0.00
84968F;check;0.00
84968E;check;0.00
35833G;damages;0.00
22423;faulty;0.00
20956;?;0.00
46000S;Dotcom sales;0.00
46000M;Dotcom sales;0.00
22501;reverse 21/5/10 adjustment;0.00
22502;reverse 21/5/10 adjustment;0.00
22837;?;0.00
21258;?;0.00
22617;mouldy, thrown away.;0.00
72038P;damages;0.00
82599;?;0.00
84050;counted;0.00
22351;Given away;0.00
46000S;Dotcom;0.00
48185;?;0.00
85096;label mix up;0.00
85161;samples/damages;0.00
47591B;?;0.00
84611B;thrown away;0.00
84612B;thrown away;0.00
84613A;thrown away;0.00
84614A;thrown away;0.00
84406B;incorrectly made-thrown away.;0.00
84997C;?;0.00
21621;?;0.00
22797;damages;0.00
21769;showroom;0.00
84249A;check;0.00
20681;MIA;0.00
84598;check;0.00
22423;damages;0.00
85172;Dotcom set;0.00
85172;wrongly sold as sets;0.00
85175;Amazon sold sets;0.00
85175;dotcom sold sets;0.00
85175;wrongly sold sets;0.00
85175;? sold as sets?;0.00
85172;?sold as sets?;0.00
35610C;Thrown away.;0.00
35611B;thrown away;0.00
35610B;thrown away;0.00
35610A;thrown away;0.00
20893;damages/display;0.00
21815;?;0.00
21527;damages;0.00
40016;damaged stock;0.00
21537;?;0.00
21320;broken;0.00
85049D;?;0.00
20866;?;0.00
72140F;throw away;0.00
85185B;?;0.00
22719;wrong barcode (22467);0.00
21833;damages;0.00
21689;wrong barcode;0.00
85025C;barcode problem;0.00
84406B;?;0.00
22459;?lost;0.00
72759;thrown away-can't sell.;0.00
72732;thrown away-can't sell;0.00
35241;damages?;0.00
21621;re dotcom quick fix.;0.00
22127;Dotcom sold in 6's;0.00
22127;sold in set?;0.00
82494L;cracked;0.00
22719;sold as 22467;0.00
84313B;Damaged;0.00
84743C;damages;0.00
21620;mystery! Only ever imported 1800;0.00
21830;MERCHANT CHANDLER CREDIT ERROR, STO;0.00
21622;POSSIBLE DAMAGES OR LOST?;0.00
21100;Damaged;0.00
35915C;damaged;0.00
37488A;damaged;0.00
37487B;Damaged;0.00
37482P;Damaged;0.00
85167B;DAMAGED;0.00
84763;Display;0.00
22458;Missing;0.00
20827;damages;0.00
22784;damages;0.00
47013A;damaged;0.00
22467;wrong code?;0.00
22719;wrong code;0.00
51020B;adjust;0.00
48189;damaged;0.00
21398;damages;0.00
84228;crushed;0.00
22655;damages/showroom etc;0.00
21656;samples;0.00
79164;damages/credits from ASOS.;0.00
22667;damaged;0.00
22796;Not rcvd in 10/11/2010 delivery;0.00
23059;Thrown away-rusty;0.00
84879;damaged;0.00
37370;sold as set/6 by dotcom;0.00
15058A;wet/rusty;0.00
15058C;wet/rusty;0.00
37370;damages/dotcom?;0.00
20803;damages;0.00
84563A;damaged;0.00
79030G;damages;0.00
79030D;damages;0.00
22700;smashed;0.00
85132A;damaged;0.00
47566B;reverse previous adjustment;0.00
47566B;incorrectly credited C550456 see 47;0.00
21272;?;0.00
84804A;wet damaged;0.00
84800L;wet damaged;0.00
84801A;wet damaged;0.00
84805B;wet damaged;0.00
84805A;wet damaged;0.00
84313C;damaged;0.00
79030G;Water damaged;0.00
21397;damaged;0.00
21890;missing;0.00
85019C;Damaged;0.00
22272;Damaged;0.00
21135;sold as set on dotcom;0.00
21136;sold as set on dotcom;0.00
21700;sold as set on dotcom and amazon;0.00
37340;sold as set on dotcom;0.00
79051A;sold as set on dotcom;0.00
37327;sold as set on dotcom;0.00
21937;?;0.00
22968;water damage;0.00
37479B;sold as set by dotcom;0.00
37479P;sold as set on dotcom;0.00
22130;sold as set on dotcom;0.00
22856;sold as set on dotcom;0.00
22944;sold as set on dotcom;0.00
37471;sold as set on dotcom;0.00
22924;sold as set on dotcom;0.00
22923;sold as set on dotcom;0.00
23155;sold as set on dotcom;0.00
22948;sold as set on dotcom;0.00
22128;sold as set on dotcom;0.00
22857;sold as set on dotcom;0.00
22945;sold as set on dotcom;0.00
22922;sold as set on dotcom;0.00
79163;sold as set on dotcom;0.00
22915;sold as set on dotcom;0.00
23003;Printing smudges/thrown away;0.00
23005;printing smudges/thrown away;0.00
35965;found some more on shelf;0.00
82583;?;0.00
20867;?;0.00
23113;Damaged;0.00
21360;Show Samples;0.00
84809B;damaged;0.00
23114;Damaged;0.00
23115;Damaged;0.00
23116;Damaged;0.00
23117;Damaged;0.00
21421;damaged;0.00
21351;damaged;0.00
85232D;mix up with c;0.00
22618;mouldy, unsaleable.;0.00
21147;?;0.00
84597B;damages;0.00
84865;damaged;0.00
22060;damaged;0.00
84584;?;0.00
22051;?;0.00
21781;damages?;0.00
21166;?;0.00
21578;?;0.00
20713;wrongly marked. 23343 in box;0.00
84576;damaged;0.00
85103;stock creditted wrongly;0.00
DCGS0073;ebay;0.00
DCGS0069;ebay;0.00
DCGS0068;ebay;0.00
DCGS0067;ebay;0.00
DCGS0003;ebay;0.00
21294;damaged;0.00
22501;incorrectly put back into stock;0.00
84352;Damages/samples;0.00
22740;?;0.00
21257;?;0.00
21391;Sold as 1 on dotcom;0.00
21735;damages;0.00
22927;?;0.00
22523;?;0.00
20694;?;0.00
21033;taig adjust no stock;0.00
85132C;damages;0.00
84929;code mix up? 84930;0.00
84877D;?;0.00
21682;?display?;0.00
21830;sold as 1;0.00
21830;?;0.00
21829;sold as 1;0.00
21829;?missing;0.00
82494L;crushed ctn;0.00
82483;crushed;0.00
22435;?missing;0.00
23064;Crushed;0.00
23084;temp adjustment;0.00
20856;??;0.00
22823;test;0.00
22030;??;0.00
85215;Damaged;0.00
21246;damaged;0.00
85230E;Damaged;0.00
21830;OOPS ! adjustment;0.00
21179;damaged;0.00
35607B;thrown away;0.00
35817P;thrown away;0.00
40016;?;0.00
85199L;?;0.00
79163;damaged;0.00
21089;damaged;0.00
37343;damaged;0.00
84876D;damaged;0.00
21654;Damaged;0.00
84563B;damaged;0.00
84422;Dagamed;0.00
20700;?;0.00
21394;damages;0.00
37327;damages;0.00
84816;damages;0.00
21098;damages?;0.00
22927;damaged;0.00
20774;damaged;0.00
84660A;damaged;0.00
82600;historic computer difference?....se;0.00
23268;Incorrect stock entry.;0.00
23269;incorrect stock entry.;0.00
23270;incorrect stock entry.;0.00
20713;wrongly coded-23343;0.00
35954;counted;0.00
23412;?;0.00
90180A;stock check;0.00
90195A;check;0.00
90210D;check;0.00
90057;crushed boxes;0.00
90012B;check;0.00
90012A;stock check;0.00
90014A;check;0.00
90191;??;0.00
22570;?;0.00
22569;?;0.00
21090;WET/MOULDY;0.00
22449;can't find;0.00
84249A;damaged;0.00
47574A;check;0.00
21424;damages;0.00
21823;check;0.00
21803;check;0.00
84596G;??;0.00
85231G;check;0.00
21622;damages;0.00
22121;?;0.00
23322;mouldy;0.00
23020;smashed;0.00
22812;?;0.00
22637;damages;0.00
23131;?;0.00
72802A;Wet pallet-thrown away;0.00
72802A;?;0.00
72802C;check;0.00
72802B;check;0.00
23427;damaged;0.00
21761;damaged;0.00
20839;damages;0.00
22149;damages;0.00
22149;check;0.00
21627;check;0.00
72803A;damages;0.00
20665;adjustment;0.00
22049;damaged;0.00
22336;damaged;0.00
20984;damaged;0.00
23343;20713 wrongly marked;0.00
22427;damages;0.00
23595;re-adjustment;0.00
23029;damages;0.00
23032;damages;0.00
23118;Breakages;0.00
20840;damages;0.00
84969;check;0.00
21539;damages?;0.00
22426;check;0.00
21071;check;0.00
35810A;check;0.00
85078;missing;0.00
37479P;??;0.00
21824;check;0.00
22572;??;0.00
23343;20713;0.00
23462;damages;0.00
23343;wrongly coded 20713;0.00
85032D;damaged;0.00
85135C;Damages;0.00
85136C;damages;0.00
85136A;damages;0.00
17012B;check;0.00
21181;check;0.00
23400;check;0.00
85035B;check;0.00
85035A;CHECK;0.00
21618;CHECK;0.00
21619;check;0.00
47503H;check;0.00
21642;check;0.00
21636;check;0.00
21192;check;0.00
22595;check;0.00
85208;check;0.00
84818;damages;0.00
79323G;Unsaleable, destroyed.;0.00
79323B;Unsaleable, destroyed.;0.00
79323GR;Unsaleable, destroyed.;0.00
79323LP;Unsaleable, destroyed.;0.00
79323P;Unsaleable, destroyed.;0.00
79323S;Unsaleable, destroyed.;0.00
79323W;Unsaleable, destroyed.;0.00
79341;Unsaleable, destroyed.;0.00
79342B;Unsaleable, destroyed.;0.00
22176;check;0.00
22522;check;0.00
72817;check;0.00
72818;check;0.00
20902;check;0.00
20898;check;0.00
21352;check;0.00
22147;check;0.00
22652;check;0.00
21818;check;0.00
35923;check;0.00
85054;check;0.00
21159;damaged;0.00
21519;check;0.00
40001;check;0.00
20751;check;0.00
23187;check;0.00
84279P;check;0.00
22892;check;0.00
72802C;damages;0.00
85036C;damages wax;0.00
85036B;damages wax;0.00
85034A;damaged;0.00
84665;water damaged;0.00
84508A;check;0.00
23118;check;0.00
22121;check;0.00
82582;??;0.00
21014;check;0.00
35972;check;0.00
21843;smashed;0.00
85125;check;0.00
85175;check;0.00
21817;check;0.00
22804;Wrongly mrked had 85123a in box;0.00
85123A;wrongly marked carton 22804;0.00
22268;check;0.00
20711;check;0.00
22943;check;0.00
22575;missing?;0.00
71279;damages;0.00
23072;damages;0.00
23071;damages;0.00
21135;wet rusty;0.00
47590B;check;0.00
71038;check;0.00
85111;check;0.00
17012C;check;0.00
85036B;check;0.00
85036C;check;0.00
21823;damaged;0.00
21744;check;0.00
23035;check;0.00
16008;check;0.00
22219;???lost;0.00
22339;check;0.00
22181;check;0.00
21811;check;0.00
35818B;adjustment;0.00
10133;damaged;0.00
22587;check;0.00
22586;check;0.00
22271;check;0.00
21786;check;0.00
85035C;check;0.00
21165;check;0.00
22286;check;0.00
22778;check;0.00
20752;check;0.00
23348;sold with wrong barcode;0.00
23288;check;0.00
22759;check;0.00
20956;check;0.00
22946;check;0.00
16169E;check;0.00
23055;rusty thrown away;0.00
23056;rusty throw away;0.00
23057;rusty throw away;0.00
21888;check;0.00
21018;damaged;0.00
23397;damaged;0.00
22579;dotcom;0.00
22568;?? missing;0.00
72807A;wet pallet;0.00
72807B;wet pallet;0.00
72807C;wet pallet;0.00
72807B;damages;0.00
72807A;damages;0.00
72807C;damages;0.00
72807B;????missing;0.00
72807A;???missing;0.00
72807C;???missing;0.00
22810;check;0.00
22152;check;0.00
21819;check;0.00
22601;check;0.00
21643;damaged;0.00
35833P;check;0.00
21591;check;0.00
22959;check;0.00
22142;check;0.00
20711;lost in space;0.00
21615;check;0.00
85172;check;0.00
21868;check;0.00
35648;check;0.00
84581;check;0.00
84859C;wet?;0.00
21793;check;0.00
85204;lost??;0.00
21810;check;0.00
22043;check;0.00
84912B;damaged;0.00
22577;check;0.00
84609;damages;0.00
22792;damages;0.00
21620;check;0.00
16045;check;0.00
20652;check;0.00
23406;CHECK;0.00
21201;???;0.00
22043;dotcom;0.00
21109;wet;0.00
22481;wet boxes;0.00
84801A;check;0.00
22025;check;0.00
84508C;check;0.00
22217;damages?;0.00
85104;????damages????;0.00
20893;damages;0.00
21693;mixed up;0.00
21688;mixed up;0.00
72801C;check;0.00
23395;check;0.00
22578;lost;0.00
22576;check;0.00
23090;missing;0.00
23169;smashed;0.00
85204;HANGING WOOD AND FELT FLOWER;-0.12
21883;STARS GIFT TAPE ;-0.19
16235;RECYCLED PENCIL WITH RABBIT ERASER;-0.21
51020B;STRIPY DESIGN SHOWER CAP;-0.29
23185;FRENCH STYLE STORAGE JAR JAM;-0.29
84750B;BLACK SMALL GLASS CAKE STAND;-0.39
79030D;TUMBLER BAROQUE;-0.39
22400;MAGNETS PACK OF 4 HOME SWEET HOME;-0.39
84927A;WAKE UP COCKEREL TILE HOOK;-0.39
35923;CANDY HEART HANGING DECORATION;-0.39
21982;PACK OF 12 SUKI TISSUES ;-0.39
16258A;SWIRLY CIRCULAR RUBBERS IN BAG;-0.42
23005;TRAVEL CARD WALLET I LOVE LONDON;-0.42
84228;HEN HOUSE W CHICK STANDING;-0.42
44234;ASSORTED CIRCULAR MOBILE;-0.42
21802;CHRISTMAS TREE HEART DECORATION;-0.42
22546;MINI JIGSAW PURDEY;-0.42
22545;MINI JIGSAW BUNNIES;-0.42
21503;TOYBOX  WRAP ;-0.42
22540;MINI JIGSAW CIRCUS PARADE ;-0.42
47422;ASSORTED MONKEY SUCTION CUP HOOK;-0.42
51020A;SUMMER FUN DESIGN SHOWER CAP;-0.58
35598D;PINK/WHITE CHRISTMAS TREE 60CM;-0.65
85160B;BLACK BIRD GARDEN DESIGN MUG;-0.78
84751B;BLACK MEDIUM GLASS CAKE STAND;-0.79
23375;50'S CHRISTMAS PAPER GIFT BAG;-0.82
62043B;BLUE CHECK BAG W HANDLE 34X20CM;-0.83
22547;MINI JIGSAW DINOSAUR ;-0.84
22421;LIPSTICK PEN FUSCHIA;-0.84
21520;BOOZE & WOMEN GREETING CARD ;-0.84
22489;PACK OF 12 TRADITIONAL CRAYONS;-0.84
23508;MINI PLAYING CARDS DOLLY GIRL ;-0.84
22534;MAGIC DRAWING SLATE SPACEBOY ;-0.84
84006;MAGIC TREE -PAPER FLOWERS;-0.85
20832;RED FLOCK LOVE HEART PHOTO FRAME;-0.85
21389;IVORY HANGING DECORATION  BIRD;-0.85
72140E;BEST DAD CANDLE LETTERS;-0.85
22268;EASTER DECORATION SITTING BUNNY;-0.85
85213;MINI  ZINC GARDEN DECORATIONS ;-0.85
84971S;SMALL HEART FLOWERS HOOK ;-0.85
85177;BASKET OF FLOWERS SEWING KIT;-0.85
21722;SWEET PUDDING STICKER SHEET;-0.85
85176;SEWING SUSAN 21 NEEDLE SET;-0.85
23398;HANGING HEART BONHEUR;-0.85
35961;FOLKART ZINC HEART CHRISTMAS DEC;-0.85
22594;CHRISTMAS GINGHAM TREE;-0.85
22321;BIRD DECORATION RED RETROSPOT;-0.85
22560;TRADITIONAL MODELLING CLAY;-1.06
22405;MONEY BOX POCKET MONEY DESIGN;-1.06
21015;DARK BIRD HOUSE TREE DECORATION;-1.16
21736;GOLD SCROLL GLASS T-LIGHT HOLDER;-1.17
37340;MULTICOLOUR SPRING FLOWER MUG;-1.17
22279;POCKET BAG BLUE PAISLEY RED SPOT;-1.25
22316;200 BENDY SKULL STRAWS;-1.25
85169D;PINK LOVE BIRD CANDLE;-1.25
22406;MONEY BOX KINGS CHOICE DESIGN;-1.25
21447;12 IVORY ROSE PEG PLACE SETTINGS;-1.25
22757;LARGE RED BABUSHKA NOTEBOOK ;-1.25
21163;DO NOT TOUCH MY STUFF DOOR HANGER ;-1.25
21774;DECORATIVE CATS BATHROOM BOTTLE;-1.25
22053;EMPIRE DESIGN ROSETTE;-1.25
21648;ASSORTED TUTTI FRUTTI SMALL PURSE;-1.25
84510A;SET OF 4 ENGLISH ROSE COASTERS;-1.25
21456;2 PICTURE BOOK EGGS EASTER CHICKS;-1.25
35921;EASTER BUNNY HANGING GARLAND;-1.25
22977;DOLLY GIRL CHILDRENS EGG CUP;-1.25
22975;SPACEBOY CHILDRENS EGG CUP;-1.25
22954;HEN PARTY CORDON BARRIER TAPE;-1.25
23100;SILVER BELLS TABLE DECORATION;-1.25
20707;CRAZY DAISY HEART DECORATION;-1.25
22477;WATERING CAN GARDEN MARKER;-1.25
21718;RED METAL BEACH SPADE ;-1.25
10135;COLOURING PENCILS BROWN TUBE;-1.25
22409;MONEY BOX BISCUITS DESIGN;-1.25
23567;EGG CUP HENRIETTA HEN PINK;-1.25
23264;SET OF 3 WOODEN SLEIGH DECORATIONS;-1.25
85036A;GARDENIA 1 WICK MORRIS BOXED CANDLE;-1.25
22563;HAPPY STENCIL CRAFT;-1.25
23370;SET 36 COLOURING PENCILS DOILY;-1.25
23568;EGG CUP HENRIETTA HEN CREAM ;-1.25
22999;TRAVEL CARD WALLET VINTAGE LEAF;-1.26
79190A;RETRO PLASTIC 70'S TRAY;-1.26
22820;GIFT BAG BIRTHDAY;-1.30
22227;HANGING HEART MIRROR DECORATION ;-1.30
21383;PACK OF 12 STICKY BUNNIES;-1.30
22608;PENS ASSORTED FUNKY JEWELED ;-1.33
47013C;WINE BOTTLE DRESSING DARK BLUE;-1.44
20957;PORCELAIN HANGING BELL SMALL;-1.45
22671;FRENCH LAUNDRY SIGN BLUE METAL;-1.45
22136;LOVE HEART SOCK HANGER;-1.45
21248;DOOR HANGER  MUM + DADS ROOM;-1.45
22950;SET OF 36 VINTAGE CHRISTMAS DOILIES;-1.45
21973;SET OF 36 MUSHROOM PAPER DOILIES;-1.45
47574A;ENGLISH ROSE SCENTED HANGING FLOWER;-1.50
46000M;POLYESTER FILLER PAD 45x45cm;-1.55
37327;ASSTD MULTICOLOUR CIRCLES MUG;-1.56
85211;S/4 GROOVY CAT MAGNETS;-1.58
85025B;EAU DE NILE HEART SHAPE PHOTO FRAME;-1.65
85039A;SET/4 RED MINI ROSE CANDLE IN BOWL;-1.65
22195;LARGE HEART MEASURING SPOONS;-1.65
21319;GLASS CHALICE GREEN  SMALL ;-1.65
22906;12 MESSAGE CARDS WITH ENVELOPES;-1.65
85024C;PINK SMALL JEWELLED PHOTOFRAME;-1.65
85025C;PINK HEART SHAPE PHOTO FRAME;-1.65
21935;SUKI  SHOULDER BAG;-1.65
21584;RETROSPOT SMALL TUBE MATCHES;-1.65
22296;HEART IVORY TRELLIS LARGE;-1.65
23188;VINTAGE  2 METRE FOLDING RULER;-1.65
85039C;S/4 BLACK MINI ROSE CANDLE IN BOWL;-1.65
23280;FOLDING BUTTERFLY MIRROR HOT PINK ;-1.66
22152;PLACE SETTING WHITE STAR;-1.68
84849B;FAIRY SOAP SOAP HOLDER;-1.69
22228;BUNNY WOODEN PAINTED WITH BIRD ;-1.70
22229;BUNNY WOODEN PAINTED WITH FLOWER ;-1.70
22581;WOOD STOCKING CHRISTMAS SCANDISPOT;-1.70
17129F;BLUE GLASS GEMS IN BAG;-1.70
21385;IVORY HANGING DECORATION  HEART;-1.70
23285;PINK VINTAGE SPOT BEAKER;-1.70
21033;JUMBO BAG CHARLIE AND LOLA TOYS;-1.79
22877;NUMBER TILE COTTAGE GARDEN 9;-1.95
22869;NUMBER TILE COTTAGE GARDEN 1;-1.95
22131;FOOD CONTAINER SET 3 LOVE HEART ;-1.95
20705;MRS ROBOT SOFT TOY;-1.95
22471;TV DINNER TRAY AIR HOSTESS ;-1.95
22789;T-LIGHT HOLDER SWEETHEART HANGING;-1.95
84906;PINK BUTTERFLY CUSHION COVER;-1.95
84857C;PINK MONTE CARLO HANDBAG;-1.95
84927F;PSYCHEDELIC TILE HOOK;-1.95
22885;NUMBER TILE VINTAGE FONT 6 ;-1.95
22883;NUMBER TILE VINTAGE FONT 4;-1.95
22882;NUMBER TILE VINTAGE FONT 3;-1.95
22066;LOVE HEART TRINKET POT;-1.95
23452;HEART MINI PORTRAIT FRAME;-1.95
23419;HOME SWEET HOME BOTTLE ;-2.08
22878;NUMBER TILE COTTAGE GARDEN No;-2.10
21647;ASSORTED TUTTI FRUTTI LARGE PURSE;-2.10
21417;COCKLE SHELL DISH;-2.10
20830;SILVER PHOTO FRAME;-2.10
20754;RETROSPOT RED WASHING UP GLOVES;-2.10
85170B;SET/6 BLACK BIRD T-LIGHT CANDLES;-2.10
20751;FUNKY WASHING UP GLOVES ASSORTED;-2.10
22378;WALL TIDY RETROSPOT ;-2.10
21088;SET/6 FRUIT SALAD PAPER CUPS;-2.28
79337;BLUE FLOCK GLASS CANDLEHOLDER;-2.28
84251B;GREETING CARD, STICKY GORDON;-2.28
22096;PINK PAISLEY SQUARE TISSUE BOX ;-2.34
23150;IVORY SWEETHEART SOAP DISH;-2.49
23122;PARTY CHARMS 50 PIECES;-2.49
35471D;SET OF 3 BIRD LIGHT PINK FEATHER ;-2.50
20941;FROG CANDLE;-2.50
84800S;SMALL WHITE/PINK ROSE ART FLOWER;-2.50
21272;SALLE DE BAIN HOOK;-2.50
21125;SET 6 FOOTBALL CELEBRATION CANDLES;-2.50
21494;ROTATING LEAVES T-LIGHT HOLDER;-2.50
23503;PLAYING CARDS KEEP CALM & CARRY ON;-2.50
85183A;CHARLIE & LOLA WASTEPAPER BIN BLUE;-2.50
23437; 50'S CHRISTMAS GIFT BAG LARGE;-2.50
21412;VINTAGE GOLD TINSEL REEL;-2.52
22419;LIPSTICK PEN RED;-2.52
22908;PACK OF 20 NAPKINS RED APPLES;-2.55
22638;SET OF 4 NAPKIN CHARMS CROWNS ;-2.55
20772;GARDEN PATH JOURNAL;-2.55
85023C;PINK LARGE JEWELED PHOTOFRAME;-2.55
84508A;CAMOUFLAGE DESIGN TEDDY;-2.55
21556;CERAMIC STRAWBERRY MONEY BOX;-2.55
22305;COFFEE MUG PINK PAISLEY DESIGN;-2.55
90076;MONTANA DIAMOND CLUSTER EARRINGS;-2.55
85188A;GREEN METAL SWINGING BUNNY;-2.55
21588;RETROSPOT GIANT TUBE MATCHES;-2.55
21201;TROPICAL  HONEYCOMB PAPER GARLAND ;-2.55
22350;ILLUSTRATED CAT BOWL ;-2.55
84659A;WHITE TRAVEL ALARM CLOCK;-2.55
71459;HANGING JAM JAR T-LIGHT HOLDERS;-2.55
22584;PACK OF 6 PANNETONE GIFT BOXES;-2.55
20973;12 PENCIL SMALL TUBE WOODLAND;-2.60
21981;PACK OF 12 WOODLAND TISSUES ;-2.73
16219;HOUSE SHAPE PENCIL SHARPENER;-2.88
23189;SET OF 12 FORK CANDLES;-2.89
22949;SET OF 36 DOLLY GIRL PAPER DOILIES;-2.90
21972;SET OF 36 DINOSAUR PAPER DOILIES;-2.90
22154;ANGEL DECORATION 3 BUTTONS ;-2.94
20936;FORKED CACTUS CANDLE;-2.95
35832;WOOLLY HAT SOCK GLOVE ADVENT STRING;-2.95
22272;FELTCRAFT DOLL MARIA;-2.95
21316;SMALL CHUNKY GLASS ROMAN  BOWL;-2.95
22453;MEASURING TAPE BABUSHKA BLUE;-2.95
15044B;BLUE PAPER PARASOL ;-2.95
15044A;PINK PAPER PARASOL ;-2.95
85087;CANDY SPOT CUSHION COVER;-2.95
22483;RED GINGHAM TEDDY BEAR ;-2.95
22811;SET OF 6 T-LIGHTS CACTI ;-2.95
21380;WOODEN HAPPY BIRTHDAY GARLAND;-2.95
90162B;ANT SILVER LIME GREEN BOUDICCA RING;-2.95
85185B;PINK HORSE SOCK PUPPET KIT;-2.95
22452;MEASURING TAPE BABUSHKA PINK;-2.95
84086B;YELLOW/BLUE RETRO RADIO;-2.95
23630;SET 10 CARDS HANGING BAUBLES 17080;-2.99
23377;PACK OF 12 DOLLY GIRL TISSUES;-3.12
21900;KEY FOB , SHED;-3.25
DOT;DOTCOM POSTAGE;-3.29
84595E;LARGE TORTILLA DESIGN RED BOWL;-3.29
22331;WOODLAND PARTY BAG + STICKER SET;-3.30
23190;BUNDLE OF 3 SCHOOL EXERCISE BOOKS  ;-3.30
21206;STRAWBERRY HONEYCOMB  GARLAND ;-3.30
23023;RIDGED BONNE JAM JAR T-LIGHT HOLDER;-3.30
85114B;IVORY ENCHANTED FOREST PLACEMAT;-3.30
23332;IVORY WICKER HEART LARGE;-3.30
22450;SILK PURSE BABUSHKA BLUE;-3.35
22713;CARD I LOVE LONDON ;-3.36
22354;RETROSPOT PADDED SEAT CUSHION;-3.39
22250;DECORATION  BUTTERFLY  MAGIC GARDEN;-3.40
22249;DECORATION WHITE CHICK MAGIC GARDEN;-3.40
84559B;3D SHEET OF CAT STICKERS;-3.40
20982;12 PENCILS TALL TUBE SKULLS;-3.40
22601;CHRISTMAS RETROSPOT ANGEL WOOD;-3.40
22260;FELT EGG COSY BLUE RABBIT ;-3.40
22261;FELT EGG COSY WHITE RABBIT ;-3.40
84452;METAL RABBIT LADDER EASTER ;-3.40
21422;PORCELAIN ROSE SMALL;-3.40
35001W;HAND OPEN SHAPE DECO.WHITE;-3.49
84685;BEACH HUT KEY CABINET;-3.75
22202;MILK PAN PINK POLKADOT;-3.75
84870B;BLUE GEISHA GIRL ;-3.75
22511;RETROSPOT BABUSHKA DOORSTOP;-3.75
85098B;BLUE FLYING SINGING CANARY;-3.75
15060B;FAIRY CAKE DESIGN UMBRELLA;-3.75
21390;FILIGRIS HEART WITH BUTTERFLY;-3.75
23061;VINTAGE EMBOSSED HEART;-3.75
22772;PINK DRAWER KNOB ACRYLIC EDWARDIAN;-3.75
90064B;BLACK VINTAGE  CRYSTAL EARRINGS;-3.75
82616C;MIDNIGHT GLAMOUR SCARF KNITTING KIT;-3.75
21775;DECORATIVE FLORE BATHROOM BOTTLE;-3.75
84856S;SMALL TAHITI BEACH BAG;-3.81
21704;BAG 250g SWIRLY MARBLES;-3.86
21143;ANTIQUE GLASS HEART DECORATION ;-3.90
22319;HAIRCLIPS FORTIES FABRIC ASSORTED;-3.90
35004G;SET OF 3 GOLD FLYING DUCKS;-3.90
47591D;PINK FAIRY CAKE CHILDRENS APRON;-3.90
85132A;CHARLIE + LOLA BISCUITS TINS;-3.90
21461;BLUE EASTER EGG HUNT START POST;-3.90
21395;BLUE POLKADOT BEAKER ;-3.90
84857B;BLUE MONTE CARLO HANDBAG;-3.90
23368;SET 12 COLOUR PENCILS DOLLY GIRL ;-3.90
21263;GREEN GOOSE FEATHER TREE 60CM;-3.90
22097;SWALLOW SQUARE TISSUE BOX;-3.90
84813;SET OF 4 DIAMOND NAPKIN RINGS;-3.95
84884A;ANT WHITE WIRE HEART SPIRAL;-3.95
22188;BLACK HEART CARD HOLDER;-3.95
23129;HEART SHAPED HOLLY WREATH;-4.15
23390;DOLLY GIRL MINI BACKPACK;-4.15
23312;VINTAGE CHRISTMAS GIFT SACK;-4.15
20752;BLUE POLKADOT WASHING UP GLOVES;-4.20
22440;BALLOON WATER BOMB PACK OF 35;-4.20
84927E;FLOWERS TILE HOOK;-4.20
84927D;LA PALMIERA TILE HOOK;-4.20
84809A;WHITE CHRYSANTHEMUMS ART FLOWER;-4.20
10133;COLOURING PENCILS BROWN TUBE;-4.20
22412;METAL SIGN NEIGHBOURHOOD WITCH ;-4.20
22515;CHILDS GARDEN SPADE PINK;-4.20
85088;CANDY SPOT HAND BAG;-4.20
22245;HOOK, 1 HANGER ,MAGIC GARDEN;-4.25
90200B;BLACK SWEETHEART BRACELET;-4.25
22372;AIRLINE BAG VINTAGE WORLD CHAMPION ;-4.25
22262;FELT EGG COSY CHICKEN;-4.25
90018C;SILVER BLACK ORBIT DROP EARRINGS;-4.25
90018A;SILVER M.O.P ORBIT DROP EARRINGS;-4.25
21407;BROWN CHECK CAT DOORSTOP ;-4.25
22650;CERAMIC PIRATE CHEST MONEY BANK;-4.35
21578;WOODLAND DESIGN  COTTON TOTE BAG;-4.50
84660A;WHITE STITCHED WALL CLOCK;-4.54
21144;PINK POODLE HANGING DECORATION ;-4.56
21084;SET/6 COLLAGE PAPER CUPS;-4.56
22161;HEART DECORATION RUSTIC HANGING ;-4.56
21650;ASSORTED TUTTI FRUTTI BRACELET;-4.56
21179;NO JUNK MAIL METAL SIGN;-4.68
22287;DECORATION WOBBLY CHICKEN;-4.68
22615;PACK OF 12 CIRCUS PARADE TISSUES ;-4.68
21822;GLITTER CHRISTMAS TREE WITH BELLS;-4.69
23327;HANGING CLEAR MINI BOTTLE;-4.72
22241;GARLAND WOODEN HAPPY EASTER;-4.81
21928;JUMBO BAG SCANDINAVIAN PAISLEY;-4.95
79164;BLACK WINE GLASS;-4.95
79320;FLAMINGO LIGHTS;-4.95
23180;MUM'S KITCHEN CLOCK;-4.95
23191;BUNDLE OF 3 RETRO NOTE BOOKS;-4.95
21708;FOLDING UMBRELLA CREAM POLKADOT;-4.95
23192;BUNDLE OF 3 ALPHABET EXERCISE BOOKS;-4.95
84629;WHITE 3 FRAME BIRDS AND TREE ;-4.95
23405;HOME SWEET HOME 2 DRAWER CABINET;-4.95
23424;GINGHAM RECIPE BOOK BOX;-4.95
21317;GLASS SPHERE CANDLE STAND MEDIUM;-4.95
23274;STAR T-LIGHT HOLDER WILLIE WINKIE;-4.95
23164;REGENCY CAKE SLICE;-4.95
23117;POPPY FIELDS CHOPPING BOARD;-4.95
23329;DECORATIVE WICKER HEART LARGE;-4.95
23411; TRELLIS COAT RACK;-4.95
22062;CERAMIC BOWL WITH LOVE HEART DESIGN;-4.98
23123;COCKTAIL SWORDS 50 PIECES;-4.98
23024;LARGE BONNE JAM JAR  T-LIGHT HOLDER;-4.98
21826;EIGHT PIECE DINOSAUR SET;-5.00
21445;12 PINK ROSE PEG PLACE SETTINGS;-5.00
47504H;ENGLISH ROSE SPIRIT LEVEL ;-5.00
47563A;RETRO LONGBOARD IRONING BOARD COVER;-5.00
23566;EGG CUP MILKMAID HEIDI;-5.00
22034;ROBIN CHRISTMAS CARD;-5.04
22028;PENNY FARTHING BIRTHDAY CARD;-5.04
22714;CARD BIRTHDAY COWBOY;-5.04
22031;BOTANICAL LAVENDER BIRTHDAY CARD;-5.04
22026;BANQUET BIRTHDAY  CARD  ;-5.04
22025;RING OF ROSES BIRTHDAY CARD;-5.04
22024;RAINY LADIES BIRTHDAY CARD;-5.04
22023;EMPIRE BIRTHDAY CARD;-5.04
21507;ELEPHANT, BIRTHDAY CARD, ;-5.04
21506;FANCY FONT BIRTHDAY CARD, ;-5.04
22042;CHRISTMAS CARD SINGING ANGEL;-5.04
22029;SPACEBOY BIRTHDAY CARD;-5.04
21508;VINTAGE KID DOLLY CARD ;-5.04
21507;ELEPHANT BIRTHDAY CARD ;-5.04
84678;CLASSICAL ROSE SMALL VASE;-5.05
84800M;MEDIUM WHITE/PINK ROSE ART FLOWER;-5.07
84803B;WHITE ALLIUM  ARTIFICIAL FLOWER;-5.07
21561;DINOSAUR LUNCH BOX WITH CUTLERY;-5.10
22583;PACK OF 6 HANDBAG GIFT BOXES;-5.10
22110;BIRD HOUSE HOT WATER BOTTLE;-5.10
22576;SWALLOW WOODEN CHRISTMAS DECORATION;-5.10
22598;CHRISTMAS MUSICAL ZINC TREE;-5.10
79163;BLACK CHAMPAGNE GLASS;-5.16
82551;LAUNDRY 15C METAL SIGN;-5.20
21917;SET 12 KIDS  WHITE CHALK STICKS;-5.46
20781;GOLD EAR MUFF HEADPHONES;-5.49
15044D;RED PAPER PARASOL;-5.50
16202E;BLACK PHOTO ALBUM ;-5.55
84839;SWEETHEART KEY CABINET;-5.55
21902;KEY FOB , FRONT  DOOR ;-5.85
22433;WATERING CAN GREEN DINOSAUR;-5.85
21901;KEY FOB , BACK DOOR ;-5.85
22175;PINK OWL SOFT TOY;-5.90
22904;CALENDAR PAPER CUT DESIGN;-5.90
22176;BLUE OWL SOFT TOY;-5.90
21038;SET/4 MODERN VINTAGE COTTON NAPKINS;-5.90
85071B;RED CHARLIE+LOLA PERSONAL DOORSIGN;-5.90
22742;MAKE YOUR OWN PLAYTIME CARD KIT;-5.90
22314;OFFICE MUG WARMER CHOC+BLUE;-5.90
22944;CHRISTMAS METAL POSTCARD WITH BELLS;-5.93
20983;12 PENCILS TALL TUBE RED RETROSPOT;-5.95
84575A;PINK DOG CANNISTER;-5.95
85061W;WHITE JEWELLED HEART DECORATION;-5.95
22121;NOEL WOODEN BLOCK LETTERS ;-5.95
84843;WHITE SOAP RACK WITH 2 BOTTLES;-5.95
23535;WALL ART BICYCLE SAFETY;-5.95
21382;SET/4 SPRING FLOWER DECORATION;-6.00
79000;MOROCCAN TEA GLASS;-6.05
84950;ASSORTED COLOUR T-LIGHT HOLDER;-6.10
21930;JUMBO STORAGE BAG SKULLS;-6.24
22670;FRENCH WC SIGN BLUE METAL;-6.25
20677;PINK POLKADOT BOWL;-6.25
20956;PORCELAIN T-LIGHT HOLDERS ASSORTED;-6.25
22966;GINGERBREAD MAN COOKIE CUTTER;-6.25
23565;EGG CUP MILKMAID HELGA ;-6.25
21427;SKULLS STORAGE BOX SMALL;-6.30
22441;GROW YOUR OWN BASIL IN ENAMEL MUG;-6.30
21391;FRENCH LAVENDER SCENT HEART;-6.30
72351B;SET/6 PINK  BUTTERFLY T-LIGHTS;-6.30
21012;ANTIQUE ALL GLASS CANDLESTICK;-6.30
90209C;PINK ENAMEL+GLASS HAIR COMB;-6.30
23323;WHITE WICKER STAR ;-6.30
84881;BLUE WIRE SPIRAL CANDLE HOLDER;-6.35
21071;VINTAGE BILLBOARD DRINK ME MUG;-6.36
22383;LUNCH BAG SUKI  DESIGN ;-6.40
20681;PINK POLKADOT CHILDRENS UMBRELLA;-6.50
21194;PINK  HONEYCOMB PAPER FAN;-6.50
20798;CLEAR MILKSHAKE GLASS;-6.60
82578;KITCHEN METAL SIGN;-6.60
85040B;SET/4 BLUE FLOWER CANDLES IN BOWL;-6.60
85062;PEARL CRYSTAL PUMPKIN T-LIGHT HLDR;-6.60
23209;LUNCH BAG DOILEY PATTERN ;-6.60
23273;HEART T-LIGHT HOLDER WILLIE WINKIE;-6.60
21918;SET 12 KIDS COLOUR  CHALK STICKS;-6.72
79190B;RETRO PLASTIC POLKA TRAY;-6.72
84596F;SMALL MARSHMALLOWS PINK BOWL;-6.72
84596B;SMALL DOLLY MIX DESIGN ORANGE BOWL;-6.72
85126;LARGE ROUND CUTGLASS CANDLESTICK;-6.75
21364;PEACE SMALL WOOD LETTERS;-6.75
22609;PENS ASSORTED SPACEBALL;-6.84
51008;AFGHAN SLIPPER SOCK PAIR;-6.90
22119;PEACE WOODEN BLOCK LETTERS;-6.95
21983;PACK OF 12 BLUE PAISLEY TISSUES ;-6.96
20984;12 PENCILS TALL TUBE POSY;-6.96
84926F;PSYCHEDELIC TILE COASTER;-6.96
84985A;SET OF 72 GREEN PAPER DOILIES;-7.25
21306;SET/4 DAISY MIRROR MAGNETS;-7.32
22268;DECORATION SITTING BUNNY;-7.41
23093;SMALL PARISIENNE HEART PHOTO FRAME ;-7.47
23090;VINTAGE GLASS T-LIGHT HOLDER;-7.47
22203;MILK PAN RED RETROSPOT;-7.50
22592;CARDHOLDER HOLLY WREATH METAL;-7.50
20674;GREEN POLKADOT BOWL;-7.50
22252;BIRDCAGE DECORATION TEALIGHT HOLDER;-7.50
21925;UNION STRIPE CUSHION COVER ;-7.50
21467;CHERRY CROCHET FOOD COVER;-7.50
23160;REGENCY TEA SPOON;-7.50
21469;POLKA DOT RAFFIA FOOD COVER;-7.50
23346;SPACEBOY BEAKER;-7.50
23227;FILIGREE HEART BUTTERFLY WHITE ;-7.50
90176A;CLASSIC DIAMANTE NECKLACE JET;-7.50
90176D;DIAMANTE NECKLACE PURPLE;-7.50
23330;DECORATIVE WICKER HEART MEDIUM;-7.50
22751;FELTCRAFT PRINCESS OLIVIA DOLL;-7.50
84931B;BLUE SCOTTIE DOG W FLOWER PATTERN;-7.65
21279;VINTAGE KITCHEN PRINT FRUITS;-7.65
22466;FAIRY TALE COTTAGE NIGHTLIGHT;-7.80
21880;RED RETROSPOT TAPE;-7.80
22821;GIFT BAG PSYCHEDELIC APPLES;-7.80
47594B;SCOTTIES DESIGN WASHBAG;-7.80
85032C;CURIOUS IMAGES GIFT WRAP SET;-7.80
85032D;YULETIDE IMAGES GIFT WRAP SET;-7.80
22918;HERB MARKER PARSLEY;-7.80
22916;HERB MARKER THYME;-7.80
22919;HERB MARKER MINT;-7.80
22917;HERB MARKER ROSEMARY;-7.80
22921;HERB MARKER CHIVES ;-7.80
21311;SET/4 BIRD MIRROR MAGNETS ;-7.83
22723;SET OF 6 HERB TINS SKETCHBOOK;-7.90
21359;RELAX LARGE WOOD LETTERS;-7.90
23434;3 RAFFIA RIBBONS 50'S CHRISTMAS ;-7.90
85068;CREAM SWEETHEART SHELF + HOOKS;-7.95
85135C;RED DRAGONFLY HELICOPTER;-7.95
85135B;BLUE DRAGONFLY HELICOPTER;-7.95
84600;NEW BAROQUE JEWELLERY BOX ;-7.95
85170D;SET/6 PINK BIRD T-LIGHT CANDLES;-8.00
21564;PINK  HEART SHAPE LOVE BUCKET ;-8.05
15044C;PURPLE PAPER PARASOL;-8.05
23410;CURIO CABINET LINEN AND LACE ;-8.15
22616;PACK OF 12 LONDON TISSUES ;-8.16
23054;RECYCLED ACAPULCO MAT LAVENDER;-8.25
23053;RECYCLED ACAPULCO MAT PINK;-8.25
23052;RECYCLED ACAPULCO MAT TURQUOISE;-8.25
23050;RECYCLED ACAPULCO MAT GREEN;-8.25
23066;SMALL DECO JEWELLERY STAND;-8.25
23466;TUSCAN VILLA DOVECOTE BIRD FEEDER;-8.25
23133;LARGE IVORY HEART WALL ORGANISER;-8.25
23491;VINTAGE JINGLE BELLS HEART;-8.25
23415;HOME SWEET HOME HOOK;-8.25
23544;WALL ART MID CENTURY MODERN ;-8.25
23389;SPACEBOY MINI BACKPACK;-8.30
23454;THREE MINI HANGING FRAMES;-8.30
23456;MEDIUM PARLOUR PICTURE FRAME ;-8.30
21209;MULTICOLOUR HONEYCOMB FAN;-8.33
82613D;METAL SIGN CUPCAKE SINGLE HOOK;-8.40
82613C;METAL SIGN,CUPCAKE SINGLE HOOK;-8.40
82613B;METAL SIGN,CUPCAKE SINGLE HOOK;-8.40
85054;FRENCH ENAMEL POT W LID;-8.40
21426;WOODLAND STORAGE BOX SMALL;-8.40
85186C;BUNNY EGG GARLAND;-8.40
85199L;LARGE HANGING IVORY & RED WOOD BIRD;-8.45
21987;PACK OF 6 SKULL PAPER CUPS;-8.45
22201;FRYING PAN BLUE POLKADOT;-8.50
22437;SET OF 9 BLACK SKULL BALLOONS;-8.50
84969;BOX OF 6 ASSORTED COLOUR TEASPOONS;-8.50
72803A;ROSE SCENT CANDLE JEWELLED DRAWER;-8.50
85231G;ORANGE SCENTED SET/9 T-LIGHTS;-8.50
22613;PACK OF 20 SPACEBOY NAPKINS;-8.50
23342;MINT DINER WALL CLOCK;-8.50
21408;SPOTTY PINK DUCK DOORSTOP;-8.50
21394;RED POLKADOT BEAKER ;-8.58
16259;PIECE OF CAMO STATIONERY SET;-8.64
23270;SET OF 2 CERAMIC PAINTED HEARTS ;-8.70
22981;PANTRY APPLE CORER;-8.70
23034;DRAWER KNOB CERAMIC BLACK;-8.70
22416;SET OF 36 SPACEBOY PAPER DOILIES;-8.70
22091;EMPIRE TISSUE BOX;-8.75
22258;FELT FARM ANIMAL RABBIT;-8.75
23345; DOLLY GIRL BEAKER;-8.75
22893;MINI CAKE STAND T-LIGHT HOLDER;-8.82
22359;GLASS JAR KINGS CHOICE;-8.85
21041;RED RETROSPOT OVEN GLOVE DOUBLE;-8.85
22934;BAKING MOULD EASTER EGG WHITE CHOC;-8.85
85104;SILVER GLASS T-LIGHT SET;-8.85
22183;CAKE STAND VICTORIAN FILIGREE MED;-8.95
21630;FLOOR CUSHION ELEPHANT CARNIVAL;-8.95
21373;MIRRORED WALL ART SNOWFLAKES;-9.00
22067;CHOC TRUFFLE GOLD TRINKET POT ;-9.10
84663A;GRASS HOPPER WOODEN WALL CLOCK ;-9.11
23186;FRENCH STYLE STORAGE JAR CAFE ;-9.24
21786;POLKADOT RAIN HAT ;-9.24
85064;CREAM SWEETHEART LETTER RACK;-9.30
85231B;CINAMMON SET OF 9 T-LIGHTS;-9.35
21158;MOODY GIRL DOOR HANGER ;-9.36
23376;PACK OF 12 VINTAGE CHRISTMAS TISSUE;-9.36
47504K;ENGLISH ROSE GARDEN SECATEURS;-9.48
21896;POTTING SHED TWINE;-9.75
85027L;FRENCH CHATEAU LARGE PLATTER ;-9.75
85132C;CHARLIE AND LOLA FIGURES TINS;-9.75
22472;TV DINNER TRAY DOLLY GIRL;-9.90
21246;RED RETROSPOT BIG BOWL;-9.90
90059C;DIAMANTE HAIR GRIP PACK/2 MONTANA;-9.90
90059B;DIAMANTE HAIR GRIP PACK/2 BLACK DIA;-9.90
90059A;DIAMANTE HAIR GRIP PACK/2 CRYSTAL;-9.90
90192;JADE DROP EARRINGS W FILIGREE;-9.90
90059F;DIAMANTE HAIR GRIP PACK/2 LT ROSE;-9.90
90059E;DIAMANTE HAIR GRIP PACK/2 RUBY;-9.90
90059D;DIAMANTE HAIR GRIP PACK/2 PERIDOT;-9.90
23569;TRADTIONAL ALPHABET STAMP SET;-9.90
23316;RED REFECTORY CLOCK ;-9.95
22209;WOOD STAMP SET HAPPY BIRTHDAY;-9.96
20836;FRENCH PAISLEY CUSHION COVER;-9.96
23223;CHRISTMAS TREE HANGING SILVER ;-9.96
23220;REINDEER HEART DECORATION GOLD;-9.96
85199S;SMALL HANGING IVORY/RED WOOD BIRD;-10.08
22530;MAGIC DRAWING SLATE DOLLY GIRL ;-10.08
22533;MAGIC DRAWING SLATE BAKE A CAKE ;-10.08
22718;CARD CAT AND TREE ;-10.08
21916;SET 12 RETRO WHITE CHALK STICKS;-10.08
23306;SET OF 36 DOILIES PANTRY DESIGN;-10.15
21558;SKULL LUNCH BOX WITH CUTLERY ;-10.20
79066K;RETRO MOD TRAY;-10.20
22348;TEA BAG PLATE RED RETROSPOT;-10.20
22116;METAL SIGN HIS DINNER IS SERVED;-10.20
21677;HEARTS  STICKERS;-10.20
21675;BUTTERFLIES STICKERS;-10.20
79191D;RETRO PLASTIC DAISY TRAY;-10.20
21942;SKULLS DESIGN FLANNEL;-10.20
22948;METAL DECORATION NAUGHTY CHILDREN ;-10.20
84832;ZINC WILLIE WINKIE  CANDLE STICK;-10.20
84798B;PURPLE FOXGLOVE ARTIIFCIAL FLOWER;-10.20
20840;FRENCH FLORAL CUSHION COVER ;-10.20
20838;FRENCH LATTICE CUSHION COVER ;-10.20
22132;RED LOVE HEART SHAPE CUP;-10.20
22322;BIRD DECORATION GREEN POLKADOT;-10.20
22393;PAPERWEIGHT VINTAGE COLLAGE;-10.20
21059;PARTY INVITES DINOSAURS;-10.20
21058;PARTY INVITES WOODLAND;-10.20
22523;CHILDS GARDEN FORK PINK;-10.20
22522;CHILDS GARDEN FORK BLUE ;-10.20
85017B;ENVELOPE 50 BLOSSOM IMAGES;-10.20
22491;PACK OF 12 COLOURED PENCILS;-10.20
79191B;RETRO PLASTIC POLKA TRAY;-10.20
22792;FLUTED ANTIQUE CANDLE HOLDER;-10.20
84821;DANISH ROSE DELUXE COASTER;-10.20
23367;SET 12 COLOUR PENCILS SPACEBOY ;-10.40
23511;EMBROIDERED RIBBON REEL EMILY ;-10.40
23145;ZINC T-LIGHT HOLDER STAR LARGE;-10.45
22049;WRAP CHRISTMAS SCREEN PRINT;-10.50
22712;CARD DOLLY GIRL ;-10.50
23232;WRAP VINTAGE PETALS  DESIGN;-10.50
22705;WRAP GREEN PEARS ;-10.50
23233;WRAP POPPIES  DESIGN;-10.50
22986;WRAP GINGHAM ROSE ;-10.50
22899;CHILDREN'S APRON DOLLY GIRL ;-10.50
22047;EMPIRE GIFT WRAP;-10.50
22039;BOTANICAL LILY GIFT WRAP;-10.50
21495;SKULLS AND CROSSBONES WRAP;-10.50
16161U;WRAP SUKI AND FRIENDS;-10.50
90108;BLUE BLOSSOM HAIR CLIP;-10.50
22708;WRAP DOLLY GIRL;-10.50
22706;WRAP COWBOYS  ;-10.50
22050;PINK PAISLEY ROSE GIFT WRAP;-10.50
22048;BIRTHDAY BANQUET GIFT WRAP;-10.50
16161P;WRAP ENGLISH ROSE ;-10.50
21167;WHITE SAGE INCENSE;-10.50
37503;TEA TIME CAKE STAND IN GIFT BOX;-10.75
22661;CHARLOTTE BAG DOLLY GIRL DESIGN;-10.79
35810B;ENAMEL BLUE RIM COFFEE CONTAINER;-10.79
23148;MINIATURE ANTIQUE ROSE HOOK IVORY;-10.79
23295;SET OF 12 MINI LOAF BAKING CASES;-10.79
23294;SET OF 6 SNACK LOAF BAKING CASES;-10.79
23232;WRAP VINTAGE LEAF DESIGN;-10.92
22996;TRAVEL CARD WALLET VINTAGE TICKET;-10.92
22603;CHRISTMAS RETROSPOT TREE WOOD;-11.05
22851;SET 20 NAPKINS FAIRY CAKES DESIGN ;-11.05
21878;PACK OF 6 SANDCASTLE FLAGS ASSORTED;-11.05
21455;PAINTED YELLOW WOODEN DAISY;-11.05
46138B;BLUE CHENILLE SHAGGY CUSHION COVER ;-11.05
22095;LADS ONLY TISSUE BOX;-11.06
84976;RECTANGULAR SHAPED MIRROR;-11.06
82581;TOILET METAL SIGN;-11.16
22719;GUMBALL MONOCHROME COAT RACK;-11.17
22099;CARAVAN SQUARE TISSUE BOX;-11.25
20980;36 PENCILS TUBE POSY;-11.25
20970;PINK FLORAL FELTCRAFT SHOULDER BAG;-11.25
21913;VINTAGE SEASIDE JIGSAW PUZZLES;-11.25
84952B;BLACK LOVE BIRD T-LIGHT HOLDER;-11.25
23403;LETTER HOLDER HOME SWEET HOME;-11.25
82616B;FRAPPUCINO SCARF KNITTING KIT;-11.25
23490;T-LIGHT HOLDER HANGING LOVE BIRD;-11.25
85131A;BEADED PEARL HEART WHITE ON STICK;-11.27
84970L;SINGLE HEART ZINC T-LIGHT HOLDER;-11.40
23493;VINTAGE DOILY TRAVEL SEWING KIT;-11.40
23028;DRAWER KNOB CRACKLE GLAZE BLUE;-11.55
22208;WOOD STAMP SET THANK YOU;-11.61
23182;TOILET SIGN OCCUPIED OR VACANT;-11.62
23224;CHERUB HEART DECORATION GOLD;-11.62
22575;METAL MERRY CHRISTMAS WREATH;-11.70
20886;BOX OF 9 PEBBLE CANDLES;-11.70
23039;T-LIGHT HOLDER SILVER HEART HANDLE;-11.70
22812;PACK 3 BOXES CHRISTMAS PANETTONE;-11.70
22496;SET OF 2 ROUND TINS DUTCH CHEESE;-11.80
22224;WHITE LOVEBIRD LANTERN;-11.80
90201A;PURPLE ENAMEL FLOWER RING;-11.80
84674;FLYING PIG WATERING CAN;-11.80
21794;CLASSIC FRENCH STYLE BASKET NATURAL;-11.85
90211B;JET BLACK LAS VEGAS NECKLACE 45CM;-11.90
22822;CREAM WALL PLANTER HEART SHAPED;-11.90
21756;BATH BUILDING BLOCK WORD;-11.90
85014B;RED RETROSPOT UMBRELLA;-11.90
40001;WHITE BAMBOO RIBS LAMPSHADE;-12.16
22338;STAR DECORATION PAINTED ZINC ;-12.27
85150;LADIES & GENTLEMEN METAL SIGN;-12.30
23237;SET OF 4 KNICK KNACK TINS LEAVES ;-12.45
23025;DRAWER KNOB VINTAGE GLASS BALL;-12.48
23338;EGG FRYING PAN RED ;-12.48
23074;EMBOSSED HEART TRINKET BOX;-12.48
23514;EMBROIDERED RIBBON REEL SALLY ;-12.48
23513;EMBROIDERED RIBBON REEL SUSIE ;-12.48
21114;LAVENDER SCENTED FABRIC HEART;-12.50
22685;FRENCH BLUE METAL DOOR SIGN 0;-12.50
22679;FRENCH BLUE METAL DOOR SIGN 4;-12.50
23291;DOLLY GIRL CHILDRENS CUP;-12.50
23017;APOTHECARY MEASURING JAR;-12.50
23073;GEORGIAN TRINKET BOX;-12.50
23290;SPACEBOY CHILDRENS BOWL;-12.50
23400;SHELF WITH 4 HOOKS HOME SWEET HOME;-12.50
23556;LANDMARK FRAME COVENT GARDEN ;-12.50
23065;LARGE DECO JEWELLERY STAND;-12.50
22747;POPPY'S PLAYHOUSE BATHROOM;-12.60
16237;SLEEPING CAT ERASERS;-12.60
22994;TRAVEL CARD WALLET RETROSPOT;-12.60
20795;LARGE BLUE PROVENCAL CERAMIC BALL;-12.60
47599A;PINK PARTY BAGS;-12.60
90209A;PURPLE ENAMEL+GLASS HAIR COMB;-12.60
20901;VINTAGE KEEPSAKE BOX PINK FLOWER;-12.70
90199C;5 STRAND GLASS NECKLACE CRYSTAL;-12.70
90062;CARNIVAL BRACELET;-12.75
84968D;SET OF 16 VINTAGE RED CUTLERY;-12.75
85065;CREAM SWEETHEART TRAYS;-12.75
21633;SUNFLOWER DECORATIVE PARASOL;-12.75
22165;DIAMANTE HEART SHAPED WALL MIRROR, ;-12.75
85173;SET/6 FROG PRINCE T-LIGHT CANDLES;-12.75
84030E;ENGLISH ROSE HOT WATER BOTTLE;-12.75
85163B;BLACK BAROQUE WALL CLOCK ;-12.75
22282;12 EGG HOUSE PAINTED WOOD;-12.75
72807B;SET/3 OCEAN SCENT CANDLE JEWEL BOX;-12.75
22620;4 TRADITIONAL SPINNING TOPS;-12.90
16054;POPART RECT PENCIL SHARPENER ASST;-12.96
22436;12 COLOURED PARTY BALLOONS;-13.00
84692;BOX OF 24 COCKTAIL PARASOLS;-13.02
22644;CERAMIC CHERRY CAKE MONEY BANK;-13.05
23035;DRAWER KNOB CERAMIC IVORY;-13.05
23374;RED SPOT PAPER GIFT BAG;-13.12
23431;NATURAL HANGING QUILTED HEARTS ;-13.28
90204;PAIR OF ENAMEL BUTTERFLY HAIRCLIP;-13.40
84536A;ENGLISH ROSE NOTEBOOK A7 SIZE;-13.44
22825;DECORATIVE PLANT POT WITH FRIEZE;-13.50
21110;LARGE CAKE TOWEL PINK SPOTS;-13.50
21243;PINK  POLKADOT PLATE ;-13.52
22230;JIGSAW TREE WITH WATERING CAN;-13.53
21326;AGED GLASS SILVER T-LIGHT HOLDER;-13.65
90058B;CRYSTAL STUD EARRINGS ASSORTED COL ;-13.68
90058A;CRYSTAL STUD EARRINGS CLEAR DISPLAY;-13.68
22678;FRENCH BLUE METAL DOOR SIGN 3;-13.75
22676;FRENCH BLUE METAL DOOR SIGN 1;-13.75
22677;FRENCH BLUE METAL DOOR SIGN 2;-13.75
22682;FRENCH BLUE METAL DOOR SIGN 7;-13.75
21129;SILVER FISHING GNOME ;-13.90
37501;TEA TIME TEA SET IN GIFT BOX;-13.90
90050;CRACKED GLAZE NECKLACE IVORY;-13.90
85230G;ORANGE VOTIVE CANDLE;-13.92
21090;SET/6 COLLAGE PAPER PLATES;-14.04
23380;PACK OF 12 VINTAGE DOILY TISSUES;-14.04
85174;S/4 CACTI CANDLES;-14.15
22046;TEA PARTY  WRAPPING PAPER ;-14.28
22614;PACK OF 12 SPACEBOY TISSUES;-14.43
21080;SET/20 RED RETROSPOT PAPER NAPKINS ;-14.45
23178;JAM CLOCK MAGNET;-14.45
23236;DOILEY STORAGE TIN;-14.45
23241;TREASURE TIN GYMKHANA DESIGN;-14.56
72760B;VINTAGE CREAM 3 BASKET CAKE STAND;-14.60
22187;GREEN CHRISTMAS TREE CARD HOLDER;-14.70
21320;GLASS CHALICE GREEN  LARGE ;-14.70
71279;PINK GLASS CANDLEHOLDER;-14.75
21424;WOODLAND STORAGE BOX LARGE ;-14.75
22681;FRENCH BLUE METAL DOOR SIGN 6;-14.81
22854;CREAM SWEETHEART EGG HOLDER;-14.85
85042;ANTIQUE LILY FAIRY LIGHTS;-14.85
85232D;SET/3 DECOUPAGE STACKING TINS;-14.85
85232A;SET/3 POLKADOT STACKING TINS;-14.85
22182;CAKE STAND VICTORIAN FILIGREE SMALL;-14.85
21682;LARGE MEDINA STAMPED METAL BOWL ;-14.85
23114;VINTAGE LEAF CHOPPING BOARD  ;-14.85
22336;DOVE DECORATION PAINTED ZINC ;-14.95
21066;VINTAGE RED MUG;-15.00
20675;BLUE POLKADOT BOWL;-15.00
85049A;TRADITIONAL CHRISTMAS RIBBONS;-15.00
72815;3 WICK CHRISTMAS BRIAR CANDLE ;-15.00
22093;MOTORING TISSUE BOX;-15.00
22403;MAGNETS PACK OF 4 VINTAGE LABELS ;-15.00
22402;MAGNETS PACK OF 4 VINTAGE COLLAGE;-15.00
22396;MAGNETS PACK OF 4 RETRO PHOTO;-15.00
21224;SET/4 SKULL BADGES;-15.00
21745;GAOLERS KEYS DECORATIVE GARDEN ;-15.00
21471;STRAWBERRY RAFFIA FOOD COVER;-15.00
21747;SMALL SKULL WINDMILL;-15.00
22855;FINE WICKER HEART ;-15.00
22683;FRENCH BLUE METAL DOOR SIGN 8;-15.00
22673;FRENCH GARDEN SIGN BLUE METAL;-15.00
85169C;EAU DE NIL LOVE BIRD CANDLE;-15.00
85169A;IVORY LOVE BIRD CANDLE;-15.00
20658;RED RETROSPOT LUGGAGE TAG;-15.00
23444;Next Day Carriage;-15.00
22435;SET OF 9 HEART SHAPED BALLOONS;-15.00
22200;FRYING PAN PINK POLKADOT;-15.00
21643;ASSORTED TUTTI FRUTTI MIRROR;-15.00
21991;BOHEMIAN COLLAGE STATIONERY SET;-15.00
23574;PACKING CHARGE;-15.00
23153;ZINC SWEETHEART WIRE LETTER RACK;-15.00
90143;SILVER BRACELET W PASTEL FLOWER;-15.00
23396;LE JARDIN BOTANIQUE CUSHION COVER;-15.00
23412;HEART MIRROR ANTIQUE WHITE;-15.00
23333;IVORY WICKER HEART MEDIUM;-15.00
90022;EDWARDIAN DROP EARRINGS JET BLACK;-15.00
90003E;GREEN PAIR HEART HAIR SLIDES;-15.00
90003D;CRYSTAL PAIR HEART HAIR SLIDES;-15.00
90003C;MIDNIGHT BLUE PAIR HEART HAIR SLIDE;-15.00
90003B;ROSE COLOUR PAIR HEART HAIR SLIDES;-15.00
23289;DOLLY GIRL CHILDRENS BOWL;-15.00
22619;SET OF 6 SOLDIER SKITTLES;-15.00
23352;ROLL WRAP 50'S RED CHRISTMAS ;-15.00
21993;FLORAL FOLK STATIONERY SET;-15.00
23161;REGENCY CAKE FORK;-15.00
23213;STAR WREATH DECORATION WITH BELL;-15.00
23266;SET OF 3 WOODEN STOCKING DECORATION;-15.00
21990;MODERN FLORAL STATIONERY SET;-15.00
84997D;CHILDRENS CUTLERY POLKADOT PINK;-15.00
21519;GIN & TONIC DIET GREETING CARD ;-15.12
21801;CHRISTMAS TREE DECORATION WITH BELL;-15.12
72586;SET OF 6 HALLOWEEN GHOST T-LIGHTS;-15.12
23288;GREEN VINTAGE SPOT BEAKER;-15.17
21136;PAINTED METAL PEARS ASSORTED;-15.21
22394;PAPERWEIGHT KINGS CHOICE ;-15.30
84508B;STRIPES DESIGN TEDDY;-15.30
85124B;BLUE JUICY FRUIT PHOTO FRAME;-15.30
90098;NECKLACE+BRACELET PINK BUTTERFLY;-15.30
84461;12 PINK HEN+CHICKS IN BASKET;-15.30
22345;PARTY PIZZA DISH BLUE POLKADOT;-15.30
22343;PARTY PIZZA DISH RED RETROSPOT;-15.30
90208;PAIR OF PINK FLOWER CLUSTER SLIDE;-15.30
90169;DAISY HAIR COMB;-15.30
90118;PINK DAISY BAG CHARM;-15.30
90101;WHITE FRANGIPANI NECKLACE;-15.30
21285;RETROSPOT CANDLE  MEDIUM;-15.60
21459;YELLOW EASTER EGG HUNT START POST;-15.60
22431;WATERING CAN BLUE ELEPHANT;-15.60
21264;WHITE GOOSE FEATHER TREE 60CM ;-15.60
47469;ASSORTED SHAPES PHOTO CLIP SILVER ;-15.60
21577;SAVE THE PLANET COTTON TOTE BAG;-15.75
22365;DOORMAT RESPECTABLE HOUSE;-15.90
48111;DOORMAT 3 SMILEY CATS;-15.90
22443;GROW YOUR OWN HERBS SET OF 3;-15.90
22142;CHRISTMAS CRAFT WHITE FAIRY ;-15.95
21976;PACK OF 60 MUSHROOM CAKE CASES;-15.95
21208;PASTEL COLOUR HONEYCOMB FAN;-15.99
72802A;ROSE SCENT CANDLE IN JEWELLED BOX;-16.12
20981;12 PENCILS TALL TUBE WOODLAND;-16.15
22414;DOORMAT NEIGHBOURHOOD WITCH ;-16.20
21892;TRADITIONAL WOODEN CATCH CUP GAME ;-16.25
85118;HEART T-LIGHT HOLDER;-16.25
22684;FRENCH BLUE METAL DOOR SIGN 9;-16.25
22674;FRENCH TOILET SIGN BLUE METAL;-16.25
22805;BLUE DRAWER KNOB ACRYLIC EDWARDIAN;-16.25
23428;IVORY RETRO KITCHEN WALL CLOCK;-16.30
23000;TRAVEL CARD WALLET TRANSPORT;-16.38
23187;FRENCH STYLE STORAGE JAR BONBONS;-16.49
20856;DENIM PATCH PURSE PINK BUTTERFLY;-16.50
23051;RECYCLED ACAPULCO MAT BLUE;-16.50
22858;EASTER TIN KEEPSAKE;-16.50
22081;RIBBON REEL FLORA + FAUNA ;-16.50
22739;RIBBON REEL CHRISTMAS SOCK BAUBLE;-16.50
23541;WALL ART CLASSIC PUDDINGS ;-16.50
22080;RIBBON REEL POLKADOTS ;-16.50
21934;SKULL SHOULDER BAG;-16.50
23583;LUNCH BAG PAISLEY PARK  ;-16.50
23445;ICE CREAM BUBBLES;-16.60
23469;CARD HOLDER LOVE BIRD SMALL;-16.60
23461;SWEETHEART BIRD HOUSE;-16.60
21318;GLASS CHALICE BLUE SMALL ;-16.71
79160;HEART SHAPE WIRELESS DOORBELL;-16.80
21749;LARGE RED RETROSPOT WINDMILL;-16.80
22339;CHRISTMAS TREE PAINTED ZINC ;-16.93
23244;ROUND STORAGE TIN VINTAGE LEAF;-16.95
22184;CAKE STAND VICTORIAN FILIGREE LARGE;-17.00
84840;SWEETHEART CARRY-ALL BASKET;-17.00
84819;DANISH ROSE ROUND SEWING BOX;-17.00
22215;CAKE STAND WHITE TWO TIER LACE;-17.00
22248;DECORATION  PINK CHICK MAGIC GARDEN;-17.00
21789;KIDS RAIN MAC PINK;-17.00
22194;BLACK DINER WALL CLOCK;-17.00
22374;AIRLINE BAG VINTAGE JET SET RED;-17.00
84609;TALL ROCOCO CANDLE HOLDER;-17.00
90024B;NEW BAROQUE B'FLY NECKLACE RED;-17.00
23426;METAL SIGN DROP YOUR PANTS;-17.34
23518;EMBROIDERED RIBBON REEL RACHEL ;-17.34
21984;PACK OF 12 PINK PAISLEY TISSUES ;-17.40
23138;SINGLE WIRE HOOK IVORY HEART;-17.40
22647;CERAMIC LOVE HEART MONEY BANK;-17.40
23268;SET OF 2 CERAMIC CHRISTMAS REINDEER;-17.40
22949;36 DOILIES DOLLY GIRL;-17.40
23497;CLASSIC CHROME BICYCLE BELL ;-17.40
23139;SINGLE WIRE HOOK PINK HEART;-17.40
22340;NOEL GARLAND PAINTED ZINC ;-17.40
23425;STORAGE TIN HOME SWEET HOME;-17.43
85049G;CHOCOLATE BOX RIBBONS ;-17.50
21926;RED/CREAM STRIPE CUSHION COVER ;-17.50
22731;3D CHRISTMAS STAMPS STICKERS ;-17.50
47594A;CAROUSEL DESIGN WASHBAG;-17.55
72799E;IVORY PILLAR CANDLE SILVER FLOCK;-17.70
22911;PAPER CHAIN KIT LONDON;-17.70
22895;SET OF 2 TEA TOWELS APPLE AND PEARS;-17.70
22743;MAKE YOUR OWN FLOWERPOWER CARD KIT;-17.70
22063;CERAMIC BOWL WITH STRAWBERRY DESIGN;-17.70
20898;VINTAGE NOTEBOOK TRAVELOGUE;-17.70
21164;HOME SWEET HOME METAL SIGN ;-17.70
22495;SET OF 2 ROUND TINS CAMEMBERT ;-17.70
90201C;RED ENAMEL FLOWER RING;-17.70
90202D;PINK ENAMEL FLOWER HAIR TIE;-17.70
90202C;GREEN ENAMEL FLOWER HAIR TIE;-17.70
90202B;WHITE ENAMEL FLOWER HAIR TIE;-17.70
90202A;PURPLE ENAMEL FLOWER HAIR TIE;-17.70
90183A;AMBER DROP EARRINGS W LONG BEADS;-17.70
90182C;BLACK 3 BEAD DROP EARRINGS;-17.70
90177E;DROP DIAMANTE EARRINGS GREEN;-17.70
90177D;DROP DIAMANTE EARRINGS PURPLE;-17.70
90177C;DROP DIAMANTE EARRINGS CRYSTAL;-17.70
90177A;CLASSIC DIAMANTE EARRINGS JET;-17.70
90168;2 DAISIES HAIR COMB;-17.70
23597;PAPER BUNTING PAISLEY PARK;-17.70
21872;GLAMOROUS  MUG;-17.72
21239;PINK  POLKADOT CUP;-17.85
84507C;BLUE CIRCLES DESIGN MONKEY DOLL;-17.85
78033;FLAG OF ST GEORGE CHAIR;-17.85
90070;RUBY GLASS CLUSTER BRACELET;-17.85
22276;WASH BAG VINTAGE ROSE PAISLEY;-17.85
21056;DOCTOR'S BAG SOFT TOY;-17.90
22544;MINI JIGSAW SPACEBOY;-18.06
22243;5 HOOK HANGER RED MAGIC TOADSTOOL;-18.15
35957;SMALLFOLKART BAUBLE CHRISTMAS DEC;-18.24
85047;WHITE BEADED GARLAND STRING 20LIGHT;-18.25
85194S;HANGING SPRING FLOWER EGG SMALL;-18.39
21890;S/6 WOODEN SKITTLES IN COTTON BAG;-18.40
22377;BOTTLE BAG RETROSPOT ;-18.45
21788;KIDS RAIN MAC BLUE;-18.50
84422;PINK/BLUE DISC/MIRROR STRING;-18.72
21811;HANGING HEART WITH BELL;-18.72
21470;FLOWER VINE RAFFIA FOOD COVER;-18.75
85049E;SCANDINAVIAN REDS RIBBONS;-18.75
21746;SMALL RED RETROSPOT WINDMILL;-18.75
22204;MILK PAN BLUE POLKADOT;-18.75
23087;ZINC  HEART T-LIGHT HOLDER;-18.75
23423;PANTRY 3 HOOK ROLLING PIN HANGER;-18.75
23265;SET OF 3 WOODEN TREE DECORATIONS;-18.75
23406;HOME SWEET HOME KEY HOLDER;-18.75
23401;RUSTIC MIRROR WITH LACE HEART;-18.75
23436;VINTAGE CHRISTMAS GIFT BAG LARGE ;-18.75
84988;SET OF 72 PINK HEART PAPER DOILIES;-18.85
21172;PARTY METAL SIGN ;-18.85
23196;VINTAGE LEAF MAGNETIC NOTEPAD;-18.85
84951A;SET OF 4 PISTACHIO LOVEBIRD COASTER;-18.96
35965;FOLKART HEART NAPKIN RINGS;-18.96
20985;HEART CALCULATOR;-19.43
22468;BABUSHKA LIGHTS STRING OF 10;-19.45
22853;CAT BOWL VINTAGE CREAM;-19.50
23142;IVORY WIRE KITCHEN ORGANISER;-19.55
22163;HEART STRING MEMO HOLDER HANGING;-19.75
22295;HEART FILIGREE DOVE LARGE;-19.80
21911;GARDEN METAL SIGN ;-19.80
22075;6 RIBBONS ELEGANT CHRISTMAS ;-19.80
22074;6 RIBBONS SHIMMERING PINKS ;-19.80
85045;GREEN CHRISTMAS TREE STRING 20LIGHT;-19.80
22913;RED COAT RACK PARIS FASHION;-19.80
90170;DAISY HAIR BAND;-19.80
35651;VINTAGE BEAD PINK SCARF ;-19.80
70007;HI TEC ALPINE HAND WARMER;-19.80
22774;RED DRAWER KNOB ACRYLIC EDWARDIAN;-19.81
22221;CAKE STAND LOVEBIRD 2 TIER PINK;-19.90
90147;CHUNKY SILVER NECKLACE PASTEL FLOWE;-19.90
21784;SHOE SHINE BOX ;-19.90
23353;6 GIFT TAGS VINTAGE CHRISTMAS ;-19.92
23222;CHRISTMAS TREE HANGING GOLD;-19.92
21034;REX CASH+CARRY JUMBO SHOPPER;-19.95
23016;GLASS TWIST BON BON JAR;-19.95
22251;BIRDHOUSE DECORATION MAGIC GARDEN;-20.00
23086;ZINC  STAR T-LIGHT HOLDER ;-20.00
23372;SET 36 COLOUR PENCILS DOLLY GIRL;-20.00
20978;36 PENCILS TUBE SKULLS;-20.00
20802;SMALL GLASS SUNDAE DISH CLEAR;-20.07
22449;SILK PURSE BABUSHKA PINK;-20.10
21830;ASSORTED CREEPY CRAWLIES;-20.16
84536B;FAIRY CAKES NOTEBOOK A7 SIZE;-20.16
22537;MAGIC DRAWING SLATE DINOSAUR;-20.16
22535;MAGIC DRAWING SLATE BUNNIES ;-20.16
21199;PINK  HEART CONFETTI IN TUBE;-20.16
22155;STAR DECORATION RUSTIC;-20.16
84970S;HANGING HEART ZINC T-LIGHT HOLDER;-20.20
21165;BEWARE OF THE CAT METAL SIGN ;-20.28
21716;BOYS VINTAGE TIN SEASIDE BUCKET;-20.40
22599;CHRISTMAS MUSICAL ZINC STAR;-20.40
22995;TRAVEL CARD WALLET SUKI;-20.58
22274;FELTCRAFT DOLL EMILY;-20.65
22311;OFFICE MUG WARMER BLACK+SILVER ;-20.65
22318;FIVE HEART HANGING DECORATION;-20.65
90201B;BLACK ENAMEL FLOWER RING;-20.65
35648;VINTAGE BEAD PINK PURSE ;-20.75
85034A;3 GARDENIA MORRIS BOXED CANDLES;-20.75
22428;ENAMEL FIRE BUCKET CREAM;-20.85
22711;WRAP CIRCUS PARADE;-21.00
22710;WRAP I LOVE LONDON ;-21.00
22052;VINTAGE CARAVAN GIFT WRAP;-21.00
21498;RED RETROSPOT WRAP ;-21.00
22704;WRAP RED APPLES ;-21.00
35971;ROSE FOLKART HEART DECORATIONS;-21.25
22852;DOG BOWL VINTAGE CREAM;-21.25
22663;JUMBO BAG DOLLY GIRL DESIGN;-21.45
22068;BLACK PIRATE TREASURE CHEST;-21.45
22150;3 STRIPEY MICE FELTCRAFT;-21.45
22284;HEN HOUSE DECORATION;-21.45
23188;VINTAGE  2 METER FOLDING RULER;-21.45
22736;RIBBON REEL MAKING SNOWMEN ;-21.45
23147;SINGLE ANTIQUE ROSE HOOK IVORY;-21.75
84987;SET OF 36 TEATIME PAPER DOILIES;-21.75
22065;CHRISTMAS PUDDING TRINKET POT ;-22.02
22219;LOVEBIRD HANGING DECORATION WHITE ;-22.10
15039;SANDALWOOD FAN;-22.10
23119;PACK OF 6 LARGE FRUIT STRAWS ;-22.32
21579;LOLITA  DESIGN  COTTON TOTE BAG;-22.50
85059;FRENCH ENAMEL WATER BASIN;-22.50
22750;FELTCRAFT PRINCESS LOLA DOLL;-22.50
84997B;CHILDRENS CUTLERY RETROSPOT RED ;-22.50
23525;WALL ART BUFFALO BILL ;-22.50
23524;WALL ART HORSE & PONY ;-22.50
23523;WALL ART TREASURE AHOY ;-22.50
21829;DINOSAUR KEYRINGS ASSORTED;-22.68
84050;PINK HEART SHAPE EGG FRYING PAN;-22.70
84997C;CHILDRENS CUTLERY POLKADOT BLUE;-22.90
23427;STOOL HOME SWEET HOME ;-22.90
22181;SNOWSTORM PHOTO FRAME FRIDGE MAGNET;-22.95
20794;BLUE  TILE HOOK;-22.95
23132;SMALL IVORY HEART WALL ORGANISER;-23.00
20854;BLUE PATCH PURSE PINK HEART;-23.10
84625A;PINK NEW BAROQUECANDLESTICK CANDLE;-23.30
22246;MAGIC GARDEN FELT GARLAND ;-23.40
22454;MEASURING TAPE BABUSHKA RED;-23.60
22358;KINGS CHOICE TEA CADDY ;-23.60
22271;FELTCRAFT DOLL ROSIE;-23.60
22744;MAKE YOUR OWN MONSOON CARD KIT;-23.60
21313;GLASS HEART T-LIGHT HOLDER ;-23.62
23013;GLASS APOTHECARY BOTTLE TONIC;-23.70
84946;ANTIQUE SILVER TEA GLASS ETCHED;-23.75
22460;EMBOSSED GLASS TEALIGHT HOLDER;-23.75
21755;LOVE BUILDING BLOCK WORD;-23.80
22600;CHRISTMAS RETROSPOT STAR WOOD;-23.80
22499;WOODEN UNION JACK BUNTING;-23.80
85194L;HANGING SPRING FLOWER EGG LARGE;-23.80
84687;BEACH HUT SHELF W 3 DRAWERS;-23.80
84820;DANISH ROSE TRINKET TRAYS;-23.80
23536;WALL ART VILLAGE SHOW ;-23.80
84631;FRUIT TREE AND BIRDS WALL PLAQUE;-23.85
22692;DOORMAT WELCOME TO OUR HOME;-23.85
48194;DOORMAT HEARTS;-23.85
22166;WALL MIRROR RECTANGLE DIAMANTE PINK;-23.85
37447;CERAMIC CAKE DESIGN SPOTTED PLATE;-23.89
20801;LARGE PINK GLASS SUNDAE DISH;-24.00
22196;SMALL HEART MEASURING SPOONS;-24.13
48116;DOORMAT MULTICOLOUR STRIPE;-24.15
22691;DOORMAT WELCOME SUNRISE;-24.15
22645;CERAMIC HEART FAIRY CAKE MONEY BANK;-24.45
22860;EASTER TIN CHICKS PINK DAISY;-24.75
20857;BLUE ROSE PATCH PURSE PINK BUTTERFL;-24.75
22652;TRAVEL SEWING KIT;-24.75
22505;MEMO BOARD COTTAGE DESIGN;-24.75
22914;BLUE COAT RACK PARIS FASHION;-24.75
23049;RECYCLED ACAPULCO MAT RED;-24.75
85127;SMALL SQUARE CUT GLASS CANDLESTICK;-24.75
37500;TEA TIME TEAPOT IN GIFT BOX;-24.85
23131;MISTLETOE HEART WREATH CREAM;-24.90
22764;RUSTIC WOODEN CABINET, GLASS DOORS;-24.95
23335;EGG FRYING PAN IVORY ;-24.96
21289;LARGE STRIPES CHOCOLATE GIFT BAG;-25.00
21714;CITRONELLA CANDLE GARDEN POT;-25.00
23094;LE GRAND TRAY CHIC SET;-25.00
47503A;ASS FLORAL PRINT MULTI SCREWDRIVER;-25.08
22664;TOY TIDY DOLLY GIRL DESIGN;-25.20
22746;POPPY'S PLAYHOUSE LIVINGROOM ;-25.20
22417;PACK OF 60 SPACEBOY CAKE CASES;-25.30
21244;BLUE POLKADOT PLATE ;-25.35
22900; SET 2 TEA TOWELS I LOVE LONDON ;-25.40
21411;GINGHAM HEART  DOORSTOP RED;-25.50
85036B;CHOCOLATE 1 WICK MORRIS BOX CANDLE;-25.50
85035A;GARDENIA 3 WICK MORRIS BOXED CANDLE;-25.50
90148;LONG SILVER NECKLACE PASTEL FLOWER;-25.50
90185A;AMBER DIAMANTE EXPANDABLE RING;-25.50
82001S;VINYL RECORD FRAME SILVER;-25.53
23089;GLASS BON BON JAR;-25.65
22270;HAPPY EASTER HANGING DECORATION;-25.89
72818;CHRISTMAS DECOUPAGE CANDLE;-25.92
23483;HANGING  BUTTERFLY T-LIGHT HOLDER;-26.24
22856;ASSORTED EASTER DECORATIONS  BELLS;-26.25
84279B;CHERRY BLOSSOM DECORATIVE FLASK;-26.25
23152;IVORY SWEETHEART WIRE LETTER RACK ;-26.25
23292;SPACEBOY CHILDRENS CUP;-26.25
23395;BELLE JARDINIERE CUSHION COVER;-26.25
23409;PHOTO FRAME LINEN AND LACE LARGE;-26.25
23527;WALL ART ANIMALS AND NATURE ;-26.25
22672;FRENCH BATHROOM SIGN BLUE METAL;-26.40
21213;PACK OF 72 SKULL CAKE CASES;-26.40
23660;HENRIETTA HEN MUG ;-26.40
21743;STAR PORTABLE TABLE LIGHT ;-26.55
23293;SET OF 12 FAIRY CAKE BAKING CASES;-26.56
21349;IVY HEART WREATH;-27.00
21581;SKULLS  DESIGN  COTTON TOTE BAG;-27.00
84849A;HELLO SAILOR BLUE SOAP HOLDER;-27.04
71038;WHITE HANGING BEADS CANDLE HOLDER;-27.25
22745;POPPY'S PLAYHOUSE BEDROOM ;-27.30
21903;MAN FLU METAL SIGN;-27.30
22432;WATERING CAN PINK BUNNY;-27.30
84375;SET OF 20 KIDS COOKIE CUTTERS;-27.30
21907;I'M ON HOLIDAY METAL SIGN;-27.30
23149;ANTIQUE IVORY WIRE BOWL SMALL;-27.39
20676;RED RETROSPOT BOWL;-27.50
20717;STRAWBERRY SHOPPER BAG;-27.50
21232;STRAWBERRY CERAMIC TRINKET POT;-27.50
21874;GIN AND TONIC MUG;-27.71
37370;RETRO COFFEE MUGS ASSORTED;-27.80
20704;MR ROBOT SOFT TOY;-27.80
85180A;RED HEARTS LIGHT CHAIN ;-27.90
21899;KEY FOB , GARAGE DESIGN;-27.95
22329;ROUND CONTAINER SET OF 5 RETROSPOT;-28.05
22662;LUNCH BAG DOLLY GIRL DESIGN;-28.05
85040A;S/4 PINK FLOWER CANDLES IN BOWL;-28.05
22466;FAIRY TALE COTTAGE NIGHT LIGHT;-28.05
20803;SMALL PINK GLASS SUNDAE DISH;-28.56
22306;SILVER MUG BONE CHINA TREE OF LIFE;-28.70
22597;MUSICAL ZINC HEART DECORATION ;-28.90
23026;DRAWER KNOB VINTAGE GLASS STAR;-29.12
23408;PHOTO FRAME LINEN AND LACE SMALL;-29.12
21169;YOU'RE CONFUSING ME METAL SIGN ;-29.22
22148;EASTER CRAFT 4 CHICKS ;-29.25
22812;PACK 3 BOXES CHRISTMAS PANNETONE;-29.25
21067;VINTAGE RED TEATIME MUG;-29.38
22153;ANGEL DECORATION STARS ON DRESS;-29.40
22964;3 PIECE SPACEBOY COOKIE CUTTER SET;-29.40
20932;PINK POT PLANT CANDLE;-29.50
23328;SET 6 SCHOOL MILK BOTTLES IN CRATE;-29.64
22278;OVERNIGHT BAG VINTAGE ROSE PAISLEY;-29.70
22912;YELLOW COAT RACK PARIS FASHION;-29.70
22425;ENAMEL COLANDER CREAM;-29.70
21770;OPEN CLOSED METAL SIGN;-29.70
23325;RUSTIC STRAWBERRY JAM POT SMALL;-29.70
20703;BLUE PADDED SOFT MOBILE;-29.75
21624;VINTAGE UNION JACK DOORSTOP;-29.75
21344;MOROCCAN BEATEN METAL DISH;-29.85
21667;GLASS CAKE COVER AND PLATE;-29.90
21628;TRIANGULAR POUFFE VINTAGE ;-29.90
35953;FOLKART STAR CHRISTMAS DECORATIONS;-30.00
22686;FRENCH BLUE METAL DOOR SIGN No;-30.00
72817;SET OF 2 CHRISTMAS DECOUPAGE CANDLE;-30.00
72816;SET/3 CHRISTMAS DECOUPAGE CANDLES;-30.00
20972;PINK CREAM FELT CRAFT TRINKET BOX ;-30.00
22399;MAGNETS PACK OF 4 CHILDHOOD MEMORY;-30.00
23183;MOTHER'S KITCHEN SPOON REST ;-30.00
22982;PANTRY PASTRY BRUSH;-30.00
22550;HOLIDAY FUN LUDO;-30.00
23299;FOOD COVER WITH BEADS SET 2 ;-30.00
23211;RED ROCKING HORSE HAND PAINTED;-30.00
90013A;MIDNIGHT BLUE VINTAGE EARRINGS;-30.00
21123;SET/10 IVORY POLKADOT PARTY CANDLES;-30.00
23349;ROLL WRAP VINTAGE CHRISTMAS;-30.00
23350;ROLL WRAP VINTAGE SPOT ;-30.00
84828;JUNGLE POPSICLES ICE LOLLY MOULDS;-30.00
22098;BOUDOIR SQUARE TISSUE BOX;-30.11
23120;PACK OF 6 SMALL FRUIT STRAWS;-30.24
21240;BLUE POLKADOT CUP;-30.34
21284;RETROSPOT CANDLE  SMALL;-30.36
47580;TEA TIME DES TEA COSY;-30.60
84798A;PINK FOXGLOVE ARTIIFCIAL FLOWER;-30.60
22302;COFFEE MUG PEARS  DESIGN;-30.60
21039;RED RETROSPOT SHOPPING BAG;-30.60
21700;BIG DOUGHNUT FRIDGE MAGNETS;-30.60
90174;BUTTERFLY HAIR BAND;-30.60
22582;PACK OF 6 SWEETIE GIFT BOXES;-30.60
22596;CHRISTMAS STAR WISH LIST CHALKBOARD;-30.72
22244;3 HOOK HANGER MAGIC GARDEN;-31.20
21644;ASSORTED TUTTI FRUTTI HEART BOX;-31.25
22700;BLACK AND WHITE DOG BOWL;-31.30
23230;WRAP ALPHABET DESIGN;-31.50
22045;SPACEBOY GIFT WRAP;-31.50
22189;CREAM HEART CARD HOLDER;-31.60
21705;BAG 500g SWIRLY MARBLES;-31.60
23012;GLASS APOTHECARY BOTTLE PERFUME;-31.60
48187;DOORMAT NEW ENGLAND;-31.80
22283;6 EGG HOUSE PAINTED WOOD;-31.80
23253;16 PIECE CUTLERY SET PANTRY DESIGN;-31.90
22263;FELT EGG COSY LADYBIRD ;-32.34
21713;CITRONELLA CANDLE FLOWERPOT;-32.35
84247K;FOLK ART GREETING CARD,pack/12;-32.45
22162;HEART GARLAND RUSTIC PADDED;-32.45
21889;WOODEN BOX OF DOMINOES;-32.50
21870;I CAN ONLY PLEASE ONE PERSON MUG;-32.50
22567;20 DOLLY PEGS RETROSPOT;-32.70
23006;TRAVEL CARD WALLET FLOWER MEADOW;-32.76
22997;TRAVEL CARD WALLET UNION JACK;-32.76
22974;CHILDRENS DOLLY GIRL MUG;-33.00
22082;RIBBON REEL STRIPES DESIGN ;-33.00
23181;BULL DOG BOTTLE TOP WALL CLOCK;-33.00
23031;DRAWER KNOB CRACKLE GLAZE PINK;-33.00
23661;MILK MAIDS MUG ;-33.00
21586;KINGS CHOICE GIANT TUBE MATCHES;-33.15
22300;COFFEE MUG DOG + BALL DESIGN;-33.15
22937;BAKING MOULD CHOCOLATE CUPCAKES;-33.15
22233;JIGSAW RABBIT AND BIRDHOUSE;-33.59
22141;CHRISTMAS CRAFT TREE TOP ANGEL;-33.60
22970;LONDON BUS COFFEE MUG;-33.60
20793;BLUE TILED TRAY;-33.75
22675;FRENCH KITCHEN SIGN BLUE METAL;-33.75
84509A;SET OF 4 ENGLISH ROSE PLACEMATS;-33.75
23296;SET OF 6 TEA TIME BAKING CASES;-33.75
22507;MEMO BOARD RETROSPOT  DESIGN;-33.95
22199;FRYING PAN RED RETROSPOT;-34.00
22602;RETROSPOT WOODEN HEART DECORATION;-34.00
85172;HYACINTH BULB T-LIGHT CANDLES;-34.02
21042;RED RETROSPOT APRON ;-34.40
21933;PINK VINTAGE PAISLEY PICNIC BAG;-34.45
22555;PLASTERS IN TIN STRONGMAN;-34.65
23128;FELTCRAFT BOY JEAN-PAUL KIT;-34.65
21197;MULTICOLOUR  CONFETTI IN TUBE;-34.65
21813;GARLAND WITH STARS AND BELLS;-34.65
23106;ZINC HEARTS PLANT POT HOLDER;-34.68
22291;HANGING CHICK CREAM DECORATION;-34.80
21824;PAINTED METAL STAR WITH HOLLY BELLS;-34.80
21875;KINGS CHOICE MUG;-35.00
22361;GLASS JAR DAISY FRESH COTTON WOOL;-35.00
23076;ICE CREAM SUNDAE LIP GLOSS;-35.00
22775;PURPLE DRAWERKNOB ACRYLIC EDWARDIAN;-35.00
22434;BALLOON PUMP WITH 10 BALLOONS;-35.10
84799;SPRIG LAVENDER ARTIFICIAL FLOWER;-35.16
21559;STRAWBERRY LUNCH BOX WITH CUTLERY;-35.25
20897;VINTAGE NOTEBOOK PARIS DAYS;-35.40
22804;CANDLEHOLDER PINK HANGING HEART;-35.40
21696;SMALL SILVER TRELLIS CANDLEPOT;-35.40
23014;GLASS APOTHECARY BOTTLE ELIXIR;-35.55
22748;POPPY'S PLAYHOUSE KITCHEN;-35.70
85014A;BLACK/BLUE POLKADOT UMBRELLA;-35.70
22928;YELLOW GIANT GARDEN THERMOMETER;-35.70
22584;PACK OF 6 PANETTONE GIFT BOXES;-35.70
22059;CERAMIC STRAWBERRY DESIGN MUG;-35.76
22824;3 TIER SWEETHEART GARDEN SHELF;-35.95
21975;PACK OF 60 DINOSAUR CAKE CASES;-36.06
72741;GRAND CHOCOLATECANDLE;-36.25
23197;SKETCHBOOK MAGNETIC SHOPPING LIST;-36.25
22973;CHILDREN'S CIRCUS PARADE MUG;-36.30
21531;RED RETROSPOT SUGAR JAM BOWL;-36.45
23144;ZINC T-LIGHT HOLDER STARS SMALL;-36.52
21703;BAG 125g SWIRLY MARBLES;-36.54
22607;WOODEN ROUNDERS GARDEN SET ;-36.90
22197;SMALL POPCORN HOLDER;-37.14
84849D;HOT BATHS SOAP HOLDER;-37.18
84766;SILVER ROCOCO CANDLE STICK;-37.25
15058A;BLUE POLKADOT GARDEN PARASOL;-37.35
15058B;PINK POLKADOT GARDEN PARASOL;-37.35
23255;CHILDRENS CUTLERY CIRCUS PARADE;-37.35
23130;MISTLETOE HEART WREATH GREEN;-37.35
22680;FRENCH BLUE METAL DOOR SIGN 5;-37.50
47559B;TEA TIME OVEN GLOVE;-37.50
22800;ANTIQUE TALL SWIRLGLASS TRINKET POT;-37.50
22771;CLEAR DRAWER KNOB ACRYLIC EDWARDIAN;-37.50
23459;DOLLY CABINET 2 DRAWERS ;-37.50
23320;GIANT 50'S CHRISTMAS CRACKER;-37.57
22971;QUEENS GUARD COFFEE MUG;-37.65
22055;MINI CAKE STAND  HANGING STRAWBERY;-37.75
22915;ASSORTED BOTTLE TOP  MAGNETS ;-37.80
90185B;AMETHYST DIAMANTE EXPANDABLE RING;-38.25
72807A;SET/3 ROSE CANDLE IN JEWELLED BOX;-38.25
21464;DISCO BALL ROTATOR BATTERY OPERATED;-38.25
23311;VINTAGE CHRISTMAS STOCKING ;-38.25
21980;PACK OF 12 RED RETROSPOT TISSUES ;-38.28
84947;ANTIQUE SILVER TEA GLASS ENGRAVED;-38.29
22863;SOAP DISH BROCANTE;-38.35
84031A;CHARLIE+LOLA RED HOT WATER BOTTLE ;-39.00
23433;HANGING QUILTED PATCHWORK APPLES;-39.01
22759;SET OF 3 NOTEBOOKS IN PARCEL;-39.60
21645;ASSORTED TUTTI FRUTTI ROUND BOX;-39.60
22476;EMPIRE UNION JACK TV DINNER TRAY;-39.60
22332;SKULLS PARTY BAG + STICKER SET;-39.60
21777;RECIPE BOX WITH METAL HEART;-39.75
22794;SWEETHEART WIRE MAGAZINE RACK;-39.75
21623;VINTAGE UNION JACK MEMOBOARD;-39.80
23414;ZINC BOX SIGN HOME;-39.80
82582;AREA PATROLLED METAL SIGN;-39.90
21686;MEDINA STAMPED METAL STOOL;-39.95
22094;RED RETROSPOT TISSUE BOX;-39.97
22444;GROW YOUR OWN PLANT IN A CAN ;-40.00
48188;DOORMAT WELCOME PUPPIES;-40.05
21523;DOORMAT FANCY FONT HOME SWEET HOME;-40.05
22342;HOME GARLAND PAINTED ZINC ;-40.20
20711;JUMBO BAG TOYS ;-40.31
22818;CARD CHRISTMAS VILLAGE;-40.32
23235;STORAGE TIN VINTAGE LEAF;-40.46
85141;JARDIN ETCHED GLASS FRUITBOWL;-40.55
84800L;LARGE WHITE/PINK ROSE ART FLOWER;-40.56
22586;FELTCRAFT HAIRBAND PINK AND BLUE;-40.80
22352;LUNCH BOX WITH CUTLERY RETROSPOT ;-40.80
23229;VINTAGE DONKEY TAIL GAME ;-40.89
48173C;DOORMAT BLACK FLOCK ;-40.95
84031B;CHARLIE LOLA BLUE HOT WATER BOTTLE ;-40.95
85175;CACTI T-LIGHT CANDLES;-41.16
21832;CHOCOLATE CALCULATOR;-41.25
84625C;BLUE NEW BAROQUE CANDLESTICK CANDLE;-41.65
22777;GLASS CLOCHE LARGE;-41.65
23286;BLUE VINTAGE SPOT BEAKER;-41.65
23534;WALL ART STOP FOR TEA ;-41.65
22646;CERAMIC STRAWBERRY CAKE MONEY BANK;-41.90
21098;CHRISTMAS TOILET ROLL;-41.91
21864;UNION JACK FLAG PASSPORT COVER ;-42.00
22465;HANGING METAL STAR LANTERN;-42.15
21381;MINI WOODEN HAPPY BIRTHDAY GARLAND;-42.25
22294;HEART FILIGREE DOVE  SMALL;-42.50
23347;I LOVE LONDON BEAKER;-42.50
21626;VINTAGE UNION JACK PENNANT;-42.90
23297;SET 40 HEART SHAPE PETIT FOUR CASES;-42.90
20718;RED RETROSPOT SHOPPER BAG;-42.99
22701;PINK DOG BOWL;-43.00
21238;RED RETROSPOT CUP;-43.22
21399;BLUE POLKADOT COFFEE MUG;-43.29
22741;FUNKY DIVA PEN;-43.35
23287;RED VINTAGE SPOT BEAKER;-43.35
23091;ZINC HERB GARDEN CONTAINER;-43.75
84836;ZINC METAL HEART DECORATION;-43.75
22761;CHEST 7 DRAWER MA CAMPAGNE;-43.90
21277;FRENCH STYLE EMBOSSED HEART CABINET;-43.90
22907;PACK OF 20 NAPKINS PANTRY DESIGN;-44.20
22439;6 ROCKET BALLOONS ;-44.20
22327;ROUND SNACK BOXES SET OF 4 SKULLS;-44.25
22557;PLASTERS IN TIN VINTAGE PAISLEY ;-44.55
84755;COLOUR GLASS T-LIGHT HOLDER HANGING;-44.85
21914;BLUE HARMONICA IN BOX ;-45.00
22073;RED RETROSPOT STORAGE JAR;-45.00
21791;VINTAGE HEADS AND TAILS CARD GAME ;-45.00
23177;TREASURE ISLAND BOOK BOX;-45.00
22426;ENAMEL WASH BOWL CREAM;-45.00
23193;BUFFALO BILL TREASURE BOOK BOX;-45.00
21821;GLITTER STAR GARLAND WITH BELLS ;-45.00
20931;BLUE POT PLANT CANDLE ;-45.05
21068;VINTAGE BILLBOARD LOVE/HATE MUG;-45.66
37342;POLKADOT COFFEE CUP & SAUCER PINK;-45.68
23203;JUMBO BAG DOILEY PATTERNS;-45.76
22896;PEG BAG APPLES DESIGN;-45.90
22307;GOLD MUG BONE CHINA TREE OF LIFE;-45.90
23103;JINGLE BELL HEART DECORATION;-46.20
23029;DRAWER KNOB CRACKLE GLAZE GREEN;-46.20
23234;BISCUIT TIN VINTAGE CHRISTMAS;-46.24
22976;CIRCUS PARADE CHILDRENS EGG CUP ;-46.25
47567B;TEA TIME KITCHEN APRON;-46.30
21642;ASSORTED TUTTI FRUTTI PEN;-46.54
85063;CREAM SWEETHEART MAGAZINE RACK;-46.85
21937;STRAWBERRY   PICNIC BAG;-47.20
21351;CINAMMON & ORANGE WREATH;-47.25
23348;CHILDRENS TOY COOKING UTENSIL SET;-47.26
22925;BLUE GIANT GARDEN THERMOMETER;-47.60
48184;DOORMAT ENGLISH ROSE ;-47.70
20750;RED RETROSPOT MINI CASES;-47.70
22536;MAGIC DRAWING SLATE PURDEY;-47.82
22554;PLASTERS IN TIN WOODLAND ANIMALS;-47.85
22551;PLASTERS IN TIN SPACEBOY;-47.85
23221;REINDEER HEART DECORATION SILVER;-48.14
21530;DAIRY MAID TOASTRACK;-48.19
22690;DOORMAT HOME SWEET HOME BLUE ;-48.30
23307;SET OF 60 PANTRY DESIGN CAKE CASES ;-48.40
23309;SET OF 60 I LOVE LONDON CAKE CASES ;-48.40
90160A;PURPLE BOUDICCA LARGE BRACELET;-48.65
23542;WALL ART 70'S ALPHABET ;-48.70
21927;BLUE/CREAM STRIPE CUSHION COVER ;-48.75
22349;DOG BOWL CHASING BALL DESIGN;-48.75
21524;DOORMAT SPOTTY HOME SWEET HOME;-48.90
22079;RIBBON REEL HEARTS DESIGN ;-49.50
23081;GREEN METAL BOX ARMY SUPPLIES;-49.50
22763;KEY CABINET MA CAMPAGNE;-49.75
22167; OVAL WALL MIRROR DIAMANTE ;-49.75
23460;SWEETHEART WALL TIDY ;-49.75
23140;TRIPLE WIRE HOOK IVORY HEART;-49.80
23354;6 GIFT TAGS 50'S CHRISTMAS ;-49.80
23413;VINTAGE COFFEE GRINDER BOX;-49.80
23156;SET OF 5 MINI GROCERY MAGNETS;-49.92
23392;SPACEBOY ROCKET LOLLY MAKERS;-49.92
84997A;CHILDRENS CUTLERY POLKADOT GREEN ;-49.95
22217;T-LIGHT HOLDER HANGING LACE;-50.00
22494;EMERGENCY FIRST AID TIN ;-50.00
22212;FOUR HOOK  WHITE LOVEBIRDS;-50.40
22902;TOTE BAG I LOVE LONDON;-50.40
21833;CAMOUFLAGE LED TORCH;-50.70
23010;CIRCUS PARADE BABY GIFT SET;-50.85
84826;ASSTD DESIGN 3D PAPER STICKERS;-51.00
85019C;CURIOUS  IMAGES NOTEBOOK SET;-51.00
84968C;SET OF 16 VINTAGE PISTACHIO CUTLERY;-51.00
21205;MULTICOLOUR 3D BALLS GARLAND;-51.00
21361;LOVE LARGE WOOD LETTERS ;-51.00
23159;SET OF 5 PANCAKE DAY MAGNETS;-52.00
16169E;WRAP 50'S  CHRISTMAS;-52.50
84750A;PINK SMALL GLASS CAKE STAND;-52.65
22859;EASTER TIN BUNNY BOUQUET;-52.80
22808;SET OF 6 T-LIGHTS EASTER CHICKS;-53.10
22413;METAL SIGN TAKE IT OR LEAVE IT ;-53.10
23099;FRENCH CARRIAGE LANTERN;-53.20
20679;EDWARDIAN PARASOL RED;-53.55
22320;BIRDS MOBILE VINTAGE DESIGN;-53.55
23356;LOVE HOT WATER BOTTLE;-53.55
21055;TOOL BOX SOFT TOY ;-53.70
23002;TRAVEL CARD WALLET SKULLS;-53.76
22179;SET 10 LIGHTS NIGHT OWL;-54.00
79323B;BLACK CHERRY LIGHTS;-54.00
79323P;PINK CHERRY LIGHTS;-54.00
79323W;WHITE CHERRY LIGHTS;-54.00
23302;KNEELING MAT HOUSEWORK  DESIGN;-54.24
22633;HAND WARMER UNION JACK;-54.60
21908;CHOCOLATE THIS WAY METAL SIGN;-54.60
22232;JIGSAW TOADSTOOLS 3 PIECE;-54.72
84880;WHITE WIRE EGG HOLDER;-55.10
21137;BLACK RECORD COVER FRAME;-55.17
84688;BEACH HUT DESIGN BLACKBOARD;-55.25
21932;SCANDINAVIAN PAISLEY PICNIC BAG;-55.35
21977;PACK OF 60 PINK PAISLEY CAKE CASES;-55.55
22242;5 HOOK HANGER MAGIC TOADSTOOL;-56.10
22077;6 RIBBONS RUSTIC CHARM;-56.10
22972;CHILDREN'S SPACEBOY MUG;-56.10
23242;TREASURE TIN BUFFALO BILL ;-56.16
21888;BINGO SET;-56.25
22585;PACK OF 6 BIRDY GIFT TAGS;-56.25
22381;TOY TIDY PINK POLKADOT;-56.45
21262;WHITE GOOSE FEATHER CHRISTMAS TREE ;-56.75
22788;BROCANTE COAT RACK;-56.80
23237;SET OF 4 KNICK KNACK TINS LEAF;-56.90
85053;FRENCH ENAMEL CANDLEHOLDER;-57.16
23283;DOORMAT VINTAGE LEAF;-57.45
22064;PINK DOUGHNUT TRINKET POT ;-57.60
22488;NATURAL SLATE RECTANGLE CHALKBOARD;-57.75
23015;CORDIAL GLASS JUG;-57.75
22371;AIRLINE BAG VINTAGE TOKYO 78;-57.78
21792;CLASSIC FRENCH STYLE BASKET GREEN ;-57.95
84029G;KNITTED UNION FLAG HOT WATER BOTTLE;-58.00
15056P;EDWARDIAN PARASOL PINK;-58.20
22653;BUTTON BOX ;-58.50
21844;RED RETROSPOT MUG;-58.60
23263;SET OF 3 WOODEN HEART DECORATIONS;-58.75
21876;POTTERING MUG;-58.90
22632;HAND WARMER RED RETROSPOT;-59.15
21242;RED RETROSPOT PLATE ;-59.15
23209;LUNCH BAG VINTAGE DOILY ;-59.20
21891;TRADITIONAL WOODEN SKIPPING ROPE;-59.32
22301;COFFEE MUG CAT + BIRD DESIGN;-59.40
20821;GOLDIE LOOKING MIRROR;-59.40
21846;PINK DIAMANTE PEN IN GIFT BOX;-59.40
23397;FOOT STOOL HOME SWEET HOME ;-59.70
23407;SET OF 2 TRAYS HOME SWEET HOME;-59.70
21198;WHITE HEART CONFETTI IN TUBE;-59.76
22770;MIRROR CORNICE;-59.80
84632;DECORATIVE HANGING SHELVING UNIT;-59.95
84279P;CHERRY BLOSSOM  DECORATIVE FLASK;-60.00
23267;SET OF 4 SANTA PLACE SETTINGS;-60.00
23078;ICE CREAM PEN LIP GLOSS ;-60.00
23226;FILIGREE HEART DAISY WHITE;-60.00
84598;BOYS ALPHABET IRON ON PATCHES;-60.48
21352;EUCALYPTUS & PINECONE  WREATH;-60.75
21655;HANGING RIDGE GLASS T-LIGHT HOLDER;-60.84
22897;OVEN MITT APPLES DESIGN;-60.90
51014A;FEATHER PEN,HOT PINK;-61.20
21288;STRIPEY CHOCOLATE NESTING BOXES;-61.20
21124;SET/10 BLUE POLKADOT PARTY CANDLES;-61.25
21122;SET/10 PINK POLKADOT PARTY CANDLES;-61.25
84535B;FAIRY CAKES NOTEBOOK A6 SIZE;-61.75
22027;TEA PARTY BIRTHDAY CARD;-61.92
22665;RECIPE BOX BLUE SKETCHBOOK DESIGN;-62.10
84992;72 SWEETHEART FAIRY CAKE CASES;-62.14
23022;SMALL BONNE JAM JAR  T-LIGHT HOLDER;-62.40
23314;VINTAGE CHRISTMAS TABLECLOTH;-62.50
20961;STRAWBERRY BATH SPONGE ;-62.50
20723;STRAWBERRY CHARLOTTE BAG;-62.71
85116;BLACK CANDELABRA T-LIGHT HOLDER;-63.00
20749;ASSORTED COLOUR MINI CASES;-63.60
23382;BOX OF 6 CHRISTMAS CAKE DECORATIONS;-63.75
46000S;POLYESTER FILLER PAD 40x40cm;-63.80
22631;CIRCUS PARADE LUNCH BOX ;-64.35
22325;MOBILE VINTAGE HEARTS ;-64.35
21534;DAIRY MAID LARGE MILK JUG;-64.35
23127;FELTCRAFT GIRL NICOLE KIT;-64.35
23184;BULL DOG BOTTLE OPENER;-64.35
23313;VINTAGE CHRISTMAS BUNTING;-64.35
23321;SMALL WHITE HEART OF WICKER;-64.35
22621;TRADITIONAL KNITTING NANCY;-64.75
22967;SET 3 SONG BIRD PAPER EGGS ASSORTED;-64.90
22299;PIG KEYRING WITH LIGHT & SOUND ;-65.00
C2;CARRIAGE;-65.00
20682;RED RETROSPOT CHILDRENS UMBRELLA;-65.00
23238;SET OF 4 KNICK KNACK TINS LONDON ;-65.60
23168;CLASSIC CAFE SUGAR DISPENSER;-65.61
51014L;FEATHER PEN,LIGHT PINK;-65.88
22951;60 CAKE CASES DOLLY GIRL DESIGN;-66.00
22737;RIBBON REEL CHRISTMAS PRESENT ;-66.00
23042;PAPER LANTERN 7 POINT SNOW STAR;-66.50
22558;CLOTHES PEGS RETROSPOT PACK 24 ;-66.58
37448;CERAMIC CAKE DESIGN SPOTTED MUG;-67.05
21591;COSY HOUR CIGAR BOX MATCHES ;-67.50
22843;BISCUIT TIN VINTAGE GREEN;-67.50
23324;RUSTIC STRAWBERRY JAM POT LARGE ;-67.51
84352;SILVER CHRISTMAS TREE BAUBLE STAND ;-67.80
84247E;PACK OF 12 CHRISTMAS FUN CARDS;-67.85
90185C;BLACK DIAMANTE EXPANDABLE RING;-68.00
23480;MINI LIGHTS WOODLAND MUSHROOMS;-68.10
21730;GLASS STAR FROSTED T-LIGHT HOLDER;-68.60
22983;CARD BILLBOARD FONT;-68.76
21812;GARLAND WITH HEARTS AND BELLS;-69.30
21363;HOME SMALL WOOD LETTERS;-69.30
22939;APRON APPLE DELIGHT;-69.30
22198;LARGE POPCORN HOLDER ;-69.35
22211;WOOD STAMP SET FLOWERS;-69.60
23225;CHERUB HEART DECORATION SILVER ;-69.72
22128;PARTY CONES CANDY ASSORTED;-70.00
22367;CHILDRENS APRON SPACEBOY DESIGN;-70.20
23470;CARD HOLDER LOVE BIRD LARGE ;-70.70
22801;ANTIQUE GLASS PEDESTAL BOWL;-70.89
22072;RED RETROSPOT TEA CUP AND SAUCER ;-71.25
22057;CERAMIC PLATE STRAWBERRY DESIGN;-71.52
22158;3 HEARTS HANGING DECORATION RUSTIC;-71.75
22957;SET 3 PAPER VINTAGE CHICK PAPER EGG;-71.90
21790;VINTAGE SNAP CARDS;-72.25
21190;PINK HEARTS PAPER GARLAND;-72.50
23251;VINTAGE RED ENAMEL TRIM MUG ;-72.50
22947;WOODEN ADVENT CALENDAR RED;-72.92
22962;JAM JAR WITH PINK LID;-72.97
85034C;3 ROSE MORRIS BOXED CANDLES;-73.00
82600;NO SINGING METAL SIGN;-73.30
23020;GLASS  SONGBIRD STORAGE JAR;-73.65
21810;CHRISTMAS HANGING STAR WITH BELL;-73.75
21429;RED GINGHAM ROSE JEWELLERY BOX;-74.10
22998;TRAVEL CARD WALLET KEEP CALM;-74.34
22760;TRAY, BREAKFAST IN BED;-74.70
23458;DOLLY CABINET 3 DRAWERS ;-74.75
23212;HEART WREATH DECORATION WITH BELL;-75.00
23077;DOUGHNUT LIP GLOSS ;-75.00
22832;BROCANTE SHELF WITH HOOKS;-75.25
20934;SET/3 POT PLANT CANDLES;-75.30
20893;HANGING BAUBLE T-LIGHT HOLDER SMALL;-75.60
21845;DAIRY MAID STRIPE MUG;-75.64
23032;DRAWER KNOB CRACKLE GLAZE IVORY;-75.90
21156;RETROSPOT CHILDRENS APRON;-76.05
22107;PIZZA PLATE IN BOX;-76.25
22357;KINGS CHOICE BISCUIT TIN;-76.50
22485;SET OF 2 WOODEN MARKET CRATES;-76.50
22626;BLACK KITCHEN SCALES;-76.50
22486;PLASMATRONIC LAMP;-76.50
22526;WHEELBARROW FOR CHILDREN ;-76.50
22312;OFFICE MUG WARMER POLKADOT;-76.70
21275;ZINC TOP  2 DOOR WOODEN SHELF ;-76.75
23004;TRAVEL CARD WALLET PANTRY;-77.28
21672;WHITE SPOT RED CERAMIC DRAWER KNOB;-77.55
84817;DANISH ROSE DECORATIVE PLATE;-77.70
22380;TOY TIDY SPACEBOY  ;-77.70
23092;LARGE ANTIQUE WHITE PHOTO FRAME;-77.75
20975;12 PENCILS SMALL TUBE RED RETROSPOT;-78.00
22989;SET 2 PANTRY DESIGN TEA TOWELS;-78.00
22795;SWEETHEART RECIPE BOOK STAND;-78.45
21216;SET 3 RETROSPOT TEA,COFFEE,SUGAR;-78.50
23393;HOME SWEET HOME CUSHION COVER ;-78.75
23126;FELTCRAFT GIRL AMELIE KIT;-79.20
22965;3 TRADITIONAl BISCUIT CUTTERS  SET;-79.80
22571;ROCKING HORSE RED CHRISTMAS ;-80.17
51014C;FEATHER PEN,COAL BLACK;-80.34
21535;RED RETROSPOT SMALL MILK JUG;-80.70
23236;STORAGE TIN VINTAGE DOILY ;-80.92
22579;WOODEN TREE CHRISTMAS SCANDINAVIAN;-81.60
85159A;BLACK TEA,COFFEE,SUGAR JARS;-82.40
22508;DOORSTOP RETROSPOT HEART;-82.50
21499;BLUE POLKADOT WRAP;-82.50
84032A;CHARLIE+LOLA PINK HOT WATER BOTTLE;-82.60
23254;CHILDRENS CUTLERY DOLLY GIRL ;-83.00
23045;PAPER LANTERN 5 POINT STAR MOON ;-83.00
22577;WOODEN HEART CHRISTMAS SCANDINAVIAN;-83.05
21452;TOADSTOOL MONEY BOX;-83.15
23194;GYMKHANA TREASURE BOOK BOX;-83.25
22927;GREEN GIANT GARDEN THERMOMETER;-83.30
22809;SET OF 6 T-LIGHTS SANTA;-83.70
21915;RED  HARMONICA IN BOX ;-83.75
22993;SET OF 4 PANTRY JELLY MOULDS;-85.00
22623;BOX OF VINTAGE JIGSAW BLOCKS ;-85.20
85159B;WHITE TEA,COFFEE,SUGAR JARS;-86.54
22734;SET OF 6 RIBBONS VINTAGE CHRISTMAS;-86.70
22060;LARGE CAKE STAND HANGING HEARTS;-87.20
20719;WOODLAND CHARLOTTE BAG;-87.40
22442;GROW YOUR OWN FLOWERS SET OF 3;-87.45
23249;VINTAGE RED ENAMEL TRIM PLATE;-87.71
22829;SWEETHEART WIRE WALL TIDY;-87.90
22845;VINTAGE CREAM CAT FOOD CONTAINER;-88.10
22156;HEART DECORATION WITH PEARLS ;-88.21
21257;VICTORIAN SEWING BOX MEDIUM;-88.40
21974;SET OF 36 PAISLEY FLOWER DOILIES;-88.45
37446;MINI CAKE STAND WITH HANGING CAKES;-88.85
21622;VINTAGE UNION JACK CUSHION COVER;-89.10
22926;IVORY GIANT GARDEN THERMOMETER;-89.25
84459A;PINK METAL CHICKEN HEART ;-89.40
21217;RED RETROSPOT ROUND CAKE TINS;-89.55
23487;SWEET HEART CAKE CARRIER;-89.55
84616;SILVER ROCCOCO CHANDELIER;-89.85
84378;SET OF 3 HEART COOKIE CUTTERS;-90.00
22693;GROW A FLYTRAP OR SUNFLOWER IN TIN;-90.00
23080;RED METAL BOX TOP SECRET;-90.75
22963;JAM JAR WITH GREEN LID;-90.86
21259;VICTORIAN SEWING BOX SMALL ;-92.20
22144;CHRISTMAS CRAFT LITTLE FRIENDS;-92.40
22629;SPACEBOY LUNCH BOX ;-92.70
23198;PANTRY MAGNETIC  SHOPPING LIST;-92.80
21528;DAIRY MAID TRADITIONAL TEAPOT ;-93.30
84997D;PINK 3 PIECE POLKADOT CUTLERY SET;-93.75
22041;"RECORD FRAME 7 SINGLE SIZE """;-93.75
20977;36 PENCILS TUBE WOODLAND;-93.75
22231;JIGSAW TREE WITH BIRDHOUSE;-95.05
23240;SET OF 4 KNICK KNACK TINS DOILEY ;-95.05
23526;WALL ART DOG LICENCE ;-95.20
23275;SET OF 3 HANGING OWLS OLLIE BEAK;-95.41
84991;60 TEATIME FAIRY CAKE CASES;-95.70
84944;SET OF 6 KASHMIR FOLKART BAUBLES;-95.70
37450;CERAMIC CAKE BOWL + HANGING CAKES;-96.20
21670;BLUE SPOT CERAMIC DRAWER KNOB;-96.25
22605;WOODEN CROQUET GARDEN SET;-97.00
23206;LUNCH BAG APPLE DESIGN;-97.15
22362;GLASS JAR PEACOCK BATH SALTS;-97.35
84945;MULTI COLOUR SILVER T-LIGHT HOLDER;-97.46
48138;DOORMAT UNION FLAG;-97.50
23315;IVORY REFECTORY CLOCK;-97.80
84380;SET OF 3 BUTTERFLY COOKIE CUTTERS;-98.75
22430;ENAMEL WATERING CAN CREAM;-99.00
21485;RETROSPOT HEART HOT WATER BOTTLE;-99.00
21868;POTTING SHED TEA MUG;-99.41
22940;FELTCRAFT CHRISTMAS FAIRY;-99.50
23041;PAPER LANTERN 9 POINT SNOW STAR;-99.60
21873;IF YOU CAN'T STAND THE HEAT MUG;-100.07
23176;ABC TREASURE BOOK BOX ;-101.25
84818;DANISH ROSE PHOTO FRAME;-101.45
23007; SPACEBOY BABY GIFT SET;-101.70
84012;MAGIC SHEEP WOOL GROWING FROM PAPER;-102.00
21668;RED STRIPE CERAMIC DRAWER KNOB;-102.67
23082;SET 6 PAPER TABLE LANTERN HEARTS ;-103.16
71459;HANGING JAM JAR T-LIGHT HOLDER;-103.33
22841;ROUND CAKE TIN VINTAGE GREEN;-103.35
22593;CHRISTMAS GINGHAM STAR;-103.68
22595;CHRISTMAS GINGHAM HEART;-103.68
22628;PICNIC BOXES SET OF 3 RETROSPOT ;-103.95
22113;GREY HEART HOT WATER BOTTLE;-104.25
22130;PARTY CONE CHRISTMAS DECORATION ;-104.53
23351;ROLL WRAP 50'S CHRISTMAS;-104.88
84997B;RED 3 PIECE RETROSPOT CUTLERY SET;-105.00
22398;MAGNETS PACK OF 4 SWALLOWS;-105.00
22780;LIGHT GARLAND BUTTERFILES PINK;-106.25
22779;WOODEN OWLS LIGHT GARLAND ;-106.25
15034;PAPER POCKET TRAVELING FAN ;-108.29
22556;PLASTERS IN TIN CIRCUS PARADE ;-108.90
21539;RED RETROSPOT BUTTER DISH;-108.95
47599B;BLUE PARTY BAGS ;-109.20
22694;WICKER STAR ;-109.20
23208;LUNCH BAG VINTAGE LEAF DESIGN;-109.85
22168;ORGANISER WOOD ANTIQUE WHITE ;-110.50
22867;HAND WARMER BIRD DESIGN;-111.30
23240;SET OF 4 KNICK KNACK TINS DOILY ;-111.65
22578;WOODEN STAR CHRISTMAS SCANDINAVIAN;-112.49
21820;GLITTER HEART GARLAND WITH BELLS ;-112.50
22355;CHARLOTTE BAG SUKI DESIGN;-113.59
22109;FULL ENGLISH BREAKFAST PLATE;-114.39
23163;REGENCY SUGAR TONGS;-114.40
84792;ENCHANTED BIRD COATHANGER 5 HOOK;-114.69
21906;PHARMACIE FIRST AID TIN;-114.75
47590A;BLUE HAPPY BIRTHDAY BUNTING;-114.80
21669;BLUE STRIPE CERAMIC DRAWER KNOB;-115.01
22892;SET OF SALT AND PEPPER TOADSTOOLS;-115.19
23239;SET OF 4 KNICK KNACK TINS POPPIES;-115.80
22729;ALARM CLOCK BAKELIKE ORANGE;-115.89
22938;CUPCAKE LACE PAPER SET 6;-117.00
22627;MINT KITCHEN SCALES;-117.21
22979;PANTRY WASHING UP BRUSH;-117.55
22722;SET OF 6 SPICE TINS PANTRY DESIGN;-118.00
22606;WOODEN SKITTLES GARDEN SET;-118.25
23247;BISCUIT TIN 50'S CHRISTMAS;-118.54
21754;HOME BUILDING BLOCK WORD;-118.60
22170;PICTURE FRAME WOOD TRIPLE PORTRAIT;-118.65
23008;DOLLY GIRL BABY GIFT SET;-118.65
84665;SQUARE CHERRY BLOSSOM CABINET;-119.00
22120;WELCOME  WOODEN BLOCK LETTERS;-119.40
21121;SET/10 RED POLKADOT PARTY CANDLES;-120.00
22084;PAPER CHAIN KIT EMPIRE;-120.95
22326;ROUND SNACK BOXES SET OF4 WOODLAND ;-120.95
35970;ZINC FOLKART SLEIGH BELLS;-121.17
47351B;BLUE  VOILE LAMPSHADE;-122.40
22379;RECYCLING BAG RETROSPOT ;-122.65
23252;VINTAGE RED ENAMEL TRIM JUG ;-123.75
22980;PANTRY SCRUBBING BRUSH;-124.05
47590B;PINK HAPPY BIRTHDAY BUNTING;-124.10
21658;GLASS  BEURRE DISH;-124.58
23158;SET OF 5 LUCKY CAT MAGNETS ;-124.80
22179;SET 10 NIGHT OWL LIGHTS;-124.95
23079;TOADSTOOL BEDSIDE LIGHT ;-125.30
23358;HOT STUFF HOT WATER BOTTLE;-125.94
22959;WRAP CHRISTMAS VILLAGE;-126.00
22101;MIRROR MOSAIC VOTIVE HOLDER;-126.36
23154;SET OF 4 JAM JAR MAGNETS;-126.88
82580;BATHROOM METAL SIGN;-127.00
20866;BLUE ROSE FABRIC MIRROR;-127.20
22492;MINI PAINT SET VINTAGE ;-127.40
22842;BISCUIT TIN VINTAGE RED;-127.45
22669;RED BABY BUNTING ;-127.50
22891;TEA FOR ONE POLKADOT;-127.50
84968A;SET OF 16 VINTAGE ROSE CUTLERY;-127.50
21135;VICTORIAN  METAL POSTCARD SPRING;-128.72
23085;ANTIQUE SILVER BAUBLE LAMP  ;-128.75
23155;KNICKERBOCKERGLORY MAGNET ASSORTED ;-129.71
22186;RED STAR CARD HOLDER;-132.15
22504;CABIN BAG VINTAGE RETROSPOT;-132.55
22798;ANTIQUE GLASS DRESSING TABLE POT;-132.75
22988;SOLDIERS EGG CUP ;-132.78
82583;HOT BATHS METAL SIGN;-133.46
84032B;CHARLIE + LOLA RED HOT WATER BOTTLE;-133.50
22923;FRIDGE MAGNETS LES ENFANTS ASSORTED;-134.00
79191C;RETRO PLASTIC ELEPHANT TRAY;-134.30
20726;LUNCH BAG WOODLAND;-134.90
35400;WOODEN BOX ADVENT CALENDAR ;-135.20
84879;ASSORTED COLOUR BIRD ORNAMENT;-135.20
85152;HAND OVER THE CHOCOLATE   SIGN ;-135.22
22333;RETROSPOT PARTY BAG + STICKER SET;-135.30
22474;SPACEBOY TV DINNER TRAY;-136.00
22637;PIGGY BANK RETROSPOT ;-136.20
21428;SET3 BOOK BOX GREEN GINGHAM FLOWER ;-136.25
35004B;SET OF 3 BLACK FLYING DUCKS;-136.80
23048;SET OF 10 LANTERNS FAIRY LIGHT STAR;-136.95
22574;HEART WOODEN CHRISTMAS DECORATION;-138.24
23204;CHARLOTTE BAG APPLES DESIGN;-138.34
22553;PLASTERS IN TIN SKULLS;-138.60
21260;FIRST AID TIN;-139.75
71053;WHITE METAL LANTERN;-139.77
22810;SET OF 6 T-LIGHTS SNOWMEN;-140.10
22429;ENAMEL MEASURING JUG CREAM;-140.25
23205;CHARLOTTE BAG VINTAGE ALPHABET ;-140.25
22952;60 CAKE CASES VINTAGE CHRISTMAS;-140.40
23075;PARLOUR CERAMIC WALL HOOK;-141.10
23250;VINTAGE RED TRIM ENAMEL BOWL ;-141.80
22617;BAKING SET SPACEBOY DESIGN;-142.15
23404;HOME SWEET HOME BLACKBOARD;-143.55
21673;WHITE SPOT BLUE CERAMIC DRAWER KNOB;-143.95
21430;SET/3 RED GINGHAM ROSE STORAGE BOX;-144.03
22418;10 COLOUR SPACEBOY PEN;-146.20
23171;REGENCY TEA PLATE GREEN ;-146.25
21484;CHICK GREY HOT WATER BOTTLE;-147.60
21533;RETROSPOT LARGE MILK JUG;-147.90
22061;LARGE CAKE STAND  HANGING STRAWBERY;-149.05
22088;PAPER BUNTING COLOURED LACE;-149.20
23228;FILIGREE HEART BIRD WHITE ;-149.76
22622;BOX OF VINTAGE ALPHABET BLOCKS;-151.35
22457;NATURAL SLATE HEART CHALKBOARD ;-152.60
84754;S/15 SILVER GLASS BAUBLES IN BAG;-152.64
21733;RED HANGING HEART T-LIGHT HOLDER;-152.95
21850;BLUE  DIAMANTE PEN IN GIFT BOX;-153.00
22728;ALARM CLOCK BAKELIKE PINK;-153.75
85023B;EAU DE NILE JEWELLED PHOTOFRAME;-153.75
23172;REGENCY TEA PLATE PINK;-154.30
23165;LARGE CERAMIC TOP STORAGE JAR;-154.50
22591;CARDHOLDER GINGHAM CHRISTMAS TREE;-156.05
22766;PHOTO FRAME CORNICE;-156.35
22106;MIRROR MOSAIC HURRICANE LAMP ;-156.75
22668;PINK BABY BUNTING;-157.00
21936;RED RETROSPOT PICNIC BAG;-157.10
22726;ALARM CLOCK BAKELIKE GREEN;-157.50
22837;HOT WATER BOTTLE BABUSHKA ;-157.65
22840;ROUND CAKE TIN VINTAGE RED;-158.00
48129;DOORMAT TOPIARY;-159.15
21166;COOK WITH WINE METAL SIGN ;-161.10
84406B;CREAM CUPID HEARTS COAT HANGER;-162.50
23146;TRIPLE HOOK ANTIQUE IVORY ROSE;-164.10
22083;PAPER CHAIN KIT RETROSPOT;-165.20
21218;RED SPOTTY BISCUIT TIN;-165.25
22943;CHRISTMAS LIGHTS 10 VINTAGE BAUBLES;-165.50
22192;BLUE DINER WALL CLOCK;-168.30
22624;IVORY KITCHEN SCALES;-168.30
84929;ASSTD FRUIT+FLOWERS FRIDGE MAGNETS;-168.49
23301;GARDENERS KNEELING PAD KEEP CALM ;-168.90
21181;PLEASE ONE PERSON METAL SIGN;-169.70
23322;LARGE WHITE HEART OF WICKER;-169.85
20724;RED RETROSPOT CHARLOTTE BAG;-170.31
35004C;SET OF 3 COLOURED  FLYING DUCKS;-170.60
82484;WOOD BLACK BOARD ANT WHITE FINISH;-170.95
22303;COFFEE MUG APPLES DESIGN;-171.15
17003;BROCADE RING PURSE ;-172.80
22461;SAVOY ART DECO CLOCK;-173.45
21210;SET OF 72 RETROSPOT PAPER  DOILIES;-173.65
22618;COOKING SET RETROSPOT;-174.18
22848;BREAD BIN DINER STYLE PINK;-176.45
23118;PARISIENNE JEWELLERY DRAWER ;-180.00
22071;SMALL WHITE RETROSPOT MUG IN BOX ;-180.50
22364;GLASS JAR DIGESTIVE BISCUITS;-182.45
22922;FRIDGE MAGNETS US DINER ASSORTED;-183.30
37495;FAIRY CAKE BIRTHDAY CANDLE SET;-183.75
22969;HOMEMADE JAM SCENTED CANDLES;-185.80
22464;HANGING METAL HEART LANTERN;-186.90
22725;ALARM CLOCK BAKELIKE CHOCOLATE;-187.50
21231;SWEETHEART CERAMIC TRINKET BOX;-188.08
22968;ROSE COTTAGE KEEPSAKE BOX ;-188.85
22470;HEART OF WICKER LARGE;-189.50
22738;RIBBON REEL SNOWY VILLAGE;-190.50
22791;T-LIGHT GLASS FLUTED ANTIQUE;-192.75
22193;RED DINER WALL CLOCK;-192.95
22654;DELUXE SEWING KIT ;-193.35
22366;DOORMAT AIRMAIL ;-194.07
22180;RETROSPOT LAMP;-194.65
22730;ALARM CLOCK BAKELIKE IVORY;-195.00
22929;SCHOOL DESK AND CHAIR ;-195.00
22909;SET OF 20 VINTAGE CHRISTMAS NAPKINS;-195.19
22649;STRAWBERRY FAIRY CAKE TEAPOT;-195.20
22139;RETROSPOT TEA SET CERAMIC 11 PC ;-195.30
22090;PAPER BUNTING RETROSPOT;-196.40
71477;COLOURED GLASS STAR T-LIGHT HOLDER;-197.46
22936;BAKING MOULD ROSE WHITE CHOCOLATE;-198.00
22935;BAKING MOULD ROSE MILK CHOCOLATE;-198.00
22625;RED KITCHEN SCALES;-198.05
21212;PACK OF 72 RETROSPOT CAKE CASES;-199.38
23486;ANTIQUE HEART SHELF UNIT;-199.65
20979;36 PENCILS TUBE RED RETROSPOT;-200.00
22945;CHRISTMAS METAL TAGS ASSORTED ;-200.58
22784;LANTERN CREAM GAZEBO ;-200.85
22220;CAKE STAND LOVEBIRD 2 TIER WHITE;-201.50
22356;CHARLOTTE BAG PINK POLKADOT;-201.53
22930;BAKING MOULD HEART MILK CHOCOLATE;-201.60
22103;MIRROR MOSAIC T-LIGHT HOLDER ROUND;-201.66
20727;LUNCH BAG  BLACK SKULL.;-202.20
75049L;LARGE CIRCULAR MIRROR MOBILE;-204.20
20829;GLITTER HANGING BUTTERFLY STRING;-205.26
84978;HANGING HEART JAR T-LIGHT HOLDER;-206.59
22469;HEART OF WICKER SMALL;-207.95
23084;RABBIT NIGHT LIGHT;-208.40
21537;RED RETROSPOT PUDDING BOWL;-208.75
22866;HAND WARMER SCOTTY DOG DESIGN;-209.10
22839;3 TIER CAKE TIN GREEN AND CREAM;-209.30
22389;PAPERWEIGHT SAVE THE PLANET;-210.00
23083;SET 6 PAPER TABLE LANTERN STARS ;-214.17
23215;JINGLE BELL HEART ANTIQUE SILVER;-214.80
21671;RED SPOT CERAMIC DRAWER KNOB;-214.81
22385;JUMBO BAG SPACEBOY DESIGN;-215.14
20733;GOLD MINI TAPE MEASURE ;-216.00
21463;MIRRORED DISCO BALL ;-216.90
22383;LUNCH BAG SUKI DESIGN ;-217.40
23210;WHITE ROCKING HORSE HAND PAINTED;-219.76
22776;SWEETHEART 3 TIER CAKE STAND ;-219.95
85103;SILVER T-LIGHT SETTING;-220.15
23582;VINTAGE DOILY JUMBO BAG RED ;-222.68
22778;GLASS CLOCHE SMALL;-223.12
22087;PAPER BUNTING WHITE LACE;-223.80
23581;JUMBO BAG PAISLEY PARK;-224.76
22769;CHALKBOARD KITCHEN ORGANISER;-225.50
23175;REGENCY MILK JUG PINK ;-225.50
21154;RED RETROSPOT OVEN GLOVE ;-227.00
22844;VINTAGE CREAM DOG FOOD CONTAINER;-227.80
22105;MIRROR MOSAIC GOBLET CANDLE HOLDER;-228.00
23300;GARDENERS KNEELING PAD CUP OF TEA ;-231.60
85036C;ROSE 1 WICK MORRIS BOXED CANDLE;-232.25
22487;WHITE WOOD GARDEN PLANT LADDER;-232.80
22849;BREAD BIN DINER STYLE MINT;-234.25
22384;LUNCH BAG PINK POLKADOT;-236.20
11001;ASSTD DESIGN RACING CAR PEN;-237.05
22797;CHEST OF DRAWERS GINGHAM HEART ;-237.30
22946;WOODEN ADVENT CALENDAR CREAM;-237.75
21621;VINTAGE UNION JACK BUNTING;-238.00
23109;PACK OF SIX LED TEA LIGHTS;-239.04
22509;SEWING BOX RETROSPOT DESIGN ;-239.20
21481;FAWN BLUE HOT WATER BOTTLE;-239.60
22636;CHILDS BREAKFAST SET CIRCUS PARADE;-239.70
84816;DANISH ROSE BEDSIDE CABINET;-239.70
23112;PARISIENNE CURIO CABINET;-239.85
22924;FRIDGE MAGNETS LA VIE EN ROSE;-240.25
22382;LUNCH BAG SPACEBOY DESIGN ;-242.35
23200;JUMBO BAG PEARS;-243.63
22427;ENAMEL FLOWER JUG CREAM;-243.90
22762;CUPBOARD 3 DRAWER MA CAMPAGNE;-244.90
23319;BOX OF 6 MINI 50'S CRACKERS;-244.97
82486;WOOD S/3 CABINET ANT WHITE FINISH;-249.75
84077;WORLD WAR 2 GLIDERS ASSTD DESIGNS;-253.92
84029E;RED WOOLLY HOTTIE WHITE HEART.;-256.45
22169;FAMILY ALBUM WHITE PICTURE FRAME;-257.55
22865;HAND WARMER OWL DESIGN;-258.05
21527;RED RETROSPOT TRADITIONAL TEAPOT ;-260.30
22667;RECIPE BOX RETROSPOT ;-260.75
22932;BAKING MOULD TOFFEE CUP CHOCOLATE;-262.80
22890;NOVELTY BISCUITS CAKE STAND 3 TIER;-268.25
21314;SMALL GLASS HEART TRINKET POT;-270.15
22978;PANTRY ROLLING PIN;-272.61
22727;ALARM CLOCK BAKELIKE RED ;-277.50
22173;METAL 4 HOOK HANGER FRENCH CHATEAU;-279.77
22102;MIRROR MOSAIC T-LIGHT HOLDER ;-280.80
21731;RED TOADSTOOL LED NIGHT LIGHT;-281.30
22207;FRYING PAN UNION FLAG;-282.25
21781;MA CAMPAGNE CUTLERY BOX;-283.15
22956;36 FOIL HEART CAKE CASES;-283.20
23111;PARISIENNE SEWING BOX;-283.20
22360;GLASS JAR ENGLISH CONFECTIONERY;-284.95
23110;PARISIENNE KEY CABINET ;-293.25
21340;CLASSIC METAL BIRDCAGE PLANT HOLDER;-298.20
20914;SET/5 RED RETROSPOT LID GLASS BOWLS;-300.85
35924;HANGING FAIRY CAKE DECORATION;-302.51
22834;HAND WARMER BABUSHKA DESIGN;-306.05
85048;15CM CHRISTMAS GLASS BALL 20 LIGHTS;-307.95
22114;HOT WATER BOTTLE TEA AND SYMPATHY;-310.10
22138;BAKING SET 9 PIECE RETROSPOT ;-311.10
22580;ADVENT CALENDAR GINGHAM SACK;-314.95
23108;SET OF 10 LED DOLLY LIGHTS;-317.60
84347;ROTATING SILVER ANGELS T-LIGHT HLDR;-321.60
22151;PLACE SETTING WHITE HEART;-321.96
85178;VICTORIAN SEWING KIT;-322.85
22456;NATURAL SLATE CHALKBOARD LARGE ;-326.80
20728;LUNCH BAG CARS BLUE;-327.50
22197;POPCORN HOLDER;-329.41
22363;GLASS JAR MARMALADE ;-335.50
82486;3 DRAWER ANTIQUE WHITE WOOD CABINET;-336.15
22070;SMALL RED RETROSPOT MUG IN BOX ;-336.54
15056N;EDWARDIAN PARASOL NATURAL;-337.45
22467;GUMBALL COAT RACK;-337.50
22933;BAKING MOULD EASTER EGG MILK CHOC;-337.80
23256;CHILDRENS CUTLERY SPACEBOY ;-338.00
22424;ENAMEL BREAD BIN CREAM;-342.60
23174;REGENCY SUGAR BOWL GREEN;-345.20
22767;TRIPLE PHOTO FRAME CORNICE ;-348.25
84946;ANTIQUE SILVER T-LIGHT GLASS;-349.21
79321;CHILLI LIGHTS;-349.70
23462;ROCOCO WALL MIRROR WHITE;-350.10
22781;GUMBALL MAGAZINE RACK;-352.35
22689;DOORMAT MERRY CHRISTMAS RED ;-354.00
22768;FAMILY PHOTO FRAME CORNICE;-355.30
23167;SMALL CERAMIC TOP STORAGE JAR ;-365.19
20974;12 PENCILS SMALL TUBE SKULL;-367.90
23318;BOX OF 6 MINI VINTAGE CRACKERS;-368.71
23169;CLASSIC GLASS COOKIE JAR;-379.15
22634;CHILDS BREAKFAST SET SPACEBOY ;-381.85
21735;TWO DOOR CURIO CABINET;-382.95
23072;MARIE ANTOINETTE TRINKET BOX SILVER;-384.00
22502;PICNIC BASKET WICKER SMALL;-385.25
23494;VINTAGE DOILY DELUXE SEWING KIT ;-386.75
21929;JUMBO BAG PINK VINTAGE PAISLEY;-387.07
22698;PINK REGENCY TEACUP AND SAUCER;-387.50
22697;GREEN REGENCY TEACUP AND SAUCER;-393.05
22493;PAINT YOUR OWN CANVAS SET;-396.45
22561;WOODEN SCHOOL COLOURING SET;-405.00
23485;BOTANICAL GARDENS WALL CLOCK ;-407.40
22588;CARD HOLDER GINGHAM HEART;-411.87
22950;36 DOILIES VINTAGE CHRISTMAS;-412.20
84949;SILVER HANGING T-LIGHT HOLDER;-412.35
22827;RUSTIC  SEVENTEEN DRAWER SIDEBOARD;-415.00
21232;STRAWBERRY CERAMIC TRINKET BOX;-415.75
22846;BREAD BIN DINER STYLE RED ;-416.70
23355;HOT WATER BOTTLE KEEP CALM;-417.60
22804;PINK HANGING HEART T-LIGHT HOLDER;-419.80
21787;RAIN PONCHO RETROSPOT;-420.00
22666;RECIPE BOX PANTRY YELLOW DESIGN;-421.05
23245;SET OF 3 REGENCY CAKE TINS;-421.50
22961;JAM MAKING SET PRINTED;-425.75
20712;JUMBO BAG WOODLAND ANIMALS;-426.46
22941;CHRISTMAS LIGHTS 10 REINDEER;-429.25
20713;JUMBO BAG OWLS;-431.43
21439;BASKET OF TOADSTOOLS;-432.48
23071;MARIE ANTOINETTE TRINKET BOX GOLD;-434.00
23173;REGENCY TEAPOT ROSES ;-436.40
23202;JUMBO BAG VINTAGE LEAF;-442.46
23157;SET OF 6 NATIVITY MAGNETS ;-444.00
37449;CERAMIC CAKE STAND + HANGING CAKES;-446.70
85071A;BLUE CHARLIE+LOLA PERSONAL DOORSIGN;-448.40
85099F;JUMBO BAG STRAWBERRY;-448.49
85066;CREAM SWEETHEART MINI CHEST;-460.80
20685;DOORMAT RED RETROSPOT;-461.22
22503;CABIN BAG VINTAGE PAISLEY;-461.85
22564;ALPHABET STENCIL CRAFT;-464.17
22630;DOLLY GIRL LUNCH BOX;-478.65
21928;JUMBO BAG SCANDINAVIAN BLUE PAISLEY;-479.58
23298;SPOTTY BUNTING;-482.81
23344;JUMBO BAG 50'S CHRISTMAS ;-486.96
15036;ASSORTED COLOURS SILK FAN;-505.68
23343;JUMBO BAG VINTAGE CHRISTMAS ;-505.68
22236;CAKE STAND 3 TIER MAGIC GARDEN;-508.95
21155;RED RETROSPOT PEG BAG;-510.60
85099C;JUMBO  BAG BAROQUE BLACK WHITE;-510.88
72807C;SET/3 VANILLA SCENTED CANDLE IN BOX;-516.70
22826;LOVE SEAT ANTIQUE WHITE METAL;-517.50
22796;PHOTO FRAME 3 CLASSIC HANGING;-524.05
22900;SET 2 TEA TOWELS I LOVE LONDON ;-527.20
22111;SCOTTIE DOG HOT WATER BOTTLE;-544.45
23243;SET OF TEA COFFEE SUGAR TINS PANTRY;-545.55
22659;LUNCH BOX I LOVE LONDON;-546.00
22112;CHOCOLATE HOT WATER BOTTLE;-548.88
21035;SET/2 RED RETROSPOT TEA TOWELS ;-550.00
22990;COTTON APRON PANTRY DESIGN;-553.70
18097C;WHITE TALL PORCELAIN T-LIGHT HOLDER;-571.80
72802C;VANILLA SCENT CANDLE JEWELLED BOX;-579.81
82482;WOODEN PICTURE FRAME WHITE FINISH;-581.55
21931;JUMBO STORAGE BAG SUKI;-602.33
22942;CHRISTMAS LIGHTS 10 SANTAS ;-604.35
22411;JUMBO SHOPPER VINTAGE RED PAISLEY;-622.47
21479;WHITE SKULL HOT WATER BOTTLE ;-635.93
23057;BEADED CHANDELIER T-LIGHT HOLDER;-636.15
22313;OFFICE MUG WARMER PINK;-637.50
22178;VICTORIAN GLASS HANGING T-LIGHT;-638.40
22776;SWEETHEART CAKESTAND 3 TIER;-643.05
15056BL;EDWARDIAN PARASOL BLACK;-652.50
22569;FELTCRAFT CUSHION BUTTERFLY;-658.38
23207;LUNCH BAG ALPHABET DESIGN;-659.60
72802B;OCEAN SCENT CANDLE IN JEWELLED BOX;-662.24
21258;VICTORIAN SEWING BOX LARGE;-679.75
23055;IVORY CHANDELIER T-LIGHT HOLDER;-690.72
22847;BREAD BIN DINER STYLE IVORY;-711.80
22635;CHILDS BREAKFAST SET DOLLY GIRL ;-727.05
21871;SAVE THE PLANET MUG;-740.94
21069;VINTAGE BILLBOARD TEA MUG;-743.06
22720;SET OF 3 CAKE TINS PANTRY DESIGN ;-744.95
22656;VINTAGE BLUE KITCHEN CABINET;-800.00
22386;JUMBO BAG PINK POLKADOT;-816.58
22570;FELTCRAFT CUSHION RABBIT;-832.35
22920;HERB MARKER BASIL;-841.05
20725;LUNCH BAG RED RETROSPOT;-854.70
22501;PICNIC BASKET WICKER LARGE;-873.20
22171;3 HOOK PHOTO SHELF ANTIQUE WHITE;-876.35
82494L;WOODEN FRAME ANTIQUE WHITE ;-910.95
22910;PAPER CHAIN KIT VINTAGE CHRISTMAS;-931.45
22752;SET 7 BABUSHKA NESTING BOXES;-952.00
20969;RED FLORAL FELTCRAFT SHOULDER BAG;-980.07
22960;JAM MAKING SET WITH JARS;-1012.79
22568;FELTCRAFT CUSHION OWL;-1028.82
23203;JUMBO BAG VINTAGE DOILY ;-1030.64
23170;REGENCY TEA PLATE ROSES ;-1046.30
23201;JUMBO BAG ALPHABET;-1076.02
22147;FELTCRAFT BUTTERFLY HEARTS;-1103.65
21877;HOME SWEET HOME MUG;-1134.32
22699;ROSES REGENCY TEACUP AND SAUCER ;-1150.35
22149;FELTCRAFT 6 FLOWER FRIENDS;-1158.30
22086;PAPER CHAIN KIT 50'S CHRISTMAS ;-1160.35
22991;GIRAFFE WOODEN RULER;-1185.90
22992;REVOLVER WOODEN RULER ;-1193.40
47566;PARTY BUNTING;-1201.35
82483;WOOD 2 DRAWER CABINET WHITE FINISH;-1240.70
84078A;SET/4 WHITE RETRO STORAGE CUBES ;-1248.25
85232B;SET OF 3 BABUSHKA STACKING TINS;-1258.05
23199;JUMBO BAG APPLES;-1309.25
23064;CINDERELLA CHANDELIER ;-1514.05
23284;DOORMAT KEEP CALM AND COME IN;-1601.25
22838;3 TIER CAKE TIN RED AND CREAM;-1671.60
22835;HOT WATER BOTTLE I AM SO POORLY;-1679.70
22328;ROUND SNACK BOXES SET OF 4 FRUITS ;-1691.50
22655;VINTAGE RED KITCHEN CABINET;-1730.50
23056;FLOWERS CHANDELIER T-LIGHT HOLDER;-1859.07
85099B;JUMBO BAG RED RETROSPOT;-1984.02
21843;RED RETROSPOT CAKE STAND;-2480.50
22191;IVORY DINER WALL CLOCK;-2653.70
20971;PINK BLUE FELT CRAFT TRINKET BOX;-2778.77
S;SAMPLES;-3112.44
71477;COLOUR GLASS. STAR T-LIGHT HOLDER;-3246.16
22273;FELTCRAFT DOLL MOLLY;-3512.65
47566B;TEA TIME PARTY BUNTING;-3692.95
21175;GIN + TONIC DIET METAL SIGN;-3775.33
48185;DOORMAT FAIRY CAKE;-4554.90
23113;PANTRY CHOPPING BOARD;-4803.06
D;Discount;-5696.22
21108;FAIRY CAKE FLANNEL ASSORTED COLOUR;-6591.42
85123A;WHITE HANGING HEART T-LIGHT HOLDER;-6624.30
BANK CHARGES;Bank Charges;-7340.64
CRUK;CRUK Commission;-7933.43
22423;REGENCY CAKESTAND 3 TIER;-9722.55
POST;POSTAGE;-11871.24
23166;MEDIUM CERAMIC TOP STORAGE JAR;-77479.64
M;Manual;-146784.46
23843;PAPER CRAFT , LITTLE BIRDIE;-168469.60
AMAZONFEE;AMAZON FEE;-235281.59
