Description;Return Rate
 50'S CHRISTMAS GIFT BAG LARGE;-0.10454783063251437
 DOLLY GIRL BEAKER;-0.14297385620915032
 OVAL WALL MIRROR DIAMANTE ;-0.5364806866952789
 SET 2 TEA TOWELS I LOVE LONDON ;-0.0958887690279276
 SPACEBOY BABY GIFT SET;-0.4056795131845841
 TRELLIS COAT RACK;-0.4424778761061947
10 COLOUR SPACEBOY PEN;-0.33635794743429287
12 COLOURED PARTY BALLOONS;-0.936768149882904
12 EGG HOUSE PAINTED WOOD;-0.6756756756756757
12 IVORY ROSE PEG PLACE SETTINGS;-0.10330578512396695
12 MESSAGE CARDS WITH ENVELOPES;-0.05750431282346176
12 PENCIL SMALL TUBE WOODLAND;-0.0444247001332741
12 PENCILS SMALL TUBE RED RETROSPOT;-0.4601226993865031
12 PENCILS SMALL TUBE SKULL;-2.9401070074281854
12 PENCILS TALL TUBE POSY;-0.6335797254487857
12 PENCILS TALL TUBE RED RETROSPOT;-0.08518924181574784
12 PENCILS TALL TUBE SKULLS;-0.06195786864931846
12 PENCILS TALL TUBE WOODLAND;-0.24271844660194175
12 PINK HEN+CHICKS IN BASKET;-17.142857142857142
12 PINK ROSE PEG PLACE SETTINGS;-1.9047619047619049
15CM CHRISTMAS GLASS BALL 20 LIGHTS;-0.14139881362946613
16 PIECE CUTLERY SET PANTRY DESIGN;-0.3968253968253968
2 DAISIES HAIR COMB;-50.0
2 PICTURE BOOK EGGS EASTER CHICKS;-0.5882352941176471
20 DOLLY PEGS RETROSPOT;-0.2127659574468085
200 BENDY SKULL STRAWS;-0.15151515151515152
3 DRAWER ANTIQUE WHITE WOOD CABINET;-1.1697574893009985
3 GARDENIA MORRIS BOXED CANDLES;-0.4694835680751173
3 HEARTS HANGING DECORATION RUSTIC;-0.0908958696916812
3 HOOK HANGER MAGIC GARDEN;-0.11841326228537595
3 HOOK PHOTO SHELF ANTIQUE WHITE;-0.38777135339126817
3 PIECE SPACEBOY COOKIE CUTTER SET;-0.07651109410864576
3 RAFFIA RIBBONS 50'S CHRISTMAS ;-0.47732696897374705
3 ROSE MORRIS BOXED CANDLES;-0.3593890386343217
3 STRIPEY MICE FELTCRAFT;-0.09108976482278901
3 TIER CAKE TIN GREEN AND CREAM;-0.3233256351039261
3 TIER CAKE TIN RED AND CREAM;-1.6297428062133943
3 TIER SWEETHEART GARDEN SHELF;-1.8518518518518516
3 TRADITIONAl BISCUIT CUTTERS  SET;-0.647911338448423
36 DOILIES DOLLY GIRL;-1.3172338090010975
36 DOILIES VINTAGE CHRISTMAS;-2.2277227722772275
36 FOIL HEART CAKE CASES;-2.6624627780697145
36 PENCILS TUBE POSY;-12.857142857142856
36 PENCILS TUBE RED RETROSPOT;-0.2794076557697681
36 PENCILS TUBE SKULLS;-0.89736399326977
36 PENCILS TUBE WOODLAND;-1.1254501800720287
3D CHRISTMAS STAMPS STICKERS ;-1.2089810017271159
3D SHEET OF CAT STICKERS;-1.5625
4 TRADITIONAL SPINNING TOPS;-0.10235414534288638
5 HOOK HANGER MAGIC TOADSTOOL;-1.87018701870187
5 HOOK HANGER RED MAGIC TOADSTOOL;-0.11873920552677031
5 STRAND GLASS NECKLACE CRYSTAL;-5.555555555555555
50'S CHRISTMAS PAPER GIFT BAG;-0.07401924500370095
6 EGG HOUSE PAINTED WOOD;-0.6734006734006733
6 GIFT TAGS 50'S CHRISTMAS ;-0.5430355688297583
6 GIFT TAGS VINTAGE CHRISTMAS ;-0.30060120240480964
6 RIBBONS ELEGANT CHRISTMAS ;-0.6711409395973155
6 RIBBONS RUSTIC CHARM;-0.061937552373665605
6 RIBBONS SHIMMERING PINKS ;-0.8626887131560028
6 ROCKET BALLOONS ;-1.2345679012345678
60 CAKE CASES DOLLY GIRL DESIGN;-0.32441200324412006
60 CAKE CASES VINTAGE CHRISTMAS;-0.49545829892650706
60 TEATIME FAIRY CAKE CASES;-0.12056541019955654
72 SWEETHEART FAIRY CAKE CASES;-0.24565381708238848
ABC TREASURE BOOK BOX ;-0.2120640904806786
ADVENT CALENDAR GINGHAM SACK;-1.214171974522293
AFGHAN SLIPPER SOCK PAIR;-0.3868471953578337
AGED GLASS SILVER T-LIGHT HOLDER;-0.03976519598560878
AIRLINE BAG VINTAGE JET SET RED;-0.24198427102238354
AIRLINE BAG VINTAGE TOKYO 78;-0.1289134438305709
AIRLINE BAG VINTAGE WORLD CHAMPION ;-0.3558718861209964
ALARM CLOCK BAKELIKE CHOCOLATE;-0.16158221302998965
ALARM CLOCK BAKELIKE GREEN;-0.027395115842204134
ALARM CLOCK BAKELIKE IVORY;-0.12206572769953052
ALARM CLOCK BAKELIKE ORANGE;-0.07504236262406197
ALARM CLOCK BAKELIKE PINK;-0.04530837320838537
ALARM CLOCK BAKELIKE RED ;-0.028968146782382673
ALPHABET STENCIL CRAFT;-9.646799116997792
AMBER DIAMANTE EXPANDABLE RING;-24.0
AMBER DROP EARRINGS W LONG BEADS;-17.647058823529413
AMETHYST DIAMANTE EXPANDABLE RING;-32.14285714285714
ANGEL DECORATION 3 BUTTONS ;-0.06235524674861928
ANGEL DECORATION STARS ON DRESS;-0.903342366757001
ANT SILVER LIME GREEN BOUDICCA RING;-3.8461538461538463
ANT WHITE WIRE HEART SPIRAL;-0.2958579881656805
ANTIQUE ALL GLASS CANDLESTICK;-0.2568493150684931
ANTIQUE GLASS DRESSING TABLE POT;-0.15091555436313636
ANTIQUE GLASS HEART DECORATION ;-0.3067484662576687
ANTIQUE GLASS PEDESTAL BOWL;-0.1708479453286575
ANTIQUE HEART SHELF UNIT;-0.826972010178117
ANTIQUE IVORY WIRE BOWL SMALL;-6.25
ANTIQUE SILVER BAUBLE LAMP  ;-0.7065217391304348
ANTIQUE SILVER T-LIGHT GLASS;-0.09559651012233934
ANTIQUE SILVER TEA GLASS ENGRAVED;-0.036891860733225736
ANTIQUE SILVER TEA GLASS ETCHED;-0.10464860101343908
ANTIQUE TALL SWIRLGLASS TRINKET POT;-0.19357336430507163
APOTHECARY MEASURING JAR;-1.5151515151515151
APRON APPLE DELIGHT;-2.5641025641025643
ASS FLORAL PRINT MULTI SCREWDRIVER;-0.6612784717119765
ASSORTED BOTTLE TOP  MAGNETS ;-0.7348138471587198
ASSORTED CIRCULAR MOBILE;-0.28735632183908044
ASSORTED COLOUR BIRD ORNAMENT;-0.018324583344786195
ASSORTED COLOUR MINI CASES;-0.07567158531971245
ASSORTED COLOUR T-LIGHT HOLDER;-0.06904170118751726
ASSORTED COLOURS SILK FAN;-0.8058227190018196
ASSORTED CREEPY CRAWLIES;-0.9156810377718427
ASSORTED EASTER DECORATIONS  BELLS;-1.9160583941605838
ASSORTED MONKEY SUCTION CUP HOOK;-0.15337423312883436
ASSORTED SHAPES PHOTO CLIP SILVER ;-5.3452115812917596
ASSORTED TUTTI FRUTTI BRACELET;-0.9501187648456058
ASSORTED TUTTI FRUTTI HEART BOX;-6.578947368421053
ASSORTED TUTTI FRUTTI LARGE PURSE;-0.8547008547008548
ASSORTED TUTTI FRUTTI MIRROR;-2.2304832713754648
ASSORTED TUTTI FRUTTI PEN;-0.8354573775134524
ASSORTED TUTTI FRUTTI SMALL PURSE;-0.1358695652173913
ASSTD DESIGN 3D PAPER STICKERS;-0.4397215097105167
ASSTD DESIGN RACING CAR PEN;-2.5874125874125875
ASSTD FRUIT+FLOWERS FRIDGE MAGNETS;-2.9168646080760094
ASSTD MULTICOLOUR CIRCLES MUG;-0.25380710659898476
BABUSHKA LIGHTS STRING OF 10;-0.2918287937743191
BAG 125g SWIRLY MARBLES;-0.15586369988175855
BAG 250g SWIRLY MARBLES;-0.03243173120581177
BAG 500g SWIRLY MARBLES;-0.46328468844104703
BAKING MOULD CHOCOLATE CUPCAKES;-0.6937033084311632
BAKING MOULD EASTER EGG MILK CHOC;-9.948979591836736
BAKING MOULD EASTER EGG WHITE CHOC;-0.5119453924914675
BAKING MOULD HEART MILK CHOCOLATE;-9.47680157946693
BAKING MOULD ROSE MILK CHOCOLATE;-11.650485436893204
BAKING MOULD ROSE WHITE CHOCOLATE;-34.78260869565217
BAKING MOULD TOFFEE CUP CHOCOLATE;-7.9155672823219
BAKING SET 9 PIECE RETROSPOT ;-0.05160898603521554
BAKING SET SPACEBOY DESIGN;-0.08864435274338987
BALLOON PUMP WITH 10 BALLOONS;-1.1538461538461537
BANQUET BIRTHDAY  CARD  ;-0.7299270072992701
BASKET OF FLOWERS SEWING KIT;-0.12315270935960591
BASKET OF TOADSTOOLS;-39.92172211350293
BATH BUILDING BLOCK WORD;-0.24360535931790497
BEACH HUT DESIGN BLACKBOARD;-23.21428571428571
BEACH HUT KEY CABINET;-3.0303030303030303
BEACH HUT SHELF W 3 DRAWERS;-1.7316017316017316
BEADED CHANDELIER T-LIGHT HOLDER;-27.232704402515722
BEADED PEARL HEART WHITE ON STICK;-0.4408273991183452
BELLE JARDINIERE CUSHION COVER;-0.18567639257294427
BEST DAD CANDLE LETTERS;-3.3333333333333335
BIG DOUGHNUT FRIDGE MAGNETS;-2.130177514792899
BINGO SET;-0.17878426698450536
BIRD DECORATION GREEN POLKADOT;-1.4851485148514851
BIRD DECORATION RED RETROSPOT;-0.10917030567685589
BIRDCAGE DECORATION TEALIGHT HOLDER;-0.9316770186335404
BIRDHOUSE DECORATION MAGIC GARDEN;-0.7640878701050621
BIRDS MOBILE VINTAGE DESIGN;-1.25
BIRTHDAY BANQUET GIFT WRAP;-2.631578947368421
BISCUIT TIN 50'S CHRISTMAS;-0.42592592592592593
BISCUIT TIN VINTAGE CHRISTMAS;-0.16623376623376623
BISCUIT TIN VINTAGE GREEN;-0.2821670428893905
BISCUIT TIN VINTAGE RED;-0.2376782586940205
BLACK 3 BEAD DROP EARRINGS;-75.0
BLACK AND WHITE DOG BOWL;-0.467687074829932
BLACK BAROQUE WALL CLOCK ;-1.2048192771084338
BLACK BIRD GARDEN DESIGN MUG;-1.9230769230769231
BLACK CANDELABRA T-LIGHT HOLDER;-1.6465422612513718
BLACK CHAMPAGNE GLASS;-0.21944261575597981
BLACK DIAMANTE EXPANDABLE RING;-53.333333333333336
BLACK DINER WALL CLOCK;-3.125
BLACK ENAMEL FLOWER RING;-4.4303797468354436
BLACK HEART CARD HOLDER;-0.02053388090349076
BLACK KITCHEN SCALES;-0.4352030947775629
BLACK LOVE BIRD T-LIGHT HOLDER;-1.639344262295082
BLACK MEDIUM GLASS CAKE STAND;-5.555555555555555
BLACK PHOTO ALBUM ;-7.142857142857142
BLACK PIRATE TREASURE CHEST;-1.2548262548262548
BLACK RECORD COVER FRAME;-0.025770981874409415
BLACK SMALL GLASS CAKE STAND;-1.6666666666666667
BLACK SWEETHEART BRACELET;-1.0869565217391304
BLACK TEACOFFEESUGAR JARS;-1.6142050040355125
BLACK VINTAGE  CRYSTAL EARRINGS;-9.090909090909092
BLACK WINE GLASS;-0.17974835230677053
BLACK/BLUE POLKADOT UMBRELLA;-0.5102040816326531
BLUE  DIAMANTE PEN IN GIFT BOX;-38.297872340425535
BLUE  TILE HOOK;-5.0
BLUE  VOILE LAMPSHADE;-126.3157894736842
BLUE BLOSSOM HAIR CLIP;-16.666666666666664
BLUE CHARLIE+LOLA PERSONAL DOORSIGN;-8.548931383577052
BLUE CHENILLE SHAGGY CUSHION COVER ;-21.666666666666664
BLUE CIRCLES DESIGN MONKEY DOLL;-5.932203389830509
BLUE COAT RACK PARIS FASHION;-0.2699784017278618
BLUE DINER WALL CLOCK;-0.3215434083601286
BLUE DRAGONFLY HELICOPTER;-1.5625
BLUE DRAWER KNOB ACRYLIC EDWARDIAN;-0.3437334743521946
BLUE EASTER EGG HUNT START POST;-11.11111111111111
BLUE FLOCK GLASS CANDLEHOLDER;-0.9404388714733543
BLUE GEISHA GIRL ;-2.3255813953488373
BLUE GIANT GARDEN THERMOMETER;-0.3619909502262444
BLUE GLASS GEMS IN BAG;-0.3412969283276451
BLUE HAPPY BIRTHDAY BUNTING;-0.40650406504065034
BLUE HARMONICA IN BOX ;-0.2295040163202856
BLUE JUICY FRUIT PHOTO FRAME;-6.896551724137931
BLUE MONTE CARLO HANDBAG;-9.090909090909092
BLUE NEW BAROQUE CANDLESTICK CANDLE;-2.45
BLUE OWL SOFT TOY;-0.19569471624266144
BLUE PAPER PARASOL ;-0.3125
BLUE PARTY BAGS ;-1.8207282913165266
BLUE PATCH PURSE PINK HEART;-6.086956521739131
BLUE POLKADOT BEAKER ;-0.11761938367442955
BLUE POLKADOT BOWL;-0.1929880990672242
BLUE POLKADOT COFFEE MUG;-1.4194373401534528
BLUE POLKADOT CUP;-0.2035623409669211
BLUE POLKADOT GARDEN PARASOL;-0.641025641025641
BLUE POLKADOT PLATE ;-0.22055580061755622
BLUE POLKADOT WASHING UP GLOVES;-0.24271844660194172
BLUE POLKADOT WRAP;-1.6723650958822653
BLUE POT PLANT CANDLE ;-1.76056338028169
BLUE ROSE FABRIC MIRROR;-25.10460251046025
BLUE ROSE PATCH PURSE PINK BUTTERFL;-88.23529411764706
BLUE SCOTTIE DOG W FLOWER PATTERN;-1.694915254237288
BLUE SPOT CERAMIC DRAWER KNOB;-0.22907605989176988
BLUE STRIPE CERAMIC DRAWER KNOB;-0.15369836695485112
BLUE TILED TRAY;-166.66666666666669
BLUE VINTAGE SPOT BEAKER;-0.3267320130692805
BLUE WIRE SPIRAL CANDLE HOLDER;-9.090909090909092
BLUE/CREAM STRIPE CUSHION COVER ;-0.8347602739726027
BOHEMIAN COLLAGE STATIONERY SET;-1.9261637239165328
BOOZE & WOMEN GREETING CARD ;-0.398406374501992
BOTANICAL GARDENS WALL CLOCK ;-0.5674653215636822
BOTANICAL LAVENDER BIRTHDAY CARD;-2.4390243902439024
BOTANICAL LILY GIFT WRAP;-11.11111111111111
BOTTLE BAG RETROSPOT ;-0.34065102195306585
BOUDOIR SQUARE TISSUE BOX;-0.6513809275664408
BOX OF 24 COCKTAIL PARASOLS;-0.13106714019956028
BOX OF 6 ASSORTED COLOUR TEASPOONS;-0.17953321364452424
BOX OF 6 CHRISTMAS CAKE DECORATIONS;-0.30498744169357733
BOX OF 6 MINI 50'S CRACKERS;-0.5336277486429294
BOX OF 6 MINI VINTAGE CRACKERS;-0.6587976942080703
BOX OF 9 PEBBLE CANDLES;-1.25
BOX OF VINTAGE ALPHABET BLOCKS;-0.19563581640331074
BOX OF VINTAGE JIGSAW BLOCKS ;-0.3463203463203463
BOYS ALPHABET IRON ON PATCHES;-17.071724955542383
BOYS VINTAGE TIN SEASIDE BUCKET;-0.5582693649685974
BREAD BIN DINER STYLE IVORY;-0.16484957476302872
BREAD BIN DINER STYLE MINT;-0.6048387096774194
BREAD BIN DINER STYLE PINK;-0.43929712460063897
BREAD BIN DINER STYLE RED ;-0.22604764388801948
BROCADE RING PURSE ;-0.004337830217325294
BROCANTE COAT RACK;-0.7009345794392523
BROCANTE SHELF WITH HOOKS;-0.9032258064516128
BUFFALO BILL TREASURE BOOK BOX;-0.17452006980802792
BULL DOG BOTTLE OPENER;-0.37746806039488967
BULL DOG BOTTLE TOP WALL CLOCK;-0.5076142131979695
BUNDLE OF 3 ALPHABET EXERCISE BOOKS;-0.04249291784702549
BUNDLE OF 3 RETRO NOTE BOOKS;-0.06960556844547564
BUNDLE OF 3 SCHOOL EXERCISE BOOKS  ;-0.0588235294117647
BUNNY EGG GARLAND;-3.937007874015748
BUNNY WOODEN PAINTED WITH BIRD ;-0.20020020020020018
BUNNY WOODEN PAINTED WITH FLOWER ;-0.35335689045936397
BUTTERFLIES STICKERS;-1.929260450160772
BUTTERFLY HAIR BAND;-23.076923076923077
BUTTON BOX ;-0.8121277747698972
CABIN BAG VINTAGE PAISLEY;-7.916666666666667
CABIN BAG VINTAGE RETROSPOT;-0.5165289256198347
CACTI T-LIGHT CANDLES;-0.46622264509990485
CAKE STAND 3 TIER MAGIC GARDEN;-1.555478741790529
CAKE STAND LOVEBIRD 2 TIER PINK;-0.7751937984496124
CAKE STAND LOVEBIRD 2 TIER WHITE;-1.164021164021164
CAKE STAND VICTORIAN FILIGREE LARGE;-1.8518518518518516
CAKE STAND VICTORIAN FILIGREE MED;-0.3125
CAKE STAND VICTORIAN FILIGREE SMALL;-0.4043126684636119
CAKE STAND WHITE TWO TIER LACE;-0.2932551319648094
CALENDAR PAPER CUT DESIGN;-0.10893246187363835
CAMOUFLAGE DESIGN TEDDY;-0.06134969325153375
CAMOUFLAGE LED TORCH;-0.370919881305638
CANDLEHOLDER PINK HANGING HEART;-0.10666666666666666
CANDY HEART HANGING DECORATION;-0.07593014426727411
CANDY SPOT CUSHION COVER;-0.2958579881656805
CANDY SPOT HAND BAG;-0.7782101167315175
CARAVAN SQUARE TISSUE BOX;-0.6263048016701461
CARD BILLBOARD FONT;-1.1781553082080323
CARD BIRTHDAY COWBOY;-0.34532374100719426
CARD CAT AND TREE ;-0.7348438456827924
CARD CHRISTMAS VILLAGE;-0.8986239820275204
CARD DOLLY GIRL ;-0.18692986391505909
CARD HOLDER GINGHAM HEART;-13.211382113821138
CARD HOLDER LOVE BIRD LARGE ;-0.6818181818181818
CARD HOLDER LOVE BIRD SMALL;-0.6097560975609756
CARD I LOVE LONDON ;-0.22902948754652158
CARDHOLDER GINGHAM CHRISTMAS TREE;-2.777777777777778
CARDHOLDER HOLLY WREATH METAL;-0.1524390243902439
CARNIVAL BRACELET;-2.3255813953488373
CAROUSEL DESIGN WASHBAG;-1.8181818181818183
CAT BOWL VINTAGE CREAM;-1.2875536480686696
CERAMIC BOWL WITH LOVE HEART DESIGN;-0.9708737864077669
CERAMIC BOWL WITH STRAWBERRY DESIGN;-0.2054794520547945
CERAMIC CAKE BOWL + HANGING CAKES;-0.4405286343612334
CERAMIC CAKE DESIGN SPOTTED MUG;-0.2657689581856839
CERAMIC CAKE DESIGN SPOTTED PLATE;-0.352843503528435
CERAMIC CAKE STAND + HANGING CAKES;-0.3891050583657588
CERAMIC CHERRY CAKE MONEY BANK;-0.10158013544018057
CERAMIC HEART FAIRY CAKE MONEY BANK;-0.18108223263740947
CERAMIC LOVE HEART MONEY BANK;-1.6643550624133148
CERAMIC PIRATE CHEST MONEY BANK;-0.17482517482517482
CERAMIC PLATE STRAWBERRY DESIGN;-2.238805970149254
CERAMIC STRAWBERRY CAKE MONEY BANK;-0.08321924243644466
CERAMIC STRAWBERRY DESIGN MUG;-0.16987542468856173
CERAMIC STRAWBERRY MONEY BOX;-0.10204081632653061
CHALKBOARD KITCHEN ORGANISER;-500.0
CHARLIE & LOLA WASTEPAPER BIN BLUE;-0.15037593984962408
CHARLIE + LOLA BISCUITS TINS;-0.18083182640144665
CHARLIE AND LOLA FIGURES TINS;-0.08234519104084322
CHARLOTTE BAG APPLES DESIGN;-0.2984595635430039
CHARLOTTE BAG DOLLY GIRL DESIGN;-0.06248798308017689
CHARLOTTE BAG PINK POLKADOT;-0.1654897813170747
CHARLOTTE BAG SUKI DESIGN;-0.06943672925230529
CHARLOTTE BAG VINTAGE ALPHABET ;-0.4532080485952923
CHERRY BLOSSOM  DECORATIVE FLASK;-0.6279434850863422
CHERRY BLOSSOM DECORATIVE FLASK;-1.2411347517730495
CHERRY CROCHET FOOD COVER;-0.38167938931297707
CHERUB HEART DECORATION GOLD;-0.9668508287292817
CHERUB HEART DECORATION SILVER ;-1.650943396226415
CHEST 7 DRAWER MA CAMPAGNE;-5.88235294117647
CHEST OF DRAWERS GINGHAM HEART ;-0.9395973154362416
CHILDREN'S APRON DOLLY GIRL ;-0.08067118425298485
CHILDREN'S CIRCUS PARADE MUG;-0.3551251008878128
CHILDREN'S SPACEBOY MUG;-0.2442528735632184
CHILDRENS APRON SPACEBOY DESIGN;-0.08060182697474476
CHILDRENS CUTLERY CIRCUS PARADE;-0.2982107355864811
CHILDRENS CUTLERY DOLLY GIRL ;-0.15114873035066506
CHILDRENS CUTLERY POLKADOT BLUE;-0.1055594651653765
CHILDRENS CUTLERY POLKADOT GREEN ;-0.23861967694566813
CHILDRENS CUTLERY POLKADOT PINK;-0.10129146619397315
CHILDRENS CUTLERY RETROSPOT RED ;-0.2068252326783868
CHILDRENS CUTLERY SPACEBOY ;-0.5524861878453039
CHILDRENS DOLLY GIRL MUG;-0.18003420649923485
CHILDRENS TOY COOKING UTENSIL SET;-0.39546079779917465
CHILDS BREAKFAST SET CIRCUS PARADE;-0.36533131771227007
CHILDS BREAKFAST SET DOLLY GIRL ;-1.7558528428093645
CHILDS BREAKFAST SET SPACEBOY ;-0.24587706146926536
CHILDS GARDEN FORK BLUE ;-1.3029315960912053
CHILDS GARDEN FORK PINK;-1.405152224824356
CHILDS GARDEN SPADE PINK;-0.7407407407407408
CHILLI LIGHTS;-0.1303483559813602
CHOC TRUFFLE GOLD TRINKET POT ;-0.49261083743842365
CHOCOLATE 1 WICK MORRIS BOX CANDLE;-1.6483516483516485
CHOCOLATE BOX RIBBONS ;-0.40840140023337224
CHOCOLATE CALCULATOR;-2.6737967914438503
CHRISTMAS CARD SINGING ANGEL;-3.007518796992481
CHRISTMAS CRAFT LITTLE FRIENDS;-0.3632161135875846
CHRISTMAS CRAFT TREE TOP ANGEL;-0.14388489208633093
CHRISTMAS CRAFT WHITE FAIRY ;-0.16980549552330965
CHRISTMAS DECOUPAGE CANDLE;-1.9900497512437811
CHRISTMAS GINGHAM HEART;-28.51485148514851
CHRISTMAS GINGHAM STAR;-6.789250353606789
CHRISTMAS GINGHAM TREE;-0.04987531172069825
CHRISTMAS HANGING STAR WITH BELL;-0.5011892626571526
CHRISTMAS LIGHTS 10 REINDEER;-0.15731030228254164
CHRISTMAS LIGHTS 10 SANTAS ;-1.188242651657286
CHRISTMAS LIGHTS 10 VINTAGE BAUBLES;-0.23292457354250873
CHRISTMAS METAL POSTCARD WITH BELLS;-0.1933372992266508
CHRISTMAS METAL TAGS ASSORTED ;-1.5664845173041895
CHRISTMAS MUSICAL ZINC STAR;-1.244167962674961
CHRISTMAS MUSICAL ZINC TREE;-0.6072874493927125
CHRISTMAS PUDDING TRINKET POT ;-0.04079513425307817
CHRISTMAS RETROSPOT ANGEL WOOD;-0.053806833467850416
CHRISTMAS RETROSPOT STAR WOOD;-0.5582137161084529
CHRISTMAS RETROSPOT TREE WOOD;-0.4723837209302326
CHRISTMAS STAR WISH LIST CHALKBOARD;-0.11983510689291536
CHRISTMAS TOILET ROLL;-0.528169014084507
CHRISTMAS TREE DECORATION WITH BELL;-2.9629629629629632
CHRISTMAS TREE HANGING GOLD;-1.5483870967741935
CHRISTMAS TREE HANGING SILVER ;-1.5170670037926675
CHRISTMAS TREE HEART DECORATION;-0.047080979284369114
CHRISTMAS TREE PAINTED ZINC ;-0.6360279031596225
CHUNKY SILVER NECKLACE PASTEL FLOWE;-6.666666666666667
CINAMMON & ORANGE WREATH;-3.608247422680412
CINAMMON SET OF 9 T-LIGHTS;-1.2790697674418605
CINDERELLA CHANDELIER ;-4.733333333333333
CIRCUS PARADE BABY GIFT SET;-0.4792332268370607
CIRCUS PARADE CHILDRENS EGG CUP ;-0.8776091081593927
CIRCUS PARADE LUNCH BOX ;-0.180772391125719
CITRONELLA CANDLE FLOWERPOT;-0.410783055198973
CITRONELLA CANDLE GARDEN POT;-0.2443494196701283
CLASSIC CAFE SUGAR DISPENSER;-0.09927200529450694
CLASSIC CHROME BICYCLE BELL ;-0.48212133386902367
CLASSIC DIAMANTE EARRINGS JET;-75.0
CLASSIC DIAMANTE NECKLACE JET;-50.0
CLASSIC FRENCH STYLE BASKET GREEN ;-1.3432835820895523
CLASSIC FRENCH STYLE BASKET NATURAL;-0.28901734104046245
CLASSIC GLASS COOKIE JAR;-0.20231465367211973
CLASSIC METAL BIRDCAGE PLANT HOLDER;-0.42105263157894735
CLASSICAL ROSE SMALL VASE;-1.0791366906474822
CLEAR DRAWER KNOB ACRYLIC EDWARDIAN;-0.11355034065102194
CLEAR MILKSHAKE GLASS;-12.5
CLOTHES PEGS RETROSPOT PACK 24 ;-0.044156144537779794
COCKLE SHELL DISH;-0.2949852507374631
COCKTAIL SWORDS 50 PIECES;-0.3225806451612903
COFFEE MUG APPLES DESIGN;-0.2692867540029112
COFFEE MUG CAT + BIRD DESIGN;-0.0989935654182478
COFFEE MUG DOG + BALL DESIGN;-0.16993464052287582
COFFEE MUG PEARS  DESIGN;-0.1725625539257981
COFFEE MUG PINK PAISLEY DESIGN;-0.1445086705202312
COLOUR GLASS T-LIGHT HOLDER HANGING;-0.035103785103785104
COLOUR GLASS. STAR T-LIGHT HOLDER;-1.0720286361312004
COLOURED GLASS STAR T-LIGHT HOLDER;-0.8044093549828691
COLOURING PENCILS BROWN TUBE;-0.10811873402791429
COOKING SET RETROSPOT;-13.605442176870747
CORDIAL GLASS JUG;-8.333333333333334
COSY HOUR CIGAR BOX MATCHES ;-2.0392749244712993
COTTON APRON PANTRY DESIGN;-2.237215909090909
CRAZY DAISY HEART DECORATION;-0.21598272138228944
CREAM CUPID HEARTS COAT HANGER;-0.3546099290780142
CREAM HEART CARD HOLDER;-0.019316672703126887
CREAM SWEETHEART EGG HOLDER;-0.13089005235602094
CREAM SWEETHEART LETTER RACK;-0.46728971962616817
CREAM SWEETHEART MINI CHEST;-0.09225497517901858
CREAM WALL PLANTER HEART SHAPED;-0.23148148148148145
CRYSTAL PAIR HEART HAIR SLIDES;-15.384615384615385
CRYSTAL STUD EARRINGS ASSORTED COL ;-6.25
CUPBOARD 3 DRAWER MA CAMPAGNE;-1.680672268907563
CUPCAKE LACE PAPER SET 6;-0.6501950585175553
CURIO CABINET LINEN AND LACE ;-2.857142857142857
CURIOUS  IMAGES NOTEBOOK SET;-7.0588235294117645
CURIOUS IMAGES GIFT WRAP SET;-1.7830609212481425
DAIRY MAID LARGE MILK JUG;-0.4476584022038568
DAIRY MAID STRIPE MUG;-0.3504043126684636
DAIRY MAID TOASTRACK;-1.0649441340782124
DAIRY MAID TRADITIONAL TEAPOT ;-0.6862745098039216
DAISY HAIR BAND;-16.43835616438356
DAISY HAIR COMB;-46.15384615384615
DANISH ROSE BEDSIDE CABINET;-17.142857142857142
DANISH ROSE DECORATIVE PLATE;-0.674690007293946
DANISH ROSE DELUXE COASTER;-1.2834224598930482
DANISH ROSE PHOTO FRAME;-1.021175964742556
DANISH ROSE ROUND SEWING BOX;-0.24783147459727384
DANISH ROSE TRINKET TRAYS;-1.556420233463035
DARK BIRD HOUSE TREE DECORATION;-0.2700877785280216
DECORATION  BUTTERFLY  MAGIC GARDEN;-0.4895960832313341
DECORATION  PINK CHICK MAGIC GARDEN;-1.7421602787456447
DECORATION SITTING BUNNY;-2.70645385149202
DECORATION WHITE CHICK MAGIC GARDEN;-0.425531914893617
DECORATION WOBBLY CHICKEN;-2.18978102189781
DECORATIVE CATS BATHROOM BOTTLE;-0.09140767824497258
DECORATIVE FLORE BATHROOM BOTTLE;-0.5859375
DECORATIVE HANGING SHELVING UNIT;-20.0
DECORATIVE PLANT POT WITH FRIEZE;-2.8169014084507045
DECORATIVE WICKER HEART LARGE;-0.16901408450704225
DECORATIVE WICKER HEART MEDIUM;-0.33370411568409347
DELUXE SEWING KIT ;-0.17093131668911218
DENIM PATCH PURSE PINK BUTTERFLY;-4.854368932038835
DIAMANTE HAIR GRIP PACK/2 BLACK DIA;-60.0
DIAMANTE HAIR GRIP PACK/2 CRYSTAL;-15.384615384615385
DIAMANTE HAIR GRIP PACK/2 LT ROSE;-40.0
DIAMANTE HAIR GRIP PACK/2 MONTANA;-66.66666666666666
DIAMANTE HAIR GRIP PACK/2 PERIDOT;-31.57894736842105
DIAMANTE HAIR GRIP PACK/2 RUBY;-31.57894736842105
DIAMANTE HEART SHAPED WALL MIRROR ;-0.24154589371980675
DIAMANTE NECKLACE PURPLE;-16.666666666666664
DINOSAUR KEYRINGS ASSORTED;-1.5964523281596452
DINOSAUR LUNCH BOX WITH CUTLERY;-0.078125
DISCO BALL ROTATOR BATTERY OPERATED;-0.9375
DO NOT TOUCH MY STUFF DOOR HANGER ;-0.08333333333333334
DOCTOR'S BAG SOFT TOY;-0.5494505494505495
DOG BOWL CHASING BALL DESIGN;-0.4797047970479705
DOG BOWL VINTAGE CREAM;-0.6493506493506493
DOILEY STORAGE TIN;-0.09182736455463728
DOLLY CABINET 2 DRAWERS ;-5.0
DOLLY CABINET 3 DRAWERS ;-2.717391304347826
DOLLY GIRL BABY GIFT SET;-0.40887850467289716
DOLLY GIRL CHILDRENS BOWL;-0.18633540372670807
DOLLY GIRL CHILDRENS CUP;-0.20512820512820515
DOLLY GIRL CHILDRENS EGG CUP;-0.10526315789473684
DOLLY GIRL LUNCH BOX;-0.23875672859871505
DOLLY GIRL MINI BACKPACK;-0.13477088948787064
DOOR HANGER  MUM + DADS ROOM;-0.49019607843137253
DOORMAT 3 SMILEY CATS;-0.17035775127768313
DOORMAT AIRMAIL ;-1.1597938144329898
DOORMAT BLACK FLOCK ;-0.09197939661515821
DOORMAT ENGLISH ROSE ;-0.09799118079372855
DOORMAT FAIRY CAKE;-7.633933627817419
DOORMAT FANCY FONT HOME SWEET HOME;-0.05142445747197367
DOORMAT HEARTS;-0.04388531304856641
DOORMAT HOME SWEET HOME BLUE ;-0.0927643784786642
DOORMAT KEEP CALM AND COME IN;-0.6103846779881721
DOORMAT MERRY CHRISTMAS RED ;-4.166666666666667
DOORMAT MULTICOLOUR STRIPE;-0.10073875083948959
DOORMAT NEIGHBOURHOOD WITCH ;-0.35714285714285715
DOORMAT NEW ENGLAND;-0.052273915316257184
DOORMAT RED RETROSPOT;-0.23413388201071342
DOORMAT RESPECTABLE HOUSE;-0.2528445006321113
DOORMAT SPOTTY HOME SWEET HOME;-0.1142204454597373
DOORMAT TOPIARY;-0.6526674233825198
DOORMAT UNION FLAG;-0.045714285714285714
DOORMAT VINTAGE LEAF;-0.6283662477558348
DOORMAT WELCOME PUPPIES;-0.08090614886731391
DOORMAT WELCOME SUNRISE;-0.4065040650406504
DOORMAT WELCOME TO OUR HOME;-0.0982961992136304
DOORSTOP RETROSPOT HEART;-0.3487634749524413
DOUGHNUT LIP GLOSS ;-0.19314340898116847
DOVE DECORATION PAINTED ZINC ;-0.9745762711864407
DRAWER KNOB CERAMIC BLACK;-0.6091370558375634
DRAWER KNOB CERAMIC IVORY;-0.2079482439926063
DRAWER KNOB CRACKLE GLAZE BLUE;-0.19347705914870095
DRAWER KNOB CRACKLE GLAZE GREEN;-0.2667682926829268
DRAWER KNOB CRACKLE GLAZE IVORY;-0.19762845849802374
DRAWER KNOB CRACKLE GLAZE PINK;-0.17580872011251758
DRAWER KNOB VINTAGE GLASS BALL;-1.744186046511628
DRAWER KNOB VINTAGE GLASS STAR;-1.2891344383057088
DROP DIAMANTE EARRINGS CRYSTAL;-30.0
DROP DIAMANTE EARRINGS GREEN;-75.0
DROP DIAMANTE EARRINGS PURPLE;-31.57894736842105
EASTER BUNNY HANGING GARLAND;-1.4925373134328357
EASTER CRAFT 4 CHICKS ;-0.38981288981288986
EASTER DECORATION SITTING BUNNY;-0.18867924528301888
EASTER TIN BUNNY BOUQUET;-0.45312942509204196
EASTER TIN CHICKS PINK DAISY;-1.2864493996569468
EASTER TIN KEEPSAKE;-0.2978850163836759
EAU DE NIL LOVE BIRD CANDLE;-2.877697841726619
EAU DE NILE HEART SHAPE PHOTO FRAME;-0.30303030303030304
EAU DE NILE JEWELLED PHOTOFRAME;-16.22222222222222
EDWARDIAN DROP EARRINGS JET BLACK;-20.0
EDWARDIAN PARASOL BLACK;-0.9282399143163158
EDWARDIAN PARASOL NATURAL;-0.20235728486225504
EDWARDIAN PARASOL PINK;-0.3121098626716604
EDWARDIAN PARASOL RED;-0.1763668430335097
EGG CUP HENRIETTA HEN CREAM ;-0.1589825119236884
EGG CUP HENRIETTA HEN PINK;-0.4761904761904762
EGG CUP MILKMAID HEIDI;-0.4550625711035267
EGG CUP MILKMAID HELGA ;-0.6172839506172839
EGG FRYING PAN IVORY ;-1.639344262295082
EGG FRYING PAN RED ;-1.411764705882353
EIGHT PIECE DINOSAUR SET;-3.278688524590164
ELEPHANT BIRTHDAY CARD ;-0.36275695284159615
EMBOSSED GLASS TEALIGHT HOLDER;-0.12467191601049869
EMBOSSED HEART TRINKET BOX;-2.459016393442623
EMBROIDERED RIBBON REEL EMILY ;-0.8802816901408451
EMBROIDERED RIBBON REEL RACHEL ;-1.6853932584269662
EMBROIDERED RIBBON REEL SALLY ;-1.2711864406779663
EMBROIDERED RIBBON REEL SUSIE ;-1.0714285714285714
EMERGENCY FIRST AID TIN ;-0.5447364837259975
EMPIRE BIRTHDAY CARD;-0.9950248756218906
EMPIRE DESIGN ROSETTE;-0.023568230025925053
EMPIRE GIFT WRAP;-0.7352941176470588
EMPIRE TISSUE BOX;-0.35282258064516125
EMPIRE UNION JACK TV DINNER TRAY;-0.9153318077803204
ENAMEL BLUE RIM COFFEE CONTAINER;-4.676258992805756
ENAMEL BREAD BIN CREAM;-0.19445794846864364
ENAMEL COLANDER CREAM;-0.43956043956043955
ENAMEL FIRE BUCKET CREAM;-0.6000000000000001
ENAMEL FLOWER JUG CREAM;-0.1560004457155592
ENAMEL MEASURING JUG CREAM;-0.16646489104116222
ENAMEL WASH BOWL CREAM;-0.40871934604904625
ENCHANTED BIRD COATHANGER 5 HOOK;-0.9006211180124223
ENGLISH ROSE GARDEN SECATEURS;-0.5979073243647235
ENGLISH ROSE NOTEBOOK A7 SIZE;-1.0256410256410255
ENGLISH ROSE SCENTED HANGING FLOWER;-0.3656307129798903
ENGLISH ROSE SPIRIT LEVEL ;-0.41067761806981523
ENVELOPE 50 BLOSSOM IMAGES;-1.1267605633802817
EUCALYPTUS & PINECONE  WREATH;-1.2195121951219514
FAIRY CAKE BIRTHDAY CANDLE SET;-1.0443307757885762
FAIRY CAKE DESIGN UMBRELLA;-0.22075055187637968
FAIRY CAKE FLANNEL ASSORTED COLOUR;-14.782486273405603
FAIRY CAKES NOTEBOOK A6 SIZE;-3.790901835594573
FAIRY CAKES NOTEBOOK A7 SIZE;-1.165614375910636
FAIRY SOAP SOAP HOLDER;-0.37735849056603776
FAIRY TALE COTTAGE NIGHT LIGHT;-1.7708333333333333
FAIRY TALE COTTAGE NIGHTLIGHT;-0.09573958831977022
FAMILY ALBUM WHITE PICTURE FRAME;-0.16143678740793058
FAMILY PHOTO FRAME CORNICE;-0.17307692307692307
FANCY FONT BIRTHDAY CARD ;-0.2426202992317024
FEATHER PENCOAL BLACK;-1.6440542697525937
FEATHER PENHOT PINK;-1.885804085908853
FEATHER PENLIGHT PINK;-2.113739305485657
FELT EGG COSY BLUE RABBIT ;-0.7299270072992701
FELT EGG COSY CHICKEN;-0.2446183953033268
FELT EGG COSY LADYBIRD ;-17.62589928057554
FELT EGG COSY WHITE RABBIT ;-0.6884681583476765
FELT FARM ANIMAL RABBIT;-0.3867403314917127
FELTCRAFT 6 FLOWER FRIENDS;-1.2689683267135146
FELTCRAFT BOY JEAN-PAUL KIT;-0.9615384615384617
FELTCRAFT BUTTERFLY HEARTS;-2.047917055856529
FELTCRAFT CHRISTMAS FAIRY;-0.35864978902953587
FELTCRAFT CUSHION BUTTERFLY;-2.5152340204848955
FELTCRAFT CUSHION OWL;-1.2264457439896035
FELTCRAFT CUSHION RABBIT;-2.8685165671467043
FELTCRAFT DOLL EMILY;-0.2611940298507463
FELTCRAFT DOLL MARIA;-0.5128205128205128
FELTCRAFT DOLL MOLLY;-7.863275730898816
FELTCRAFT DOLL ROSIE;-0.23557126030624265
FELTCRAFT GIRL AMELIE KIT;-0.26773761713520744
FELTCRAFT GIRL NICOLE KIT;-0.6605691056910569
FELTCRAFT HAIRBAND PINK AND BLUE;-2.9702970297029703
FELTCRAFT PRINCESS LOLA DOLL;-0.14895729890764647
FELTCRAFT PRINCESS OLIVIA DOLL;-0.1278772378516624
FILIGREE HEART BIRD WHITE ;-10.682492581602373
FILIGREE HEART BUTTERFLY WHITE ;-0.18337408312958436
FILIGREE HEART DAISY WHITE;-4.0033361134278564
FILIGRIS HEART WITH BUTTERFLY;-0.07686395080707148
FINE WICKER HEART ;-0.4559270516717325
FIRST AID TIN;-1.923076923076923
FIVE HEART HANGING DECORATION;-0.7692307692307692
FLAG OF ST GEORGE CHAIR;-4.285714285714286
FLOOR CUSHION ELEPHANT CARNIVAL;-1.4705882352941175
FLORAL FOLK STATIONERY SET;-0.6214396685655101
FLOWER VINE RAFFIA FOOD COVER;-0.6613756613756614
FLOWERS CHANDELIER T-LIGHT HOLDER;-21.540178571428573
FLOWERS TILE HOOK;-3.508771929824561
FLUTED ANTIQUE CANDLE HOLDER;-0.42903110475509476
FOLDING BUTTERFLY MIRROR HOT PINK ;-0.10718113612004287
FOLDING UMBRELLA CREAM POLKADOT;-0.5263157894736842
FOLK ART GREETING CARDpack/12;-91.66666666666666
FOLKART HEART NAPKIN RINGS;-7.017543859649122
FOLKART STAR CHRISTMAS DECORATIONS;-0.6745362563237773
FOLKART ZINC HEART CHRISTMAS DEC;-0.033355570380253496
FOOD CONTAINER SET 3 LOVE HEART ;-0.04906771344455348
FOOD COVER WITH BEADS SET 2 ;-0.398406374501992
FOOT STOOL HOME SWEET HOME ;-0.24844720496894412
FORKED CACTUS CANDLE;-1.0101010101010102
FOUR HOOK  WHITE LOVEBIRDS;-0.18856065367693275
FRAPPUCINO SCARF KNITTING KIT;-2.6865671641791042
FRENCH BATHROOM SIGN BLUE METAL;-0.365296803652968
FRENCH BLUE METAL DOOR SIGN 0;-1.6863406408094435
FRENCH BLUE METAL DOOR SIGN 1;-0.469283276450512
FRENCH BLUE METAL DOOR SIGN 2;-0.5461767626613704
FRENCH BLUE METAL DOOR SIGN 3;-0.6440281030444965
FRENCH BLUE METAL DOOR SIGN 4;-1.3297872340425532
FRENCH BLUE METAL DOOR SIGN 5;-1.8159806295399514
FRENCH BLUE METAL DOOR SIGN 6;-0.5586592178770949
FRENCH BLUE METAL DOOR SIGN 7;-0.8112094395280236
FRENCH BLUE METAL DOOR SIGN 8;-0.9216589861751152
FRENCH BLUE METAL DOOR SIGN 9;-0.8176100628930817
FRENCH BLUE METAL DOOR SIGN No;-1.2060301507537687
FRENCH CHATEAU LARGE PLATTER ;-7.6923076923076925
FRENCH ENAMEL CANDLEHOLDER;-0.1195457262402869
FRENCH ENAMEL POT W LID;-0.22792022792022792
FRENCH FLORAL CUSHION COVER ;-1.812688821752266
FRENCH GARDEN SIGN BLUE METAL;-1.5345268542199488
FRENCH KITCHEN SIGN BLUE METAL;-0.7401315789473685
FRENCH LATTICE CUSHION COVER ;-2.727272727272727
FRENCH LAUNDRY SIGN BLUE METAL;-0.10395010395010396
FRENCH LAVENDER SCENT HEART;-0.2788104089219331
FRENCH PAISLEY CUSHION COVER;-7.59493670886076
FRENCH STYLE EMBOSSED HEART CABINET;-4.166666666666666
FRENCH STYLE STORAGE JAR BONBONS;-0.4019991308126901
FRENCH STYLE STORAGE JAR CAFE ;-0.3045685279187817
FRENCH STYLE STORAGE JAR JAM;-0.3105590062111801
FRENCH TOILET SIGN BLUE METAL;-0.48616305160807777
FRENCH WC SIGN BLUE METAL;-0.13312034078807242
FRIDGE MAGNETS LA VIE EN ROSE;-4.957180500658762
FRIDGE MAGNETS LES ENFANTS ASSORTED;-2.440377149195785
FRIDGE MAGNETS US DINER ASSORTED;-3.4589800443458985
FROG CANDLE;-3.225806451612903
FRUIT TREE AND BIRDS WALL PLAQUE;-3.947368421052631
FRYING PAN BLUE POLKADOT;-0.5208333333333333
FRYING PAN PINK POLKADOT;-1.015228426395939
FRYING PAN RED RETROSPOT;-0.8714596949891068
FRYING PAN UNION FLAG;-1.4892772041302622
FULL ENGLISH BREAKFAST PLATE;-0.40993788819875776
FUNKY DIVA PEN;-0.20009416195856874
FUNKY WASHING UP GLOVES ASSORTED;-0.09980039920159679
GAOLERS KEYS DECORATIVE GARDEN ;-0.4282655246252677
GARDEN PATH JOURNAL;-0.40650406504065045
GARDENERS KNEELING PAD CUP OF TEA ;-0.3253076511503478
GARDENERS KNEELING PAD KEEP CALM ;-0.1189718328967554
GARDENIA 1 WICK MORRIS BOXED CANDLE;-0.4464285714285714
GARDENIA 3 WICK MORRIS BOXED CANDLE;-0.7272727272727274
GARLAND WITH HEARTS AND BELLS;-1.2280701754385965
GARLAND WITH STARS AND BELLS;-0.6457564575645756
GARLAND WOODEN HAPPY EASTER;-0.06754474839581223
GEORGIAN TRINKET BOX;-0.6993006993006993
GIANT 50'S CHRISTMAS CRACKER;-0.2448210922787194
GIFT BAG BIRTHDAY;-0.21321961620469082
GIFT BAG PSYCHEDELIC APPLES;-1.0247651579846286
GIN & TONIC DIET GREETING CARD ;-0.3677597303095311
GIN AND TONIC MUG;-0.10621348911311736
GINGERBREAD MAN COOKIE CUTTER;-0.033588606744592235
GINGHAM HEART  DOORSTOP RED;-0.7623888182973316
GINGHAM RECIPE BOOK BOX;-0.21505376344086022
GIRAFFE WOODEN RULER;-3.748031496062992
GLAMOROUS  MUG;-0.625
GLASS  BEURRE DISH;-0.1570475068708284
GLASS  SONGBIRD STORAGE JAR;-0.6134969325153374
GLASS APOTHECARY BOTTLE ELIXIR;-0.35335689045936397
GLASS APOTHECARY BOTTLE PERFUME;-0.15009380863039398
GLASS APOTHECARY BOTTLE TONIC;-0.2176278563656148
GLASS BON BON JAR;-0.09157509157509157
GLASS CHALICE BLUE SMALL ;-0.5007363770250368
GLASS CHALICE GREEN  LARGE ;-3.684210526315789
GLASS CHALICE GREEN  SMALL ;-0.625
GLASS CLOCHE LARGE;-0.36231884057971014
GLASS CLOCHE SMALL;-0.4791853848457623
GLASS HEART T-LIGHT HOLDER ;-0.09379727685325265
GLASS JAR DAISY FRESH COTTON WOOL;-0.27739251040221913
GLASS JAR DIGESTIVE BISCUITS;-0.8591946652987945
GLASS JAR ENGLISH CONFECTIONERY;-0.6757626464152401
GLASS JAR KINGS CHOICE;-0.806451612903226
GLASS JAR MARMALADE ;-9.180790960451976
GLASS JAR PEACOCK BATH SALTS;-1.2373453318335206
GLASS SPHERE CANDLE STAND MEDIUM;-0.9009009009009009
GLASS STAR FROSTED T-LIGHT HOLDER;-0.30864197530864196
GLASS TWIST BON BON JAR;-4.225352112676056
GLITTER CHRISTMAS TREE WITH BELLS;-0.20352781546811397
GLITTER HANGING BUTTERFLY STRING;-1.6736401673640167
GLITTER HEART GARLAND WITH BELLS ;-3.3112582781456954
GLITTER STAR GARLAND WITH BELLS ;-5.02092050209205
GOLD EAR MUFF HEADPHONES;-2.7027027027027026
GOLD MINI TAPE MEASURE ;-32.05128205128205
GOLD MUG BONE CHINA TREE OF LIFE;-1.06703146374829
GOLD SCROLL GLASS T-LIGHT HOLDER;-3.896103896103896
GOLDIE LOOKING MIRROR;-120.0
GRAND CHOCOLATECANDLE;-0.05249454056778095
GRASS HOPPER WOODEN WALL CLOCK ;-0.6242197253433209
GREEN CHRISTMAS TREE CARD HOLDER;-0.10565240359218171
GREEN CHRISTMAS TREE STRING 20LIGHT;-10.526315789473683
GREEN ENAMEL FLOWER HAIR TIE;-42.857142857142854
GREEN GIANT GARDEN THERMOMETER;-0.4807692307692308
GREEN GOOSE FEATHER TREE 60CM;-1.183431952662722
GREEN METAL BOX ARMY SUPPLIES;-0.4329004329004329
GREEN METAL SWINGING BUNNY;-0.949367088607595
GREEN PAIR HEART HAIR SLIDES;-21.052631578947366
GREEN POLKADOT BOWL;-0.3821656050955414
GREEN REGENCY TEACUP AND SAUCER;-0.04754590008046229
GREEN VINTAGE SPOT BEAKER;-0.09767744736270892
GREETING CARD STICKY GORDON;-5.150214592274678
GROW A FLYTRAP OR SUNFLOWER IN TIN;-0.2226069750185506
GROW YOUR OWN BASIL IN ENAMEL MUG;-0.09541984732824427
GROW YOUR OWN FLOWERS SET OF 3;-0.5513784461152882
GROW YOUR OWN HERBS SET OF 3;-0.6134969325153374
GROW YOUR OWN PLANT IN A CAN ;-1.3201320132013203
GUMBALL COAT RACK;-0.06269993602047345
GUMBALL MAGAZINE RACK;-0.6578064169687206
GUMBALL MONOCHROME COAT RACK;-0.4098360655737705
GYMKHANA TREASURE BOOK BOX;-0.27497027348394765
HAIRCLIPS FORTIES FABRIC ASSORTED;-0.44776119402985076
HAND OPEN SHAPE DECO.WHITE;-1.098901098901099
HAND OVER THE CHOCOLATE   SIGN ;-0.30088639505570464
HAND WARMER BABUSHKA DESIGN;-0.6083490664988462
HAND WARMER BIRD DESIGN;-0.1382801085368399
HAND WARMER OWL DESIGN;-0.13351424694708278
HAND WARMER RED RETROSPOT;-0.0838150289017341
HAND WARMER SCOTTY DOG DESIGN;-0.3404385830394111
HAND WARMER UNION JACK;-0.07672558798359252
HANGING  BUTTERFLY T-LIGHT HOLDER;-0.417298937784522
HANGING BAUBLE T-LIGHT HOLDER SMALL;-15.450643776824036
HANGING CHICK CREAM DECORATION;-1.8561484918793503
HANGING CLEAR MINI BOTTLE;-0.2317497103128621
HANGING FAIRY CAKE DECORATION;-5.585023400936039
HANGING HEART BONHEUR;-0.16420361247947454
HANGING HEART JAR T-LIGHT HOLDER;-0.04728324011780282
HANGING HEART MIRROR DECORATION ;-0.04275331338178709
HANGING HEART WITH BELL;-1.0498687664041995
HANGING HEART ZINC T-LIGHT HOLDER;-0.04569715580902245
HANGING JAM JAR T-LIGHT HOLDER;-0.11813238327395463
HANGING JAM JAR T-LIGHT HOLDERS;-0.10676156583629894
HANGING METAL HEART LANTERN;-0.3355797001787924
HANGING METAL STAR LANTERN;-0.18972665308130135
HANGING QUILTED PATCHWORK APPLES;-1.293696669419213
HANGING SPRING FLOWER EGG LARGE;-1.0144927536231885
HANGING SPRING FLOWER EGG SMALL;-0.8276255707762555
HANGING WOOD AND FELT FLOWER;-0.04868549172346641
HAPPY EASTER HANGING DECORATION;-0.9845288326300983
HAPPY STENCIL CRAFT;-0.0353356890459364
HEART CALCULATOR;-0.4570122822050842
HEART DECORATION RUSTIC HANGING ;-0.47393364928909953
HEART DECORATION WITH PEARLS ;-0.3859017236943659
HEART FILIGREE DOVE  SMALL;-0.20606060606060606
HEART FILIGREE DOVE LARGE;-0.4293381037567084
HEART GARLAND RUSTIC PADDED;-2.156862745098039
HEART IVORY TRELLIS LARGE;-0.03169572107765452
HEART MINI PORTRAIT FRAME;-0.19342359767891684
HEART MIRROR ANTIQUE WHITE;-0.5617977528089888
HEART OF WICKER LARGE;-0.04321740898922107
HEART OF WICKER SMALL;-0.06880874227813004
HEART SHAPE WIRELESS DOORBELL;-0.6074411541381929
HEART SHAPED HOLLY WREATH;-0.10537407797681769
HEART STRING MEMO HOLDER HANGING;-1.4705882352941178
HEART T-LIGHT HOLDER;-4.887218045112782
HEART T-LIGHT HOLDER WILLIE WINKIE;-0.10362694300518134
HEART WOODEN CHRISTMAS DECORATION;-8.955223880597014
HEART WREATH DECORATION WITH BELL;-0.8976660682226211
HEARTS  STICKERS;-1.4580801944106925
HELLO SAILOR BLUE SOAP HOLDER;-9.75609756097561
HEN HOUSE DECORATION;-0.6907545164718384
HEN HOUSE W CHICK STANDING;-0.3546099290780142
HEN PARTY CORDON BARRIER TAPE;-0.4975124378109453
HENRIETTA HEN MUG ;-1.3793103448275863
HERB MARKER BASIL;-40.184210526315795
HERB MARKER CHIVES ;-0.7021650087770626
HERB MARKER MINT;-0.6876790830945558
HERB MARKER PARSLEY;-0.644468313641246
HERB MARKER ROSEMARY;-0.6211180124223602
HERB MARKER THYME;-0.6329113924050633
HI TEC ALPINE HAND WARMER;-1.440576230492197
HOLIDAY FUN LUDO;-0.34572169403630076
HOME BUILDING BLOCK WORD;-0.07246376811594203
HOME GARLAND PAINTED ZINC ;-1.8730489073881373
HOME SMALL WOOD LETTERS;-1.0101010101010102
HOME SWEET HOME 2 DRAWER CABINET;-0.3952569169960474
HOME SWEET HOME BLACKBOARD;-0.2109397730578993
HOME SWEET HOME BOTTLE ;-0.21141649048625794
HOME SWEET HOME CUSHION COVER ;-0.44529262086513993
HOME SWEET HOME HOOK;-1.5479876160990713
HOME SWEET HOME KEY HOLDER;-0.3303964757709251
HOME SWEET HOME MUG;-1.6063521148266913
HOMEMADE JAM SCENTED CANDLES;-0.14122014202711428
HOOK 1 HANGER MAGIC GARDEN;-0.19872813990461047
HOT BATHS SOAP HOLDER;-2.330508474576271
HOUSE SHAPE PENCIL SHARPENER;-1.6
HYACINTH BULB T-LIGHT CANDLES;-3.2015810276679844
I CAN ONLY PLEASE ONE PERSON MUG;-0.6239500839932806
I LOVE LONDON BEAKER;-1.3720742534301857
ICE CREAM BUBBLES;-0.7496251874062968
ICE CREAM PEN LIP GLOSS ;-0.35382574082264484
ICE CREAM SUNDAE LIP GLOSS;-0.1734390485629336
IF YOU CAN'T STAND THE HEAT MUG;-1.4869281045751634
ILLUSTRATED CAT BOWL ;-0.0708215297450425
IVORY CHANDELIER T-LIGHT HOLDER;-38.230088495575224
IVORY DINER WALL CLOCK;-1.94043321299639
IVORY ENCHANTED FOREST PLACEMAT;-0.390625
IVORY GIANT GARDEN THERMOMETER;-0.42955326460481097
IVORY HANGING DECORATION  BIRD;-0.08968609865470852
IVORY HANGING DECORATION  HEART;-0.05145356315924878
IVORY KITCHEN SCALES;-0.11012060828526479
IVORY LOVE BIRD CANDLE;-1.5
IVORY PILLAR CANDLE SILVER FLOCK;-1.345291479820628
IVORY REFECTORY CLOCK;-5.970149253731343
IVORY RETRO KITCHEN WALL CLOCK;-2.666666666666667
IVORY SWEETHEART SOAP DISH;-0.6802721088435374
IVORY SWEETHEART WIRE LETTER RACK ;-0.4234724742891712
IVORY WICKER HEART LARGE;-0.09643201542912247
IVORY WICKER HEART MEDIUM;-0.5719733079122974
IVORY WIRE KITCHEN ORGANISER;-0.8403361344537815
IVY HEART WREATH;-28.57142857142857
JADE DROP EARRINGS W FILIGREE;-5.0
JAM CLOCK MAGNET;-0.5128205128205129
JAM JAR WITH GREEN LID;-0.30403976311336717
JAM JAR WITH PINK LID;-0.1023858278965665
JAM MAKING SET PRINTED;-0.15833305429723563
JAM MAKING SET WITH JARS;-0.033519249820190264
JARDIN ETCHED GLASS FRUITBOWL;-2.6086956521739126
JET BLACK LAS VEGAS NECKLACE 45CM;-28.57142857142857
JIGSAW RABBIT AND BIRDHOUSE;-0.9114583333333333
JIGSAW TOADSTOOLS 3 PIECE;-2.0447284345047922
JIGSAW TREE WITH BIRDHOUSE;-0.8234872896527032
JINGLE BELL HEART ANTIQUE SILVER;-3.4812880765883376
JINGLE BELL HEART DECORATION;-0.24561403508771928
JUMBO  BAG BAROQUE BLACK WHITE;-0.14714044843800725
JUMBO BAG 50'S CHRISTMAS ;-0.37264607157080276
JUMBO BAG ALPHABET;-0.3318621152019666
JUMBO BAG APPLES;-0.24250596202417013
JUMBO BAG CHARLIE AND LOLA TOYS;-0.051759834368530024
JUMBO BAG DOILEY PATTERNS;-0.06198579961681505
JUMBO BAG DOLLY GIRL DESIGN;-0.16133763567028453
JUMBO BAG OWLS;-0.3615748593875547
JUMBO BAG PAISLEY PARK;-0.6208019539995929
JUMBO BAG PEARS;-0.3219451251741867
JUMBO BAG PINK POLKADOT;-0.16696141214204904
JUMBO BAG PINK VINTAGE PAISLEY;-0.17153453871117294
JUMBO BAG RED RETROSPOT;-0.05350359793701642
JUMBO BAG SCANDINAVIAN BLUE PAISLEY;-0.4064915940606209
JUMBO BAG SCANDINAVIAN PAISLEY;-0.07295719844357977
JUMBO BAG SPACEBOY DESIGN;-0.34438477702544945
JUMBO BAG STRAWBERRY;-0.112645086871891
JUMBO BAG TOYS ;-0.06303363704085725
JUMBO BAG VINTAGE CHRISTMAS ;-0.6663388246865011
JUMBO BAG VINTAGE DOILY ;-0.4009940133288151
JUMBO BAG VINTAGE LEAF;-0.3762437810945274
JUMBO BAG WOODLAND ANIMALS;-0.2797300604916255
JUMBO SHOPPER VINTAGE RED PAISLEY;-0.24085564990202482
JUMBO STORAGE BAG SKULLS;-0.015511090429657206
JUMBO STORAGE BAG SUKI;-0.14750044161808867
JUNGLE POPSICLES ICE LOLLY MOULDS;-2.55863539445629
KEY CABINET MA CAMPAGNE;-0.8250825082508251
KEY FOB  BACK DOOR ;-0.4934210526315789
KEY FOB  FRONT  DOOR ;-0.22889114954221768
KEY FOB  GARAGE DESIGN;-0.5773361976369495
KEY FOB  SHED;-0.07739938080495357
KIDS RAIN MAC BLUE;-0.5751633986928104
KIDS RAIN MAC PINK;-1.1013215859030838
KINGS CHOICE BISCUIT TIN;-0.4849137931034483
KINGS CHOICE GIANT TUBE MATCHES;-0.8904109589041096
KINGS CHOICE MUG;-0.27627035027133695
KINGS CHOICE TEA CADDY ;-0.2890173410404624
KNEELING MAT HOUSEWORK  DESIGN;-0.4774535809018567
KNICKERBOCKERGLORY MAGNET ASSORTED ;-0.5848560354374308
LA PALMIERA TILE HOOK;-4.3478260869565215
LADS ONLY TISSUE BOX;-0.2742230347349177
LANDMARK FRAME COVENT GARDEN ;-0.228310502283105
LANTERN CREAM GAZEBO ;-0.12246117084826763
LARGE ANTIQUE WHITE PHOTO FRAME;-0.21574973031283712
LARGE BLUE PROVENCAL CERAMIC BALL;-6.976744186046512
LARGE BONNE JAM JAR  T-LIGHT HOLDER;-0.7905138339920948
LARGE CAKE STAND  HANGING STRAWBERY;-0.188124632569077
LARGE CAKE STAND HANGING HEARTS;-1.228878648233487
LARGE CAKE TOWEL PINK SPOTS;-0.18115942028985507
LARGE CERAMIC TOP STORAGE JAR;-0.1878868258178603
LARGE CIRCULAR MIRROR MOBILE;-0.16555329654371187
LARGE DECO JEWELLERY STAND;-0.38022813688212925
LARGE HANGING IVORY & RED WOOD BIRD;-0.6742738589211619
LARGE HEART MEASURING SPOONS;-0.05055611729019212
LARGE IVORY HEART WALL ORGANISER;-0.12804097311139565
LARGE MEDINA STAMPED METAL BOWL ;-1.675977653631285
LARGE PINK GLASS SUNDAE DISH;-1.6309887869520898
LARGE POPCORN HOLDER ;-0.29192124915139167
LARGE RED BABUSHKA NOTEBOOK ;-0.09124087591240876
LARGE RED RETROSPOT WINDMILL;-0.13640238704177324
LARGE ROUND CUTGLASS CANDLESTICK;-100.0
LARGE STRIPES CHOCOLATE GIFT BAG;-1.8281535648994516
LARGE TORTILLA DESIGN RED BOWL;-1.2987012987012987
LARGE WHITE HEART OF WICKER;-0.20847121111846462
LARGE WHITE/PINK ROSE ART FLOWER;-7.142857142857142
LAVENDER SCENTED FABRIC HEART;-0.7374631268436578
LE GRAND TRAY CHIC SET;-0.6666666666666667
LE JARDIN BOTANIQUE CUSHION COVER;-0.7117437722419928
LETTER HOLDER HOME SWEET HOME;-0.16051364365971107
LIGHT GARLAND BUTTERFILES PINK;-0.23656320968962907
LIPSTICK PEN FUSCHIA;-0.07704160246533129
LIPSTICK PEN RED;-0.17958695001496558
LOLITA  DESIGN  COTTON TOTE BAG;-1.9841269841269842
LONDON BUS COFFEE MUG;-0.12257718532138205
LONG SILVER NECKLACE PASTEL FLOWER;-14.285714285714285
LOVE BUILDING BLOCK WORD;-0.09852216748768473
LOVE HEART SOCK HANGER;-0.26455026455026454
LOVE HEART TRINKET POT;-0.11111111111111112
LOVE LARGE WOOD LETTERS ;-1.9607843137254901
LOVE SEAT ANTIQUE WHITE METAL;-1.8518518518518516
LOVEBIRD HANGING DECORATION WHITE ;-0.21076523994811935
LUNCH BAG  BLACK SKULL.;-0.04803650774588688
LUNCH BAG ALPHABET DESIGN;-0.46550774633984143
LUNCH BAG APPLE DESIGN;-0.037433697941781086
LUNCH BAG CARS BLUE;-0.08018915647752267
LUNCH BAG DOILEY PATTERN ;-0.015262515262515262
LUNCH BAG DOLLY GIRL DESIGN;-0.03168331593857164
LUNCH BAG PAISLEY PARK  ;-0.29542097488921715
LUNCH BAG PINK POLKADOT;-0.07333783653382225
LUNCH BAG RED RETROSPOT;-0.06946831325126229
LUNCH BAG SPACEBOY DESIGN ;-0.11868771694099205
LUNCH BAG SUKI  DESIGN ;-0.060168471720818295
LUNCH BAG SUKI DESIGN ;-0.07851604671704779
LUNCH BAG VINTAGE DOILY ;-0.07880565649489953
LUNCH BAG VINTAGE LEAF DESIGN;-0.2911150103684798
LUNCH BAG WOODLAND;-0.043806226894886426
LUNCH BOX I LOVE LONDON;-0.15970796258270592
LUNCH BOX WITH CUTLERY RETROSPOT ;-0.057776333369443544
MA CAMPAGNE CUTLERY BOX;-1.7736486486486487
MAGIC DRAWING SLATE BAKE A CAKE ;-1.3613159387407827
MAGIC DRAWING SLATE BUNNIES ;-2.7939464493597206
MAGIC DRAWING SLATE DINOSAUR;-2.5491237387148167
MAGIC DRAWING SLATE DOLLY GIRL ;-0.6653728860548933
MAGIC DRAWING SLATE PURDEY;-1.416522491349481
MAGIC DRAWING SLATE SPACEBOY ;-0.04450378282153983
MAGIC GARDEN FELT GARLAND ;-2.9484029484029484
MAGIC SHEEP WOOL GROWING FROM PAPER;-10.480349344978166
MAGIC TREE -PAPER FLOWERS;-0.10893246187363835
MAGNETS PACK OF 4 CHILDHOOD MEMORY;-0.7092198581560284
MAGNETS PACK OF 4 HOME SWEET HOME;-0.07147962830593281
MAGNETS PACK OF 4 RETRO PHOTO;-0.49180327868852464
MAGNETS PACK OF 4 SWALLOWS;-0.6741573033707866
MAGNETS PACK OF 4 VINTAGE COLLAGE;-0.3506721215663355
MAGNETS PACK OF 4 VINTAGE LABELS ;-0.4576659038901602
MAKE YOUR OWN FLOWERPOWER CARD KIT;-0.646551724137931
MAKE YOUR OWN MONSOON CARD KIT;-0.46403712296983757
MAKE YOUR OWN PLAYTIME CARD KIT;-0.31201248049922
MARIE ANTOINETTE TRINKET BOX GOLD;-7.8512396694214885
MARIE ANTOINETTE TRINKET BOX SILVER;-13.740458015267174
MEASURING TAPE BABUSHKA BLUE;-0.2257336343115124
MEASURING TAPE BABUSHKA PINK;-0.1342281879194631
MEASURING TAPE BABUSHKA RED;-2.8368794326241136
MEDINA STAMPED METAL STOOL;-2.941176470588235
MEDIUM CERAMIC TOP STORAGE JAR;-210.49448996891775
MEDIUM PARLOUR PICTURE FRAME ;-1.4925373134328357
MEDIUM WHITE/PINK ROSE ART FLOWER;-2.4193548387096775
MEMO BOARD COTTAGE DESIGN;-0.06868131868131869
MEMO BOARD RETROSPOT  DESIGN;-0.04740941415509651
METAL 4 HOOK HANGER FRENCH CHATEAU;-0.7178393745557924
METAL DECORATION NAUGHTY CHILDREN ;-0.3775959723096287
METAL MERRY CHRISTMAS WREATH;-0.9478672985781991
METAL RABBIT LADDER EASTER ;-5.714285714285714
MIDNIGHT BLUE PAIR HEART HAIR SLIDE;-14.285714285714285
MIDNIGHT BLUE VINTAGE EARRINGS;-18.181818181818183
MIDNIGHT GLAMOUR SCARF KNITTING KIT;-0.9345794392523363
MILK MAIDS MUG ;-2.5125628140703515
MILK PAN BLUE POLKADOT;-1.302083333333333
MILK PAN PINK POLKADOT;-1.5384615384615385
MILK PAN RED RETROSPOT;-0.24875621890547264
MINI  ZINC GARDEN DECORATIONS ;-0.11904761904761905
MINI CAKE STAND  HANGING STRAWBERY;-0.2417744139598444
MINI CAKE STAND T-LIGHT HOLDER;-0.22690437601296595
MINI CAKE STAND WITH HANGING CAKES;-0.445046439628483
MINI JIGSAW BUNNIES;-0.08756567425569177
MINI JIGSAW CIRCUS PARADE ;-0.03971405877680699
MINI JIGSAW DINOSAUR ;-0.24783147459727387
MINI JIGSAW PURDEY;-0.0475511174512601
MINI JIGSAW SPACEBOY;-0.9602501116569897
MINI LIGHTS WOODLAND MUSHROOMS;-0.5614823133071308
MINI PAINT SET VINTAGE ;-0.07413851798615577
MINI PLAYING CARDS DOLLY GIRL ;-0.07607455306200077
MINI WOODEN HAPPY BIRTHDAY GARLAND;-0.6983240223463687
MINIATURE ANTIQUE ROSE HOOK IVORY;-0.08915712228242233
MINT DINER WALL CLOCK;-0.2688172043010753
MINT KITCHEN SCALES;-0.13606676342525398
MIRROR CORNICE;-1.1111111111111112
MIRROR MOSAIC GOBLET CANDLE HOLDER;-71.8562874251497
MIRROR MOSAIC HURRICANE LAMP ;-26.535087719298243
MIRROR MOSAIC T-LIGHT HOLDER ;-79.82261640798227
MIRROR MOSAIC T-LIGHT HOLDER ROUND;-20.651242502142242
MIRROR MOSAIC VOTIVE HOLDER;-29.084380610412925
MIRRORED DISCO BALL ;-0.8620689655172413
MIRRORED WALL ART SNOWFLAKES;-2.4
MISTLETOE HEART WREATH CREAM;-0.4846526655896607
MISTLETOE HEART WREATH GREEN;-0.5154639175257733
MOBILE VINTAGE HEARTS ;-0.9142053445850914
MODERN FLORAL STATIONERY SET;-0.7198560287942412
MONEY BOX BISCUITS DESIGN;-0.4405286343612335
MONEY BOX KINGS CHOICE DESIGN;-0.2898550724637681
MONEY BOX POCKET MONEY DESIGN;-0.2680965147453083
MONTANA DIAMOND CLUSTER EARRINGS;-12.5
MOODY GIRL DOOR HANGER ;-1.6551724137931034
MOROCCAN BEATEN METAL DISH;-25.0
MOROCCAN TEA GLASS;-0.053866411299976054
MOTHER'S KITCHEN SPOON REST ;-1.2232415902140674
MOTORING TISSUE BOX;-0.6582556226001097
MR ROBOT SOFT TOY;-1.8867924528301887
MRS ROBOT SOFT TOY;-0.7042253521126761
MULTI COLOUR SILVER T-LIGHT HOLDER;-0.051856252454361464
MULTICOLOUR  CONFETTI IN TUBE;-7.984790874524715
MULTICOLOUR 3D BALLS GARLAND;-2.1459227467811157
MULTICOLOUR HONEYCOMB FAN;-0.3153526970954357
MULTICOLOUR SPRING FLOWER MUG;-0.05903187721369539
MUM'S KITCHEN CLOCK;-0.8264462809917356
MUSICAL ZINC HEART DECORATION ;-0.6227106227106227
NATURAL HANGING QUILTED HEARTS ;-0.3708854891052387
NATURAL SLATE CHALKBOARD LARGE ;-0.12778111846061335
NATURAL SLATE HEART CHALKBOARD ;-0.033539731682146544
NATURAL SLATE RECTANGLE CHALKBOARD;-0.12302717142957571
NECKLACE+BRACELET PINK BUTTERFLY;-26.08695652173913
NEW BAROQUE JEWELLERY BOX ;-1.9230769230769231
NOEL GARLAND PAINTED ZINC ;-0.8577555396711937
NOEL WOODEN BLOCK LETTERS ;-0.2840909090909091
NOVELTY BISCUITS CAKE STAND 3 TIER;-0.6675874769797421
NUMBER TILE COTTAGE GARDEN 1;-1.0526315789473684
NUMBER TILE COTTAGE GARDEN 9;-1.6129032258064515
NUMBER TILE COTTAGE GARDEN No;-1.3513513513513513
NUMBER TILE VINTAGE FONT 3;-0.9345794392523363
NUMBER TILE VINTAGE FONT 4;-1.0101010101010102
NUMBER TILE VINTAGE FONT 6 ;-1.0526315789473684
OCEAN SCENT CANDLE IN JEWELLED BOX;-13.182346109175379
OFFICE MUG WARMER BLACK+SILVER ;-0.30973451327433627
OFFICE MUG WARMER CHOC+BLUE;-0.35149384885764495
OFFICE MUG WARMER PINK;-79.36507936507937
OFFICE MUG WARMER POLKADOT;-2.086677367576244
ORANGE SCENTED SET/9 T-LIGHTS;-1.694915254237288
ORANGE VOTIVE CANDLE;-4.878048780487805
ORGANISER WOOD ANTIQUE WHITE ;-1.102629346904156
OVEN MITT APPLES DESIGN;-0.6412213740458015
OVERNIGHT BAG VINTAGE ROSE PAISLEY;-0.5
PACK 3 BOXES CHRISTMAS PANETTONE;-8.571428571428571
PACK 3 BOXES CHRISTMAS PANNETONE;-0.45871559633027525
PACK OF 12 BLUE PAISLEY TISSUES ;-1.0540184453227932
PACK OF 12 CHRISTMAS FUN CARDS;-13.529411764705884
PACK OF 12 CIRCUS PARADE TISSUES ;-0.58167716917111
PACK OF 12 COLOURED PENCILS;-0.3040283759817583
PACK OF 12 DOLLY GIRL TISSUES;-0.5943536404160475
PACK OF 12 LONDON TISSUES ;-0.04560136804104123
PACK OF 12 PINK PAISLEY TISSUES ;-0.8789920890711983
PACK OF 12 RED RETROSPOT TISSUES ;-0.6712433257055683
PACK OF 12 SPACEBOY TISSUES;-0.30864197530864196
PACK OF 12 STICKY BUNNIES;-0.2008032128514056
PACK OF 12 SUKI TISSUES ;-0.013138877939823938
PACK OF 12 TRADITIONAL CRAYONS;-0.010289124395513941
PACK OF 12 VINTAGE CHRISTMAS TISSUE;-0.7928642220019821
PACK OF 12 VINTAGE DOILY TISSUES;-0.8050089445438282
PACK OF 12 WOODLAND TISSUES ;-0.1278538812785388
PACK OF 20 NAPKINS PANTRY DESIGN;-0.1326192297883193
PACK OF 20 NAPKINS RED APPLES;-0.03423094477407576
PACK OF 20 SPACEBOY NAPKINS;-0.6544502617801047
PACK OF 6 BIRDY GIFT TAGS;-0.24240465416936005
PACK OF 6 HANDBAG GIFT BOXES;-0.17482517482517482
PACK OF 6 LARGE FRUIT STRAWS ;-0.8010680907877169
PACK OF 6 PANETTONE GIFT BOXES;-6.392694063926941
PACK OF 6 PANNETONE GIFT BOXES;-0.04764173415912339
PACK OF 6 SANDCASTLE FLAGS ASSORTED;-0.2588610115491836
PACK OF 6 SKULL PAPER CUPS;-0.30952380952380953
PACK OF 6 SMALL FRUIT STRAWS;-2.18978102189781
PACK OF 6 SWEETIE GIFT BOXES;-1.1439466158245948
PACK OF 60 DINOSAUR CAKE CASES;-0.19289809003722116
PACK OF 60 MUSHROOM CAKE CASES;-0.2787925398961738
PACK OF 60 PINK PAISLEY CAKE CASES;-0.0680052249558976
PACK OF 60 SPACEBOY CAKE CASES;-0.27446300715990457
PACK OF 72 RETROSPOT CAKE CASES;-0.07029421830054479
PACK OF 72 SKULL CAKE CASES;-0.31729243786356426
PACK OF SIX LED TEA LIGHTS;-5.748502994011976
PACKING CHARGE;-8.333333333333332
PAINT YOUR OWN CANVAS SET;-3.1164383561643834
PAINTED METAL PEARS ASSORTED;-0.09574468085106383
PAINTED METAL STAR WITH HOLLY BELLS;-1.2678288431061806
PAINTED YELLOW WOODEN DAISY;-2.1702838063439067
PAIR OF ENAMEL BUTTERFLY HAIRCLIP;-16.0
PAIR OF PINK FLOWER CLUSTER SLIDE;-12.76595744680851
PANTRY 3 HOOK ROLLING PIN HANGER;-0.7788161993769469
PANTRY APPLE CORER;-0.6437768240343347
PANTRY CHOPPING BOARD;-75.80128205128206
PANTRY MAGNETIC  SHOPPING LIST;-0.13928789065900582
PANTRY PASTRY BRUSH;-1.0610079575596816
PANTRY ROLLING PIN;-0.2615062761506276
PANTRY SCRUBBING BRUSH;-0.5908096280087527
PANTRY WASHING UP BRUSH;-0.454318522216675
PAPER BUNTING COLOURED LACE;-1.016149519143531
PAPER BUNTING PAISLEY PARK;-2.4489795918367347
PAPER BUNTING RETROSPOT;-0.13685090853797613
PAPER BUNTING WHITE LACE;-0.23673062546723148
PAPER CHAIN KIT 50'S CHRISTMAS ;-0.23965717913448312
PAPER CHAIN KIT EMPIRE;-0.3982128982128982
PAPER CHAIN KIT LONDON;-0.43668122270742354
PAPER CHAIN KIT RETROSPOT;-0.24337244676227726
PAPER CHAIN KIT VINTAGE CHRISTMAS;-0.2852823563834975
PAPER LANTERN 5 POINT STAR MOON ;-22.727272727272727
PAPER LANTERN 7 POINT SNOW STAR;-10.75268817204301
PAPER LANTERN 9 POINT SNOW STAR;-10.256410256410255
PAPER POCKET TRAVELING FAN ;-6.650979638878217
PAPERWEIGHT KINGS CHOICE ;-3.7037037037037033
PAPERWEIGHT SAVE THE PLANET;-42.016806722689076
PAPERWEIGHT VINTAGE COLLAGE;-0.39370078740157477
PARISIENNE CURIO CABINET;-0.3379070243702642
PARISIENNE JEWELLERY DRAWER ;-0.1789308879445314
PARISIENNE KEY CABINET ;-0.27978933508887427
PARISIENNE SEWING BOX;-0.5208333333333334
PARLOUR CERAMIC WALL HOOK;-1.3460015835312749
PARTY BUNTING;-0.07685051603595605
PARTY CHARMS 50 PIECES;-0.06666666666666667
PARTY CONE CHRISTMAS DECORATION ;-3.400562851782364
PARTY CONES CANDY ASSORTED;-1.0941774130519735
PARTY INVITES DINOSAURS;-2.003338898163606
PARTY INVITES WOODLAND;-1.0480349344978166
PARTY PIZZA DISH BLUE POLKADOT;-1.6333938294010888
PARTY PIZZA DISH RED RETROSPOT;-0.9188361408882083
PASTEL COLOUR HONEYCOMB FAN;-1.133849557522124
PEACE SMALL WOOD LETTERS;-3.4482758620689653
PEACE WOODEN BLOCK LETTERS;-0.2857142857142857
PEARL CRYSTAL PUMPKIN T-LIGHT HLDR;-0.13605442176870747
PEG BAG APPLES DESIGN;-0.6105834464043419
PENNY FARTHING BIRTHDAY CARD;-0.39447731755424065
PENS ASSORTED FUNKY JEWELED ;-0.13358778625954199
PENS ASSORTED SPACEBALL;-0.6091370558375634
PHARMACIE FIRST AID TIN;-0.5023640661938534
PHOTO FRAME 3 CLASSIC HANGING;-0.4725897920604915
PHOTO FRAME CORNICE;-0.10211159062885326
PHOTO FRAME LINEN AND LACE LARGE;-1.6826923076923077
PHOTO FRAME LINEN AND LACE SMALL;-1.5765765765765767
PICNIC BASKET WICKER LARGE;-0.39033529802100003
PICNIC BASKET WICKER SMALL;-0.4546281142025823
PICNIC BOXES SET OF 3 RETROSPOT ;-0.20202020202020202
PICTURE FRAME WOOD TRIPLE PORTRAIT;-0.36224976167778833
PIECE OF CAMO STATIONERY SET;-3.3007334963325183
PIG KEYRING WITH LIGHT & SOUND ;-1.3062044712383822
PIGGY BANK RETROSPOT ;-0.08820746395522268
PINK  HEART CONFETTI IN TUBE;-5.228758169934641
PINK  HEART SHAPE LOVE BUCKET ;-0.09624639076034651
PINK  HONEYCOMB PAPER FAN;-0.6816632583503749
PINK  POLKADOT CUP;-0.35035035035035034
PINK  POLKADOT PLATE ;-0.3889158969372873
PINK 3 PIECE POLKADOT CUTLERY SET;-0.8644536652835408
PINK BABY BUNTING;-0.9389671361502346
PINK BLUE FELT CRAFT TRINKET BOX;-6.242843511450382
PINK BUTTERFLY CUSHION COVER;-4.545454545454546
PINK CREAM FELT CRAFT TRINKET BOX ;-0.1635322976287817
PINK DAISY BAG CHARM;-25.0
PINK DIAMANTE PEN IN GIFT BOX;-2.912621359223301
PINK DOG BOWL;-0.6003752345215759
PINK DOG CANNISTER;-7.6923076923076925
PINK DOUGHNUT TRINKET POT ;-0.14125956444967624
PINK DRAWER KNOB ACRYLIC EDWARDIAN;-0.0387997930677703
PINK ENAMEL FLOWER HAIR TIE;-37.5
PINK ENAMEL+GLASS HAIR COMB;-1.153846153846154
PINK FAIRY CAKE CHILDRENS APRON;-0.029913251570445706
PINK FLORAL FELTCRAFT SHOULDER BAG;-0.13464991023339318
PINK FOXGLOVE ARTIIFCIAL FLOWER;-109.09090909090908
PINK GLASS CANDLEHOLDER;-0.7309941520467835
PINK HANGING HEART T-LIGHT HOLDER;-7.635009310986965
PINK HAPPY BIRTHDAY BUNTING;-0.28102031993082577
PINK HEART SHAPE EGG FRYING PAN;-0.14492753623188406
PINK HEART SHAPE PHOTO FRAME;-0.3115264797507788
PINK HEARTS PAPER GARLAND;-42.3728813559322
PINK HORSE SOCK PUPPET KIT;-2.3255813953488373
PINK LOVE BIRD CANDLE;-0.2857142857142857
PINK METAL CHICKEN HEART ;-3.0441400304413997
PINK MONTE CARLO HANDBAG;-1.0309278350515463
PINK NEW BAROQUECANDLESTICK CANDLE;-2.183406113537118
PINK OWL SOFT TOY;-0.11402508551881414
PINK PAISLEY ROSE GIFT WRAP;-2.083333333333333
PINK PAISLEY SQUARE TISSUE BOX ;-0.43891733723482074
PINK PAPER PARASOL ;-0.21598272138228944
PINK PARTY BAGS;-0.24489795918367346
PINK POLKADOT BOWL;-0.1362026695723236
PINK POLKADOT CHILDRENS UMBRELLA;-0.7246376811594203
PINK POLKADOT GARDEN PARASOL;-1.1210762331838566
PINK POT PLANT CANDLE;-2.577319587628866
PINK REGENCY TEACUP AND SAUCER;-0.06933105579140394
PINK SMALL JEWELLED PHOTOFRAME;-9.090909090909092
PINK VINTAGE PAISLEY PICNIC BAG;-0.1220428088621855
PINK VINTAGE SPOT BEAKER;-0.04162330905306972
PINK/BLUE DISC/MIRROR STRING;-9.266409266409266
PINK/WHITE CHRISTMAS TREE 60CM;-0.14641288433382138
PIZZA PLATE IN BOX;-0.9162303664921466
PLACE SETTING WHITE HEART;-1.2482468443197754
PLACE SETTING WHITE STAR;-0.08319467554076539
PLASMATRONIC LAMP;-3.076923076923077
PLASTERS IN TIN CIRCUS PARADE ;-0.10905485789821548
PLASTERS IN TIN SKULLS;-0.2851033499643621
PLASTERS IN TIN SPACEBOY;-0.045014280392400345
PLASTERS IN TIN STRONGMAN;-0.0874708430523159
PLASTERS IN TIN VINTAGE PAISLEY ;-0.1438005965061781
PLASTERS IN TIN WOODLAND ANIMALS;-0.07451181911613566
PLAYING CARDS KEEP CALM & CARRY ON;-0.027442371020856202
POCKET BAG BLUE PAISLEY RED SPOT;-0.12004801920768307
POLKA DOT RAFFIA FOOD COVER;-0.3472222222222222
POLKADOT COFFEE CUP & SAUCER PINK;-1.2329370321444297
POLKADOT RAIN HAT ;-1.066925315227934
POLYESTER FILLER PAD 40x40cm;-0.568035114898012
POLYESTER FILLER PAD 45x45cm;-0.0588235294117647
POPART RECT PENCIL SHARPENER ASST;-10.207939508506616
POPCORN HOLDER;-0.03264466095423326
POPPY FIELDS CHOPPING BOARD;-1.0869565217391304
POPPY'S PLAYHOUSE BATHROOM;-0.6309148264984227
POPPY'S PLAYHOUSE BEDROOM ;-0.21494708994708991
POPPY'S PLAYHOUSE KITCHEN;-0.20161290322580644
POPPY'S PLAYHOUSE LIVINGROOM ;-0.4169562195969423
PORCELAIN ROSE SMALL;-0.12476606363069245
PORCELAIN T-LIGHT HOLDERS ASSORTED;-0.3052503052503052
POTTERING MUG;-0.12431184514295862
POTTING SHED TEA MUG;-0.35505430242272346
POTTING SHED TWINE;-0.17041581458759372
PSYCHEDELIC TILE COASTER;-5.911330049261084
PSYCHEDELIC TILE HOOK;-1.7006802721088436
PURPLE BOUDICCA LARGE BRACELET;-22.58064516129032
PURPLE DRAWERKNOB ACRYLIC EDWARDIAN;-0.437636761487965
PURPLE ENAMEL FLOWER HAIR TIE;-37.5
PURPLE ENAMEL FLOWER RING;-6.153846153846154
PURPLE ENAMEL+GLASS HAIR COMB;-7.6923076923076925
PURPLE FOXGLOVE ARTIIFCIAL FLOWER;-57.14285714285714
PURPLE PAPER PARASOL;-0.48231511254019294
QUEENS GUARD COFFEE MUG;-0.13250517598343686
RABBIT NIGHT LIGHT;-0.02346805736636245
RAIN PONCHO RETROSPOT;-2.1077844311377247
RAINY LADIES BIRTHDAY CARD;-0.49627791563275436
RECIPE BOX BLUE SKETCHBOOK DESIGN;-0.16274596833851163
RECIPE BOX PANTRY YELLOW DESIGN;-0.03943979815181449
RECIPE BOX RETROSPOT ;-0.15054390054390054
RECIPE BOX WITH METAL HEART;-35.71428571428571
"RECORD FRAME 7"" SINGLE SIZE ";-0.21909594095940957
RECTANGULAR SHAPED MIRROR;-1.4056224899598395
RECYCLED ACAPULCO MAT BLUE;-0.27548209366391185
RECYCLED ACAPULCO MAT GREEN;-0.20161290322580644
RECYCLED ACAPULCO MAT LAVENDER;-0.33783783783783783
RECYCLED ACAPULCO MAT PINK;-0.27472527472527475
RECYCLED ACAPULCO MAT RED;-0.3311258278145695
RECYCLED ACAPULCO MAT TURQUOISE;-0.1531393568147014
RECYCLED PENCIL WITH RABBIT ERASER;-0.03222687721559781
RECYCLING BAG RETROSPOT ;-0.18697049371895996
RED  HARMONICA IN BOX ;-0.0340457534274419
RED 3 PIECE RETROSPOT CUTLERY SET;-0.852099817407182
RED BABY BUNTING ;-4.638218923933209
RED CHARLIE+LOLA PERSONAL DOORSIGN;-0.15396458814472672
RED COAT RACK PARIS FASHION;-0.5747126436781609
RED DINER WALL CLOCK;-0.19337684312303602
RED DRAGONFLY HELICOPTER;-0.9523809523809524
RED DRAWER KNOB ACRYLIC EDWARDIAN;-0.23577954612437368
RED ENAMEL FLOWER RING;-10.526315789473683
RED FLOCK LOVE HEART PHOTO FRAME;-0.09174311926605505
RED FLORAL FELTCRAFT SHOULDER BAG;-5.758119147240485
RED GINGHAM ROSE JEWELLERY BOX;-0.2741872307089699
RED GINGHAM TEDDY BEAR ;-0.129366106080207
RED HANGING HEART T-LIGHT HOLDER;-0.056033423445564015
RED HEARTS LIGHT CHAIN ;-1.2072434607645874
RED KITCHEN SCALES;-0.08225375282747276
RED LOVE HEART SHAPE CUP;-1.1695906432748537
RED METAL BEACH SPADE ;-0.06697923643670461
RED METAL BOX TOP SECRET;-0.1471375066880685
RED PAPER PARASOL;-0.15552099533437014
RED POLKADOT BEAKER ;-0.14311735623211033
RED REFECTORY CLOCK ;-0.4
RED RETROSPOT APRON ;-0.364741641337386
RED RETROSPOT BIG BOWL;-0.35211267605633806
RED RETROSPOT BOWL;-0.14509959108297057
RED RETROSPOT BUTTER DISH;-0.15099789915966388
RED RETROSPOT CAKE STAND;-0.45338064261778044
RED RETROSPOT CHARLOTTE BAG;-0.07942500569865511
RED RETROSPOT CHILDRENS UMBRELLA;-0.272108843537415
RED RETROSPOT CUP;-0.1446316147694402
RED RETROSPOT LUGGAGE TAG;-2.843601895734597
RED RETROSPOT MINI CASES;-0.08610792192881746
RED RETROSPOT MUG;-0.09946290033817386
RED RETROSPOT OVEN GLOVE ;-1.3863458017263928
RED RETROSPOT OVEN GLOVE DOUBLE;-0.10893246187363835
RED RETROSPOT PEG BAG;-0.6271905552481092
RED RETROSPOT PICNIC BAG;-0.11871449164758756
RED RETROSPOT PLATE ;-0.2618976354384915
RED RETROSPOT PUDDING BOWL;-2.826310380267215
RED RETROSPOT ROUND CAKE TINS;-0.11904761904761905
RED RETROSPOT SHOPPER BAG;-0.14764817549040285
RED RETROSPOT SHOPPING BAG;-1.1741682974559686
RED RETROSPOT SMALL MILK JUG;-0.08113590263691683
RED RETROSPOT STORAGE JAR;-1.8518518518518519
RED RETROSPOT SUGAR JAM BOWL;-0.09048681908668638
RED RETROSPOT TAPE;-0.6345848757271285
RED RETROSPOT TEA CUP AND SAUCER ;-0.2525252525252525
RED RETROSPOT TISSUE BOX;-0.6169909824394875
RED RETROSPOT TRADITIONAL TEAPOT ;-0.36220304676680515
RED RETROSPOT UMBRELLA;-0.05159958720330237
RED RETROSPOT WRAP ;-0.23807256451766498
RED ROCKING HORSE HAND PAINTED;-1.0403120936280885
RED SPOT CERAMIC DRAWER KNOB;-0.25432520161964994
RED SPOT PAPER GIFT BAG;-0.21857923497267762
RED SPOTTY BISCUIT TIN;-0.18685173886516165
RED STAR CARD HOLDER;-1.6666666666666667
RED STRIPE CERAMIC DRAWER KNOB;-0.15429831006612785
RED TOADSTOOL LED NIGHT LIGHT;-0.11213195398972726
RED VINTAGE SPOT BEAKER;-1.3858695652173914
RED WOOLLY HOTTIE WHITE HEART.;-0.23768979707677027
RED/CREAM STRIPE CUSHION COVER ;-1.75
REGENCY CAKE FORK;-0.7046388725778039
REGENCY CAKE SLICE;-0.17331022530329288
REGENCY CAKESTAND 3 TIER;-0.036329368754962434
REGENCY MILK JUG PINK ;-0.23582124749439926
REGENCY SUGAR BOWL GREEN;-0.17435064291799576
REGENCY SUGAR TONGS;-1.5475520540236354
REGENCY TEA PLATE GREEN ;-0.31544715447154476
REGENCY TEA PLATE PINK;-0.3006986822322455
REGENCY TEA PLATE ROSES ;-0.9727415596379991
REGENCY TEA SPOON;-0.20604395604395606
REGENCY TEAPOT ROSES ;-0.14716703458425312
REINDEER HEART DECORATION GOLD;-1.2219959266802443
REINDEER HEART DECORATION SILVER;-0.9803921568627452
RELAX LARGE WOOD LETTERS;-0.78125
RETRO COFFEE MUGS ASSORTED;-0.1805337519623234
RETRO LONGBOARD IRONING BOARD COVER;-1.4184397163120568
RETRO MOD TRAY;-0.5076142131979696
RETRO PLASTIC 70'S TRAY;-0.78125
RETRO PLASTIC DAISY TRAY;-4.166666666666666
RETRO PLASTIC ELEPHANT TRAY;-1.2834050848834375
RETRO PLASTIC POLKA TRAY;-1.1137629276054097
RETROSPOT BABUSHKA DOORSTOP;-0.4
RETROSPOT CANDLE  MEDIUM;-7.038123167155426
RETROSPOT CANDLE  SMALL;-4.891304347826087
RETROSPOT CHILDRENS APRON;-0.1556513409961686
RETROSPOT GIANT TUBE MATCHES;-0.06684491978609625
RETROSPOT LAMP;-0.5307855626326964
RETROSPOT LARGE MILK JUG;-0.21889322115055745
RETROSPOT PADDED SEAT CUSHION;-0.13351134846461948
RETROSPOT PARTY BAG + STICKER SET;-0.15488062858869747
RETROSPOT RED WASHING UP GLOVES;-0.06863417982155114
RETROSPOT SMALL TUBE MATCHES;-0.09389671361502347
RETROSPOT TEA SET CERAMIC 11 PC ;-0.05852842809364549
RETROSPOT WOODEN HEART DECORATION;-0.9813542688910697
REVOLVER WOODEN RULER ;-1.9800884955752212
REX CASH+CARRY JUMBO SHOPPER;-0.364963503649635
RIBBON REEL CHRISTMAS PRESENT ;-1.4825796886582654
RIBBON REEL CHRISTMAS SOCK BAUBLE;-0.547945205479452
RIBBON REEL FLORA + FAUNA ;-1.5527950310559007
RIBBON REEL HEARTS DESIGN ;-0.531632110579479
RIBBON REEL MAKING SNOWMEN ;-0.5327868852459017
RIBBON REEL POLKADOTS ;-0.8257638315441783
RIBBON REEL SNOWY VILLAGE;-3.1568722680913064
RIBBON REEL STRIPES DESIGN ;-0.37133308577794283
RIDGED BONNE JAM JAR T-LIGHT HOLDER;-0.7042253521126761
RING OF ROSES BIRTHDAY CARD;-0.6539509536784741
ROCKING HORSE RED CHRISTMAS ;-1.558033161806747
ROCOCO WALL MIRROR WHITE;-2.5
ROLL WRAP 50'S CHRISTMAS;-0.9294220156839965
ROLL WRAP 50'S RED CHRISTMAS ;-0.6700167504187605
ROLL WRAP VINTAGE CHRISTMAS;-0.37418147801683815
ROLL WRAP VINTAGE SPOT ;-0.44493882091212456
ROSE 1 WICK MORRIS BOXED CANDLE;-11.386430678466077
ROSE COLOUR PAIR HEART HAIR SLIDES;-36.36363636363637
ROSE COTTAGE KEEPSAKE BOX ;-0.25806451612903225
ROSE FOLKART HEART DECORATIONS;-1.910112359550562
ROSE SCENT CANDLE IN JEWELLED BOX;-0.3058103975535168
ROSE SCENT CANDLE JEWELLED DRAWER;-0.1890359168241966
ROSES REGENCY TEACUP AND SAUCER ;-0.08571753619947667
ROTATING LEAVES T-LIGHT HOLDER;-0.10351966873706005
ROTATING SILVER ANGELS T-LIGHT HLDR;-2344.0
ROUND CAKE TIN VINTAGE GREEN;-0.27885027885027885
ROUND CAKE TIN VINTAGE RED;-0.14880952380952378
ROUND CONTAINER SET OF 5 RETROSPOT;-0.3570678428901491
ROUND SNACK BOXES SET OF 4 FRUITS ;-0.6644853772822751
ROUND SNACK BOXES SET OF 4 SKULLS;-0.2145922746781116
ROUND SNACK BOXES SET OF4 WOODLAND ;-0.026737619178046457
ROUND STORAGE TIN VINTAGE LEAF;-0.21052631578947367
RUBY GLASS CLUSTER BRACELET;-17.647058823529413
RUSTIC  SEVENTEEN DRAWER SIDEBOARD;-3.125
RUSTIC MIRROR WITH LACE HEART;-0.21929824561403508
RUSTIC STRAWBERRY JAM POT LARGE ;-7.172131147540984
RUSTIC STRAWBERRY JAM POT SMALL;-1.4705882352941178
RUSTIC WOODEN CABINET GLASS DOORS;-25.0
S/15 SILVER GLASS BAUBLES IN BAG;-34.78260869565217
S/4 BLACK MINI ROSE CANDLE IN BOWL;-0.3289473684210526
S/4 CACTI CANDLES;-0.16286644951140067
S/4 GROOVY CAT MAGNETS;-1.3605442176870748
S/4 PINK FLOWER CANDLES IN BOWL;-0.23480662983425415
S/6 WOODEN SKITTLES IN COTTON BAG;-0.10471204188481675
SALLE DE BAIN HOOK;-0.18148820326678766
SANDALWOOD FAN;-0.41969330104923325
SAVE THE PLANET COTTON TOTE BAG;-0.4908835904628331
SAVE THE PLANET MUG;-1.1969665198853707
SAVOY ART DECO CLOCK;-0.819088319088319
SCANDINAVIAN PAISLEY PICNIC BAG;-0.4087699739873653
SCANDINAVIAN REDS RIBBONS;-0.2533783783783784
SCHOOL DESK AND CHAIR ;-9.375
SCOTTIES DESIGN WASHBAG;-0.8032128514056226
SET 10 CARDS HANGING BAUBLES 17080;-100.0
SET 10 LIGHTS NIGHT OWL;-0.3532008830022075
SET 10 NIGHT OWL LIGHTS;-4.329896907216495
SET 12 COLOUR PENCILS DOLLY GIRL ;-0.12626262626262627
SET 12 COLOUR PENCILS SPACEBOY ;-0.4894463138574488
SET 12 KIDS  WHITE CHALK STICKS;-0.15689114168476948
SET 12 KIDS COLOUR  CHALK STICKS;-0.07423904974016333
SET 12 RETRO WHITE CHALK STICKS;-0.5244755244755245
SET 2 PANTRY DESIGN TEA TOWELS;-0.21497671085632392
SET 2 TEA TOWELS I LOVE LONDON ;-1.352757544224766
SET 20 NAPKINS FAIRY CAKES DESIGN ;-0.23757309941520466
SET 3 PAPER VINTAGE CHICK PAPER EGG;-0.3710045662100456
SET 3 RETROSPOT TEACOFFEESUGAR;-0.07557864903164856
SET 3 SONG BIRD PAPER EGGS ASSORTED;-0.47784535186794086
SET 36 COLOUR PENCILS DOLLY GIRL;-1.1636363636363636
SET 36 COLOURING PENCILS DOILY;-0.0671591672263264
SET 40 HEART SHAPE PETIT FOUR CASES;-0.1519756838905775
SET 6 FOOTBALL CELEBRATION CANDLES;-0.1519756838905775
SET 6 PAPER TABLE LANTERN HEARTS ;-0.2024584237165582
SET 6 PAPER TABLE LANTERN STARS ;-1.1229946524064172
SET 6 SCHOOL MILK BOTTLES IN CRATE;-0.056397603101868164
SET 7 BABUSHKA NESTING BOXES;-1.4885954381752702
SET OF 10 LANTERNS FAIRY LIGHT STAR;-1.2043795620437956
SET OF 10 LED DOLLY LIGHTS;-0.1648379951578839
SET OF 12 FAIRY CAKE BAKING CASES;-0.07570380884788266
SET OF 12 FORK CANDLES;-0.08012820512820512
SET OF 12 MINI LOAF BAKING CASES;-0.042435123225069364
SET OF 16 VINTAGE PISTACHIO CUTLERY;-0.6389776357827476
SET OF 16 VINTAGE RED CUTLERY;-0.628930817610063
SET OF 16 VINTAGE ROSE CUTLERY;-1.2722646310432568
SET OF 2 CERAMIC CHRISTMAS REINDEER;-0.7371007371007371
SET OF 2 CERAMIC PAINTED HEARTS ;-0.4713275726630008
SET OF 2 CHRISTMAS DECOUPAGE CANDLE;-2.0202020202020203
SET OF 2 ROUND TINS CAMEMBERT ;-2.166064981949458
SET OF 2 ROUND TINS DUTCH CHEESE;-1.6
SET OF 2 TEA TOWELS APPLE AND PEARS;-0.2916869227029655
SET OF 2 TRAYS HOME SWEET HOME;-0.5703422053231939
SET OF 2 WOODEN MARKET CRATES;-0.2884615384615385
SET OF 20 KIDS COOKIE CUTTERS;-0.15084706428405661
SET OF 20 VINTAGE CHRISTMAS NAPKINS;-0.423923006416132
SET OF 3 BABUSHKA STACKING TINS;-212.5
SET OF 3 BIRD LIGHT PINK FEATHER ;-0.053763440860215055
SET OF 3 BLACK FLYING DUCKS;-0.6093845216331505
SET OF 3 BUTTERFLY COOKIE CUTTERS;-0.1636125654450262
SET OF 3 CAKE TINS PANTRY DESIGN ;-0.028920687317633885
SET OF 3 COLOURED  FLYING DUCKS;-1.2569832402234637
SET OF 3 GOLD FLYING DUCKS;-1.6
SET OF 3 HANGING OWLS OLLIE BEAK;-0.5242374727668845
SET OF 3 HEART COOKIE CUTTERS;-0.2867155144950621
SET OF 3 NOTEBOOKS IN PARCEL;-0.22136137244050913
SET OF 3 REGENCY CAKE TINS;-0.03881334661612306
SET OF 3 WOODEN HEART DECORATIONS;-0.24440977639105563
SET OF 3 WOODEN SLEIGH DECORATIONS;-0.05089058524173028
SET OF 3 WOODEN STOCKING DECORATION;-0.5847953216374269
SET OF 3 WOODEN TREE DECORATIONS;-0.423968343697004
SET OF 36 DINOSAUR PAPER DOILIES;-0.3003003003003003
SET OF 36 DOILIES PANTRY DESIGN;-0.12801755669348938
SET OF 36 DOLLY GIRL PAPER DOILIES;-4.651162790697675
SET OF 36 MUSHROOM PAPER DOILIES;-0.6329113924050633
SET OF 36 PAISLEY FLOWER DOILIES;-0.47111523015137474
SET OF 36 SPACEBOY PAPER DOILIES;-13.333333333333334
SET OF 36 TEATIME PAPER DOILIES;-0.16458196181698484
SET OF 36 VINTAGE CHRISTMAS DOILIES;-2.7027027027027026
SET OF 4 DIAMOND NAPKIN RINGS;-0.6060606060606061
SET OF 4 ENGLISH ROSE COASTERS;-0.07980845969672785
SET OF 4 ENGLISH ROSE PLACEMATS;-0.30272452068617556
SET OF 4 JAM JAR MAGNETS;-0.7612629477099713
SET OF 4 KNICK KNACK TINS DOILEY ;-0.182844423245091
SET OF 4 KNICK KNACK TINS DOILY ;-0.11573081868838406
SET OF 4 KNICK KNACK TINS LEAF;-0.23841961852861032
SET OF 4 KNICK KNACK TINS LEAVES ;-0.49504950495049505
SET OF 4 KNICK KNACK TINS LONDON ;-0.10834236186348861
SET OF 4 KNICK KNACK TINS POPPIES;-0.3771043771043771
SET OF 4 NAPKIN CHARMS CROWNS ;-0.33444816053511706
SET OF 4 PANTRY JELLY MOULDS;-0.05994569625163087
SET OF 4 PISTACHIO LOVEBIRD COASTER;-5.3097345132743365
SET OF 4 SANTA PLACE SETTINGS;-4.15944540727903
SET OF 5 LUCKY CAT MAGNETS ;-0.7766990291262136
SET OF 5 MINI GROCERY MAGNETS;-0.7281553398058253
SET OF 5 PANCAKE DAY MAGNETS;-0.3629500580720093
SET OF 6 HALLOWEEN GHOST T-LIGHTS;-5.47945205479452
SET OF 6 HERB TINS SKETCHBOOK;-0.08568980291345331
SET OF 6 KASHMIR FOLKART BAUBLES;-4.44104134762634
SET OF 6 NATIVITY MAGNETS ;-9.33852140077821
SET OF 6 RIBBONS VINTAGE CHRISTMAS;-0.23183925811437406
SET OF 6 SNACK LOAF BAKING CASES;-0.07374631268436578
SET OF 6 SOLDIER SKITTLES;-0.1558846453624318
SET OF 6 SPICE TINS PANTRY DESIGN;-0.04203093476798924
SET OF 6 T-LIGHTS CACTI ;-0.11363636363636363
SET OF 6 T-LIGHTS EASTER CHICKS;-5.5045871559633035
SET OF 6 T-LIGHTS SANTA;-0.8169934640522877
SET OF 6 T-LIGHTS SNOWMEN;-3.0066815144766146
SET OF 6 TEA TIME BAKING CASES;-0.09083568833266048
SET OF 60 I LOVE LONDON CAKE CASES ;-0.21348859776807377
SET OF 60 PANTRY DESIGN CAKE CASES ;-0.14697286012526095
SET OF 72 GREEN PAPER DOILIES;-13.513513513513514
SET OF 72 PINK HEART PAPER DOILIES;-0.15119795301232844
SET OF 72 RETROSPOT PAPER  DOILIES;-0.4683923225920057
SET OF 9 BLACK SKULL BALLOONS;-0.35211267605633806
SET OF 9 HEART SHAPED BALLOONS;-0.4357298474945534
SET OF SALT AND PEPPER TOADSTOOLS;-0.23707215883834643
SET OF TEA COFFEE SUGAR TINS PANTRY;-0.07130667966845441
SET/10 BLUE POLKADOT PARTY CANDLES;-0.41183392166750715
SET/10 IVORY POLKADOT PARTY CANDLES;-2.140945584299732
SET/10 PINK POLKADOT PARTY CANDLES;-0.30922630316799193
SET/10 RED POLKADOT PARTY CANDLES;-0.36708473539308656
SET/2 RED RETROSPOT TEA TOWELS ;-4.161464835622139
SET/20 RED RETROSPOT PAPER NAPKINS ;-0.06441834028040924
SET/3 CHRISTMAS DECOUPAGE CANDLES;-2.761795166858458
SET/3 DECOUPAGE STACKING TINS;-1.5706806282722512
SET/3 OCEAN SCENT CANDLE JEWEL BOX;-0.7537688442211055
SET/3 POLKADOT STACKING TINS;-4.0
SET/3 POT PLANT CANDLES;-6.481481481481481
SET/3 RED GINGHAM ROSE STORAGE BOX;-0.11392686451039234
SET/3 ROSE CANDLE IN JEWELLED BOX;-0.4580152671755725
SET/3 VANILLA SCENTED CANDLE IN BOX;-2.2635135135135136
SET/4 BIRD MIRROR MAGNETS ;-2.9475982532751095
SET/4 BLUE FLOWER CANDLES IN BOWL;-1.0025062656641603
SET/4 DAISY MIRROR MAGNETS;-1.995798319327731
SET/4 MODERN VINTAGE COTTON NAPKINS;-2.666666666666667
SET/4 RED MINI ROSE CANDLE IN BOWL;-0.1342281879194631
SET/4 SKULL BADGES;-0.6651884700665188
SET/4 SPRING FLOWER DECORATION;-0.7017543859649122
SET/4 WHITE RETRO STORAGE CUBES ;-1.1513157894736843
SET/5 RED RETROSPOT LID GLASS BOWLS;-0.05265281618754244
SET/6 BLACK BIRD T-LIGHT CANDLES;-0.46728971962616817
SET/6 COLLAGE PAPER CUPS;-0.9280742459396751
SET/6 COLLAGE PAPER PLATES;-0.5031446540880503
SET/6 FROG PRINCE T-LIGHT CANDLES;-1.0548523206751055
SET/6 FRUIT SALAD PAPER CUPS;-0.7202881152460985
SET/6 PINK  BUTTERFLY T-LIGHTS;-0.0477326968973747
SET/6 PINK BIRD T-LIGHT CANDLES;-0.5605381165919283
SET3 BOOK BOX GREEN GINGHAM FLOWER ;-0.49730036942313155
SEWING BOX RETROSPOT DESIGN ;-4.102564102564102
SEWING SUSAN 21 NEEDLE SET;-0.10905125408942204
SHELF WITH 4 HOOKS HOME SWEET HOME;-0.4357298474945534
SHOE SHINE BOX ;-3.6363636363636362
SILK PURSE BABUSHKA BLUE;-0.5154639175257731
SILK PURSE BABUSHKA PINK;-1.2345679012345678
SILVER BELLS TABLE DECORATION;-0.046125461254612546
SILVER BLACK ORBIT DROP EARRINGS;-9.090909090909092
SILVER BRACELET W PASTEL FLOWER;-3.225806451612903
SILVER CHRISTMAS TREE BAUBLE STAND ;-4.444444444444445
SILVER FISHING GNOME ;-4.0
SILVER GLASS T-LIGHT SET;-1.5151515151515151
SILVER HANGING T-LIGHT HOLDER;-0.16558584650254987
SILVER M.O.P ORBIT DROP EARRINGS;-2.2222222222222223
SILVER MUG BONE CHINA TREE OF LIFE;-0.36732929991356955
SILVER PHOTO FRAME;-0.7407407407407408
SILVER ROCCOCO CHANDELIER;-13.636363636363637
SILVER ROCOCO CANDLE STICK;-3.816793893129771
SILVER T-LIGHT SETTING;-34.90566037735849
SINGLE ANTIQUE ROSE HOOK IVORY;-0.13477088948787064
SINGLE HEART ZINC T-LIGHT HOLDER;-0.19187719859290053
SINGLE WIRE HOOK IVORY HEART;-1.3761467889908259
SINGLE WIRE HOOK PINK HEART;-2.977667493796526
SKETCHBOOK MAGNETIC SHOPPING LIST;-0.2495757212738345
SKULL LUNCH BOX WITH CUTLERY ;-0.046860356138706656
SKULL SHOULDER BAG;-0.414765657403567
SKULLS  DESIGN  COTTON TOTE BAG;-5.0
SKULLS AND CROSSBONES WRAP;-0.4329004329004329
SKULLS DESIGN FLANNEL;-4.363636363636364
SKULLS PARTY BAG + STICKER SET;-0.5946481665014867
SKULLS STORAGE BOX SMALL;-1.0752688172043012
SLEEPING CAT ERASERS;-1.2160518848804214
SMALL BONNE JAM JAR  T-LIGHT HOLDER;-3.826530612244898
SMALL CERAMIC TOP STORAGE JAR ;-1.096079168232494
SMALL CHUNKY GLASS ROMAN  BOWL;-0.628930817610063
SMALL DECO JEWELLERY STAND;-0.4132231404958678
SMALL DOLLY MIX DESIGN ORANGE BOWL;-0.3156441112645492
SMALL GLASS HEART TRINKET POT;-0.08448820812059324
SMALL GLASS SUNDAE DISH CLEAR;-2.7857142857142856
SMALL HANGING IVORY/RED WOOD BIRD;-0.9080590238365494
SMALL HEART FLOWERS HOOK ;-0.05602240896358543
SMALL HEART MEASURING SPOONS;-0.2567280453257791
SMALL IVORY HEART WALL ORGANISER;-0.12944983818770225
SMALL MARSHMALLOWS PINK BOWL;-0.42689434364994666
SMALL PARISIENNE HEART PHOTO FRAME ;-0.1599147121535181
SMALL PINK GLASS SUNDAE DISH;-3.876852907639681
SMALL POPCORN HOLDER;-0.015623668437349091
SMALL RED RETROSPOT MUG IN BOX ;-9.065849923430322
SMALL RED RETROSPOT WINDMILL;-0.16339869281045752
SMALL SILVER TRELLIS CANDLEPOT;-5.5045871559633035
SMALL SKULL WINDMILL;-2.536997885835095
SMALL SQUARE CUT GLASS CANDLESTICK;-2.7472527472527473
SMALL TAHITI BEACH BAG;-33.33333333333333
SMALL WHITE HEART OF WICKER;-0.20753512132822477
SMALL WHITE RETROSPOT MUG IN BOX ;-12.882882882882885
SMALL WHITE/PINK ROSE ART FLOWER;-1.8018018018018018
SMALLFOLKART BAUBLE CHRISTMAS DEC;-16.216216216216218
SNOWSTORM PHOTO FRAME FRIDGE MAGNET;-2.3936170212765955
SOAP DISH BROCANTE;-0.9180790960451977
SOLDIERS EGG CUP ;-0.1378885811018775
SPACEBOY BEAKER;-0.2284843869002285
SPACEBOY BIRTHDAY CARD;-0.14682491129328276
SPACEBOY CHILDRENS BOWL;-0.20601565718994644
SPACEBOY CHILDRENS CUP;-0.17241379310344826
SPACEBOY CHILDRENS EGG CUP;-0.0831255195344971
SPACEBOY GIFT WRAP;-0.385981164119191
SPACEBOY LUNCH BOX ;-0.047515134450232296
SPACEBOY MINI BACKPACK;-0.18066847335140018
SPACEBOY ROCKET LOLLY MAKERS;-3.7325038880248838
SPACEBOY TV DINNER TRAY;-11.72161172161172
SPOTTY BUNTING;-0.1092831028453346
SPOTTY PINK DUCK DOORSTOP;-0.6968641114982579
SPRIG LAVENDER ARTIFICIAL FLOWER;-18.292682926829265
SQUARE CHERRY BLOSSOM CABINET;-6.116207951070336
STAR DECORATION PAINTED ZINC ;-0.22522522522522523
STAR DECORATION RUSTIC;-1.99501246882793
STAR PORTABLE TABLE LIGHT ;-1.5463917525773196
STAR T-LIGHT HOLDER WILLIE WINKIE;-0.0847457627118644
STAR WREATH DECORATION WITH BELL;-0.718132854578097
STARS GIFT TAPE ;-0.06053268765133172
STOOL HOME SWEET HOME ;-0.423728813559322
STORAGE TIN HOME SWEET HOME;-0.8706467661691542
STORAGE TIN VINTAGE DOILY ;-0.1851851851851852
STORAGE TIN VINTAGE LEAF;-0.2628120893561104
STRAWBERRY   PICNIC BAG;-0.15760441292356184
STRAWBERRY BATH SPONGE ;-4.219409282700422
STRAWBERRY CERAMIC TRINKET BOX;-0.06521094753482858
STRAWBERRY CERAMIC TRINKET POT;-0.2718062762540153
STRAWBERRY CHARLOTTE BAG;-0.06428057183996709
STRAWBERRY FAIRY CAKE TEAPOT;-0.2628120893561104
STRAWBERRY HONEYCOMB  GARLAND ;-0.15527950310559005
STRAWBERRY LUNCH BOX WITH CUTLERY;-0.03565970453387672
STRAWBERRY RAFFIA FOOD COVER;-0.20931449502878074
STRAWBERRY SHOPPER BAG;-0.3880070546737213
STRIPES DESIGN TEDDY;-11.76470588235294
STRIPEY CHOCOLATE NESTING BOXES;-7.18562874251497
STRIPY DESIGN SHOWER CAP;-0.5102040816326531
SUKI  SHOULDER BAG;-0.0294811320754717
SUMMER FUN DESIGN SHOWER CAP;-0.6191950464396285
SUNFLOWER DECORATIVE PARASOL;-0.8064516129032258
SWALLOW SQUARE TISSUE BOX;-0.625
SWALLOW WOODEN CHRISTMAS DECORATION;-0.3913894324853229
SWEET HEART CAKE CARRIER;-2.1126760563380285
SWEET PUDDING STICKER SHEET;-1.0309278350515463
SWEETHEART 3 TIER CAKE STAND ;-0.8391608391608393
SWEETHEART BIRD HOUSE;-0.4689331770222743
SWEETHEART CAKESTAND 3 TIER;-0.2673382409918636
SWEETHEART CARRY-ALL BASKET;-50.0
SWEETHEART CERAMIC TRINKET BOX;-0.09166598549692306
SWEETHEART RECIPE BOOK STAND;-0.4741980474198047
SWEETHEART WALL TIDY ;-1.2135922330097086
SWEETHEART WIRE MAGAZINE RACK;-0.3894080996884735
SWEETHEART WIRE WALL TIDY;-2.28310502283105
SWIRLY CIRCULAR RUBBERS IN BAG;-0.21231422505307856
T-LIGHT GLASS FLUTED ANTIQUE;-0.22547770700636943
T-LIGHT HOLDER HANGING LACE;-5.0
T-LIGHT HOLDER HANGING LOVE BIRD;-0.5504587155963303
T-LIGHT HOLDER SILVER HEART HANDLE;-3.1088082901554404
T-LIGHT HOLDER SWEETHEART HANGING;-0.11641443538998836
TALL ROCOCO CANDLE HOLDER;-2.197802197802198
TEA BAG PLATE RED RETROSPOT;-0.29455081001472755
TEA FOR ONE POLKADOT;-0.4230118443316413
TEA PARTY  WRAPPING PAPER ;-0.7671480144404332
TEA PARTY BIRTHDAY CARD;-1.3257575757575757
TEA TIME DES TEA COSY;-1.5873015873015872
TEA TIME KITCHEN APRON;-0.26622296173044924
TEA TIME OVEN GLOVE;-0.6967022758941013
TEA TIME PARTY BUNTING;-17.582417582417584
TEA TIME TEA SET IN GIFT BOX;-1.5267175572519083
TEA TIME TEAPOT IN GIFT BOX;-0.2652519893899204
THREE MINI HANGING FRAMES;-1.3793103448275863
TOADSTOOL BEDSIDE LIGHT ;-0.8438818565400842
TOADSTOOL MONEY BOX;-0.28273374280978836
TOILET SIGN OCCUPIED OR VACANT;-0.06200726370803436
TOOL BOX SOFT TOY ;-3.4482758620689653
TOTE BAG I LOVE LONDON;-0.9433962264150944
TOY TIDY DOLLY GIRL DESIGN;-0.5706134094151213
TOY TIDY PINK POLKADOT;-0.11298016570424305
TOY TIDY SPACEBOY  ;-0.4817708333333333
TOYBOX  WRAP ;-0.13793103448275862
TRADITIONAL CHRISTMAS RIBBONS;-0.3707136237256719
TRADITIONAL KNITTING NANCY;-0.20905066404328576
TRADITIONAL MODELLING CLAY;-0.012244398187829068
TRADITIONAL WOODEN CATCH CUP GAME ;-0.20420986490732013
TRADITIONAL WOODEN SKIPPING ROPE;-0.09465020576131687
TRADTIONAL ALPHABET STAMP SET;-0.20855057351407716
TRAVEL CARD WALLET FLOWER MEADOW;-0.9252669039145907
TRAVEL CARD WALLET I LOVE LONDON;-0.020911752404851526
TRAVEL CARD WALLET KEEP CALM;-0.13068227963054568
TRAVEL CARD WALLET PANTRY;-2.5177887246852766
TRAVEL CARD WALLET RETROSPOT;-0.23073373327180435
TRAVEL CARD WALLET SKULLS;-0.7932573128408527
TRAVEL CARD WALLET SUKI;-0.6980056980056979
TRAVEL CARD WALLET TRANSPORT;-0.3113026819923371
TRAVEL CARD WALLET UNION JACK;-0.3873659117997616
TRAVEL CARD WALLET VINTAGE LEAF;-0.10623229461756374
TRAVEL CARD WALLET VINTAGE TICKET;-0.13578441612701067
TRAVEL SEWING KIT;-0.05903187721369539
TRAY BREAKFAST IN BED;-0.3717472118959108
TREASURE ISLAND BOOK BOX;-0.15904572564612326
TREASURE TIN BUFFALO BILL ;-0.6211180124223602
TREASURE TIN GYMKHANA DESIGN;-0.06430868167202572
TRIANGULAR POUFFE VINTAGE ;-3.225806451612903
TRIPLE HOOK ANTIQUE IVORY ROSE;-0.30262680062946373
TRIPLE PHOTO FRAME CORNICE ;-0.2785958767810236
TRIPLE WIRE HOOK IVORY HEART;-7.0588235294117645
TROPICAL  HONEYCOMB PAPER GARLAND ;-0.08071025020177562
TUMBLER BAROQUE;-0.17064846416382254
TUSCAN VILLA DOVECOTE BIRD FEEDER;-2.380952380952381
TV DINNER TRAY AIR HOSTESS ;-0.23866348448687352
TV DINNER TRAY DOLLY GIRL;-0.3115264797507788
TWO DOOR CURIO CABINET;-1.4181349376880104
UNION JACK FLAG PASSPORT COVER ;-2.4721878862793574
UNION STRIPE CUSHION COVER ;-0.3778337531486146
VANILLA SCENT CANDLE JEWELLED BOX;-14.153587443946188
VICTORIAN  METAL POSTCARD SPRING;-3.8332038332038327
VICTORIAN GLASS HANGING T-LIGHT;-0.07545904250859395
VICTORIAN SEWING BOX LARGE;-0.7149554617909049
VICTORIAN SEWING BOX MEDIUM;-0.35450516986706054
VICTORIAN SEWING BOX SMALL ;-0.17123287671232876
VICTORIAN SEWING KIT;-2.591928251121076
VINTAGE  2 METER FOLDING RULER;-0.3548034934497816
VINTAGE  2 METRE FOLDING RULER;-0.06146281499692685
VINTAGE BEAD PINK PURSE ;-1.307531380753138
VINTAGE BEAD PINK SCARF ;-2.733485193621868
VINTAGE BILLBOARD DRINK ME MUG;-0.6066734074823054
VINTAGE BILLBOARD LOVE/HATE MUG;-0.8771929824561403
VINTAGE BILLBOARD TEA MUG;-56.12489991993594
VINTAGE BLUE KITCHEN CABINET;-5.0
VINTAGE CARAVAN GIFT WRAP;-4.166666666666666
VINTAGE CHRISTMAS BUNTING;-0.217828418230563
VINTAGE CHRISTMAS GIFT BAG LARGE ;-0.41299559471365643
VINTAGE CHRISTMAS GIFT SACK;-0.07027406886858749
VINTAGE CHRISTMAS STOCKING ;-0.15789473684210525
VINTAGE CHRISTMAS TABLECLOTH;-0.6188118811881188
VINTAGE COFFEE GRINDER BOX;-12.244897959183673
VINTAGE CREAM 3 BASKET CAKE STAND;-0.24509803921568626
VINTAGE CREAM CAT FOOD CONTAINER;-0.19715533023517814
VINTAGE CREAM DOG FOOD CONTAINER;-0.35787321063394684
VINTAGE DOILY DELUXE SEWING KIT ;-0.7899854156538648
VINTAGE DOILY JUMBO BAG RED ;-0.8592529470245703
VINTAGE DOILY TRAVEL SEWING KIT;-0.05045408678102927
VINTAGE DONKEY TAIL GAME ;-0.12195121951219512
VINTAGE EMBOSSED HEART;-0.30927835051546393
VINTAGE GLASS T-LIGHT HOLDER;-0.4037685060565276
VINTAGE HEADS AND TAILS CARD GAME ;-0.15278838808250572
VINTAGE JINGLE BELLS HEART;-0.4405286343612335
VINTAGE KEEPSAKE BOX PINK FLOWER;-11.11111111111111
VINTAGE KID DOLLY CARD ;-0.48426150121065376
VINTAGE KITCHEN PRINT FRUITS;-3.6585365853658534
VINTAGE LEAF CHOPPING BOARD  ;-1.0273972602739725
VINTAGE LEAF MAGNETIC NOTEPAD;-0.25355958650282817
VINTAGE NOTEBOOK PARIS DAYS;-6.315789473684211
VINTAGE NOTEBOOK TRAVELOGUE;-18.75
VINTAGE RED ENAMEL TRIM JUG ;-0.8329126703685008
VINTAGE RED ENAMEL TRIM MUG ;-0.7060255629945222
VINTAGE RED ENAMEL TRIM PLATE;-0.9983663096750771
VINTAGE RED KITCHEN CABINET;-2.5
VINTAGE RED MUG;-1.7366136034732274
VINTAGE RED TEATIME MUG;-3.0821917808219177
VINTAGE RED TRIM ENAMEL BOWL ;-1.4627659574468086
VINTAGE SEASIDE JIGSAW PUZZLES;-0.379746835443038
VINTAGE SNAP CARDS;-0.14713009762514712
VINTAGE UNION JACK BUNTING;-0.2535313292285404
VINTAGE UNION JACK CUSHION COVER;-0.8152173913043478
VINTAGE UNION JACK DOORSTOP;-1.179245283018868
VINTAGE UNION JACK MEMOBOARD;-0.03059975520195838
VINTAGE UNION JACK PENNANT;-0.5692108667529108
VINYL RECORD FRAME SILVER;-0.1313813813813814
WAKE UP COCKEREL TILE HOOK;-2.0408163265306123
WALL ART 70'S ALPHABET ;-0.5714285714285715
WALL ART ANIMALS AND NATURE ;-2.380952380952381
WALL ART BICYCLE SAFETY;-0.11778563015312131
WALL ART BUFFALO BILL ;-1.82370820668693
WALL ART CLASSIC PUDDINGS ;-0.23201856148491878
WALL ART DOG LICENCE ;-1.3605442176870748
WALL ART HORSE & PONY ;-2.73972602739726
WALL ART MID CENTURY MODERN ;-0.6134969325153374
WALL ART STOP FOR TEA ;-0.4055619930475087
WALL ART TREASURE AHOY ;-7.142857142857142
WALL ART VILLAGE SHOW ;-1.694915254237288
WALL MIRROR RECTANGLE DIAMANTE PINK;-0.7352941176470588
WALL TIDY RETROSPOT ;-0.043725404459991256
WASH BAG VINTAGE ROSE PAISLEY;-1.2367491166077738
WELCOME  WOODEN BLOCK LETTERS;-1.1673151750972763
WHEELBARROW FOR CHILDREN ;-1.2396694214876034
WHITE 3 FRAME BIRDS AND TREE ;-5.263157894736842
WHITE ALLIUM  ARTIFICIAL FLOWER;-21.428571428571427
WHITE BAMBOO RIBS LAMPSHADE;-0.33089515848136536
WHITE CHRYSANTHEMUMS ART FLOWER;-3.7735849056603774
WHITE ENAMEL FLOWER HAIR TIE;-54.54545454545454
WHITE FRANGIPANI NECKLACE;-18.181818181818183
WHITE GOOSE FEATHER CHRISTMAS TREE ;-0.5050505050505051
WHITE GOOSE FEATHER TREE 60CM ;-1.4440433212996389
WHITE HANGING BEADS CANDLE HOLDER;-1.0683760683760686
WHITE HANGING HEART T-LIGHT HOLDER;-0.1738000180676512
WHITE HEART CONFETTI IN TUBE;-3.7617554858934166
WHITE JEWELLED HEART DECORATION;-0.16226240148354196
WHITE LOVEBIRD LANTERN;-0.24067388688327318
WHITE METAL LANTERN;-0.2353793228317943
WHITE ROCKING HORSE HAND PAINTED;-1.8504811250925242
WHITE SAGE INCENSE;-3.61794500723589
WHITE SOAP RACK WITH 2 BOTTLES;-0.5847953216374269
WHITE SPOT BLUE CERAMIC DRAWER KNOB;-0.29990682506405775
WHITE SPOT RED CERAMIC DRAWER KNOB;-0.16982815693273076
WHITE STITCHED WALL CLOCK;-0.1183431952662722
WHITE TALL PORCELAIN T-LIGHT HOLDER;-35.87223587223587
WHITE TEACOFFEESUGAR JARS;-0.5005268703898841
WHITE TRAVEL ALARM CLOCK;-0.35842293906810035
WHITE WICKER STAR ;-0.06802721088435373
WHITE WIRE EGG HOLDER;-1.4754098360655736
WHITE WOOD GARDEN PLANT LADDER;-0.1934984520123839
WICKER STAR ;-0.7246376811594203
WINE BOTTLE DRESSING DARK BLUE;-30.0
WOOD 2 DRAWER CABINET WHITE FINISH;-0.20836494209275275
WOOD BLACK BOARD ANT WHITE FINISH;-0.03638789496027655
WOOD S/3 CABINET ANT WHITE FINISH;-0.13143582306018853
WOOD STAMP SET FLOWERS;-4.994797086368366
WOOD STAMP SET HAPPY BIRTHDAY;-1.279317697228145
WOOD STAMP SET THANK YOU;-0.43275632490013316
WOOD STOCKING CHRISTMAS SCANDISPOT;-0.12746972594008923
WOODEN ADVENT CALENDAR CREAM;-0.5557371690094802
WOODEN ADVENT CALENDAR RED;-0.20270270270270271
WOODEN BOX OF DOMINOES;-0.20385761329778893
WOODEN CROQUET GARDEN SET;-0.14765596160945
WOODEN FRAME ANTIQUE WHITE ;-0.3117823706059
WOODEN HAPPY BIRTHDAY GARLAND;-0.046146746654360866
WOODEN HEART CHRISTMAS SCANDINAVIAN;-0.48054048910457703
WOODEN OWLS LIGHT GARLAND ;-0.27502750275027504
WOODEN PICTURE FRAME WHITE FINISH;-0.1475486657294477
WOODEN ROUNDERS GARDEN SET ;-0.07535795026375283
WOODEN SCHOOL COLOURING SET;-1.639344262295082
WOODEN SKITTLES GARDEN SET;-0.45230263157894735
WOODEN STAR CHRISTMAS SCANDINAVIAN;-0.4292122502985123
WOODEN TREE CHRISTMAS SCANDINAVIAN;-1.8919984233346472
WOODEN UNION JACK BUNTING;-0.095831336847149
WOODLAND CHARLOTTE BAG;-0.10607667828458857
WOODLAND DESIGN  COTTON TOTE BAG;-0.2677376171352075
WOODLAND PARTY BAG + STICKER SET;-0.0544069640914037
WOODLAND STORAGE BOX LARGE ;-0.2932551319648094
WOODLAND STORAGE BOX SMALL;-0.5291005291005291
WORLD WAR 2 GLIDERS ASSTD DESIGNS;-0.44570728174271557
WRAP 50'S  CHRISTMAS;-1.4082920234339793
WRAP ALPHABET DESIGN;-0.31541761291950543
WRAP CHRISTMAS SCREEN PRINT;-2.380952380952381
WRAP CHRISTMAS VILLAGE;-2.1734405564007826
WRAP CIRCUS PARADE;-0.8689607229753215
WRAP COWBOYS  ;-1.2303149606299213
WRAP DOLLY GIRL;-0.9009009009009009
WRAP ENGLISH ROSE ;-0.3471740036106096
WRAP GINGHAM ROSE ;-1.1106175033318524
WRAP GREEN PEARS ;-1.327668613913967
WRAP I LOVE LONDON ;-0.5616715344866322
WRAP POPPIES  DESIGN;-0.48543689320388345
WRAP RED APPLES ;-0.4781943381790359
WRAP SUKI AND FRIENDS;-0.6172839506172839
WRAP VINTAGE LEAF DESIGN;-0.24528301886792453
WRAP VINTAGE PETALS  DESIGN;-0.7633587786259541
YELLOW COAT RACK PARIS FASHION;-1.0676156583629892
YELLOW EASTER EGG HUNT START POST;-5.88235294117647
YELLOW GIANT GARDEN THERMOMETER;-0.5319148936170213
YELLOW/BLUE RETRO RADIO;-6.666666666666667
YULETIDE IMAGES GIFT WRAP SET;-1.7777777777777777
ZINC  HEART T-LIGHT HOLDER;-1.7584994138335288
ZINC  STAR T-LIGHT HOLDER ;-1.3289036544850499
ZINC BOX SIGN HOME;-2.9197080291970803
ZINC FOLKART SLEIGH BELLS;-0.2434794209859249
ZINC HEARTS PLANT POT HOLDER;-4.428044280442804
ZINC HERB GARDEN CONTAINER;-0.3125
ZINC METAL HEART DECORATION;-0.29615840243696057
ZINC SWEETHEART WIRE LETTER RACK;-1.5444015444015444
ZINC T-LIGHT HOLDER STAR LARGE;-0.26842362127867253
ZINC T-LIGHT HOLDER STARS SMALL;-0.2907168814007268
ZINC TOP  2 DOOR WOODEN SHELF ;-31.25
ZINC WILLIE WINKIE  CANDLE STICK;-0.4105371193978789
