Word,Frequency
set,63819
of,53494
bag,51905
red,42449
heart,37902
retrospot,34471
vintage,33732
design,30066
pink,28858
christmas,25131
box,24466
cake,21461
jumbo,21139
white,20279
lunch,18525
blue,18306
hanging,17037
holder,16261
pack,15605
tlight,14559
paper,14472
small,14325
card,14223
decoration,12981
wooden,12708
polkadot,12472
glass,12416
cases,12014
tea,10967
spaceboy,10831
in,10673
and,10260
large,9797
pantry,9760
tin,9512
paisley,9326
ceramic,9180
regency,9120
with,9029
rose,9012
home,8971
green,8884
dolly,8447
doormat,8385
metal,8320
mug,8239
ivory,8200
mini,8185
bunting,8001
cream,7833
girl,7793
assorted,7587
love,7498
clock,7346
feltcraft,7216
black,7170
wicker,7141
party,7077
bowl,7051
childrens,6981
kit,6910
tins,6899
woodland,6874
wrap,6802
garden,6785
fairy,6777
frame,6751
s,6646
antique,6478
drawer,6418
charlotte,6351
silver,6273
colour,6207
star,6161
wall,6137
birthday,6123
strawberry,6115
wood,6032
zinc,5619
bird,5581
gift,5253
cutlery,5185
jar,5166
skull,5141
flower,5105
suki,5075
cup,5048
candles,5046
hearts,5023
jam,4997
union,4989
knob,4953
hand,4944
candle,4884
egg,4838
pencils,4771
cover,4764
french,4738
storage,4673
london,4666
tree,4655
warmer,4622
trinket,4555
alarm,4551
traditional,4507
bakelike,4461
sweetheart,4341
ribbons,4302
sign,4279
travel,4164
butterfly,4147
tube,4143
baking,4132
doily,4129
cushion,4102
napkins,4054
spot,4050
apples,3998
hook,3987
alphabet,3921
plate,3825
jack,3813
tissues,3806
slate,3804
sweet,3788
tier,3752
plasters,3733
skulls,3726
gingham,3655
round,3644
light,3550
enamel,3535
chain,3534
craft,3516
stand,3501
photo,3470
saucer,3389
garland,3369
i,3366
cookie,3364
scandinavian,3352
natural,3341
kitchen,3298
chocolate,3260
boxes,3252
shopper,3249
leaf,3238
cards,3176
apron,3176
spotty,3171
wallet,3149
painted,3136
door,3130
felt,3126
reel,3109
ribbon,3108
edwardian,3063
magic,3060
teacup,3052
lights,3045
picnic,3040
babushka,3022
magnets,2992
sewing,2914
finish,2908
coffee,2907
notebook,2894
rabbit,2870
keep,2808
dog,2806
pot,2783
english,2770
calm,2727
art,2709
diner,2704
victorian,2651
making,2643
mirror,2640
cakestand,2608
circus,2588
parade,2588
recipe,2570
doilies,2561
key,2525
picture,2515
chalkboard,2502
easter,2434
bell,2416
pen,2412
roses,2386
milk,2369
jug,2348
night,2346
cabinet,2329
yellow,2328
retro,2321
lantern,2308
book,2284
block,2281
classic,2279
parasol,2266
happy,2245
doll,2244
hanger,2201
snack,2199
table,2194
bottle,2192
cutters,2184
tlights,2140
rack,2133
pad,2126
rustic,2122
piece,2120
tray,2101
owl,2099
food,2085
toy,2057
cat,2037
herb,1982
money,1967
scales,1960
kneeling,1959
floral,1936
apple,1928
basket,1902
stripe,1884
treasure,1879
top,1865
bells,1861
biscuit,1838
board,1817
time,1813
lid,1766
bin,1750
ring,1750
on,1749
building,1747
word,1747
decorative,1745
towels,1721
gardeners,1718
led,1718
childs,1711
stickers,1711
container,1704
marker,1695
roll,1695
sugar,1687
tissue,1684
animals,1667
decorations,1661
acrylic,1661
kids,1657
the,1646
style,1645
bank,1642
baby,1634
coat,1634
umbrella,1621
measuring,1620
shoulder,1610
font,1608
pan,1598
game,1595
cakes,1587
doiley,1583
dinosaur,1583
sketchbook,1580
pears,1578
popcorn,1577
jigsaw,1568
toadstool,1555
purse,1532
stationery,1524
wreath,1515
lace,1514
beaker,1512
tape,1510
dinner,1502
ornament,1501
tidy,1496
charm,1493
ball,1490
playing,1487
up,1474
purple,1471
dish,1464
playhouse,1455
poppys,1455
teatime,1453
bread,1452
daisy,1445
stars,1433
scented,1433
doorstop,1420
drawing,1420
cotton,1406
ant,1401
lola,1390
tags,1387
mat,1376
medium,1375
a,1374
shape,1367
balloons,1366
lovebird,1356
tall,1355
jars,1354
wire,1344
oven,1341
bunny,1337
frying,1323
folkart,1315
cosy,1307
recycled,1305
flag,1301
own,1299
your,1299
fob,1293
harmonica,1291
single,1275
moulds,1269
botanical,1268
friends,1266
sticks,1266
pencil,1264
empire,1263
filigree,1258
giant,1254
d,1252
crystal,1246
orange,1244
folding,1244
knack,1243
knick,1243
gold,1237
pegs,1216
peg,1207
baroque,1204
bracelet,1199
cars,1197
princess,1192
printed,1186
colouring,1180
owls,1178
breakfast,1171
glitter,1169
plant,1168
bathroom,1166
greeting,1163
funky,1147
chest,1141
acapulco,1135
billboard,1126
glove,1124
angel,1123
parisienne,1122
cornice,1121
sticker,1120
ruler,1114
jelly,1111
flowers,1104
mint,1103
honeycomb,1099
airline,1096
size,1093
diamante,1091
gumball,1088
chalk,1088
letter,1088
school,1087
brush,1087
chick,1084
cutter,1082
washing,1081
fan,1080
teapot,1078
magnetic,1074
stamp,1073
pc,1070
tile,1069
plates,1069
feather,1068
park,1065
welcome,1065
fancy,1065
for,1054
cottage,1047
list,1041
calendar,1036
bowls,1009
horse,998
bath,997
shopping,992
square,990
towel,979
shed,976
house,973
dominoes,970
cashcarry,967
rex,967
charlie,962
brown,953
luggage,952
bucket,952
cups,947
snap,944
beaded,941
spoons,939
lavender,937
toilet,916
ice,915
record,912
memo,912
morris,911
stocking,906
tag,904
writing,900
jingle,899
triple,897
mould,890
trellis,890
lip,887
gloss,887
asstd,877
kings,874
choice,874
spice,870
place,865
bundle,859
books,859
skittles,854
collage,853
candleholder,850
gloves,847
stick,841
napkin,836
toys,834
heads,831
tails,831
coloured,830
loaf,829
new,828
rocking,828
jewellery,824
letters,823
tv,821
cocktail,821
crackers,816
doughnut,815
village,815
flannel,811
soft,801
pocket,800
shaped,798
w,798
rotating,797
clothes,794
sleigh,794
knitting,789
matches,788
images,787
shelf,785
flock,784
silk,783
tonic,781
grow,777
multicolour,777
cherry,776
jewelled,774
fruit,773
apothecary,772
candy,768
g,763
swirly,763
recycling,760
or,759
first,755
family,746
come,742
raffia,741
charms,738
blossom,737
earrings,733
glaze,726
thermometer,724
biscuits,722
tote,722
gymkhana,720
vanilla,715
seaside,712
soap,711
bead,711
four,709
backpack,708
reindeer,703
stencil,702
marbles,702
passport,701
birdhouse,700
man,697
world,697
gingerbread,691
fridge,691
dove,688
over,686
fabric,685
rain,683
chilli,679
england,678
crackle,677
homemade,655
bicycle,654
string,654
cm,654
boxed,651
necklace,651
deluxe,643
hen,642
pattern,641
fruits,641
you,640
hldr,639
chicken,639
clear,639
number,637
toadstools,636
spring,633
scent,630
aid,628
lipstick,628
nancy,625
jazz,625
fun,625
paint,623
tutti,623
frutti,623
straws,621
embroidered,620
bunnies,619
sponge,617
girls,616
parasols,603
folk,602
cats,601
stripey,598
holly,598
santa,598
make,598
bill,597
buffalo,597
save,597
planet,597
potting,596
leaves,591
little,587
multi,587
scotty,585
cafe,584
decoupage,584
jet,580
office,579
mushroom,579
to,575
teacoffeesugar,574
enchanted,574
stripes,572
fluted,570
erasers,570
exercise,569
rope,567
coaster,566
willie,561
winkie,561
designs,559
placemats,555
invites,554
advent,554
gin,553
ladder,552
rectangle,552
organiser,551
charlielola,550
pens,549
mix,549
disco,546
pin,546
bling,546
bottles,545
pudding,544
chateau,543
gliders,542
war,542
incense,540
pannetone,538
mirrored,537
fork,537
bauble,535
swallows,535
strongman,534
sock,528
wick,526
colours,525
mobile,523
patterns,522
bon,522
modern,520
spoon,520
blocks,515
crochet,513
boys,511
nesting,508
oval,506
psychedelic,501
dairy,500
maid,500
caravan,498
tops,498
spinning,498
turquoise,498
pizza,497
its,497
toast,497
setting,494
coasters,493
badges,485
hairband,485
mice,483
big,483
basil,478
angels,475
trim,475
sheet,474
sack,473
sundae,472
lamp,472
keepsake,471
origami,469
calculator,467
chicks,467
one,467
hair,466
reds,465
marshmallows,464
portrait,463
paris,462
engraved,460
chopsticks,460
windmill,455
soldier,455
magazine,453
washbag,453
vacant,452
our,452
occupied,452
skipping,451
woolly,450
crayons,450
hottie,449
postcard,447
pirate,445
spots,443
balloon,442
parcel,441
notebooks,441
soldiers,439
bedroom,436
lolly,435
pinks,434
robot,433
patches,433
jardin,431
elephant,430
etched,427
spade,425
day,424
petit,424
cut,424
catch,424
crate,423
ticket,422
cacti,422
birdy,420
lovebirds,418
musical,417
romantic,417
album,416
only,415
tokyo,413
print,413
embossed,410
de,409
filler,408
polyester,408
choc,405
citronella,403
snowmen,403
snakes,401
ladders,401
settings,400
envelopes,399
clips,398
wool,396
strawbery,396
poppies,393
pearl,393
grand,392
clay,391
modelling,391
cigar,390
thank,390
bingo,387
dinosaurs,386
handbag,385
monkey,385
woven,385
brocante,382
magnet,381
xcm,378
dispenser,378
emily,378
fashion,377
curio,376
baubles,376
dec,375
birdcage,373
animal,371
stool,370
ma,368
campagne,368
blackblue,368
rosie,368
revolver,367
rounders,366
back,363
porcelain,363
iron,361
scottie,360
forest,360
piggy,357
bull,356
cube,356
aged,355
journal,352
danish,351
sunflower,350
foil,349
measure,349
eggs,349
beads,348
carry,347
cowboys,346
cracker,346
pottering,345
beak,345
swallow,345
ollie,345
molly,344
ladle,344
drop,343
cupid,340
dogs,339
gazebo,336
candlestick,336
life,336
livingroom,335
spotted,334
fonts,331
beach,331
circular,329
bus,328
secret,327
landmark,326
rocket,326
farm,324
clip,323
knitted,321
rolling,320
du,319
sud,319
frog,319
stamped,318
dressing,312
placemat,310
cardholder,310
holiday,308
notepad,307
flytrap,307
croquet,307
full,307
wc,306
moody,305
amelie,304
plastic,303
canvas,303
tealight,303
scrubbing,303
chocolatecandle,303
wash,303
teddy,303
swiss,301
best,301
crossbones,300
sleeping,298
olivia,295
mistletoe,295
repair,294
pick,293
boom,292
salad,292
puppies,291
caddy,291
garage,290
note,290
snowy,288
bags,288
giraffe,287
island,286
transport,285
refectory,282
ass,282
queens,279
guard,279
fresh,279
keys,277
hot,277
pearls,276
ivoryred,275
boy,275
flying,275
mosaic,275
indians,274
wish,274
double,271
motorbike,271
confectionery,271
opener,270
present,269
naughts,268
crosses,268
noel,267
tropical,267
circles,266
point,266
message,265
penny,265
farthing,265
microwave,264
stop,264
posy,264
ping,264
fuschia,263
incensecandle,261
tail,261
donkey,261
bib,261
fine,261
football,260
butter,260
flora,260
miniature,260
lucky,260
le,259
poncho,258
pillar,258
person,258
perfume,256
two,256
drawerknob,256
button,256
chic,256
trowel,255
scarf,254
emergency,253
holders,253
gardenia,253
votive,252
deco,251
chocolates,250
purdey,250
ladies,250
sharpener,249
diet,249
rosemary,249
slice,248
personal,248
coathanger,248
quilted,248
laurel,248
doorsign,248
parsley,247
bubblegum,246
thyme,246
makers,246
brocade,245
tablecloth,244
merry,244
goose,244
penhot,244
paperweight,243
housework,241
pieces,240
beurre,240
planter,240
chinese,240
abc,239
six,239
smiley,238
padded,237
diva,237
celebration,237
pedestal,237
ducks,237
camouflage,237
no,237
hat,237
games,236
five,235
des,235
children,234
cones,234
pancake,233
can,232
boudicca,232
bendy,232
sandcastle,231
flags,231
sticky,230
address,229
memoboard,228
cloche,227
cowboy,226
chopping,226
airmail,226
milkmaid,226
jardiniere,225
belle,225
boot,224
my,223
mushrooms,223
baseball,223
ludo,222
filigris,222
foot,222
jubilee,221
gaolers,219
figures,219
space,219
mitt,218
funny,218
front,218
secateurs,218
face,218
helicopter,217
monsters,217
salt,217
pepper,217
elixir,216
chives,216
rainy,216
tale,215
petals,215
pastry,215
kid,215
grocery,214
sporting,214
bohemian,213
medina,213
teaspoons,213
crates,212
market,212
envelope,212
hammock,212
bear,212
flask,212
cooking,212
flowerpower,211
tongs,211
fringe,211
swirlglass,210
topiary,210
guns,210
toothpaste,209
buttons,209
strainer,209
ocean,209
chandelier,209
wastepaper,209
lattice,208
drawers,208
lanterns,208
botanique,207
wedding,207
elegant,206
tradtional,203
all,203
lovehate,202
chrysanthemum,202
shimmering,202
shell,201
slipper,201
wobbly,201
pistachio,201
chunky,201
chrome,201
speaker,201
blackboard,200
nicole,200
lily,200
ridged,200
china,199
bone,199
polka,199
valentine,199
utensil,197
eau,197
hooks,197
abstract,196
cinammon,196
confetti,196
wishes,195
banquet,195
queen,195
skies,195
parlour,194
cupcake,193
mouse,192
dark,191
snake,191
car,191
orbit,190
go,190
mac,189
jungle,189
popsicles,189
hour,189
urban,188
meter,188
boudoir,187
la,187
overnight,186
daisies,186
digestive,186
moroccan,186
snowflake,185
scandispot,185
respectable,184
portable,183
novelty,183
pencoal,183
keyrings,182
me,181
drink,181
birds,181
fair,180
pharmacie,180
cosmetic,180
hamper,179
safety,179
meadow,179
fern,179
monsoon,178
shoes,178
midnight,177
pots,177
nativity,177
seed,177
camphor,174
stitched,174
susan,173
trays,173
needle,173
screwdriver,172
bouquet,172
fire,172
torch,171
peace,171
mugs,171
gentleman,170
pastel,170
shirt,170
eraser,170
please,170
colander,170
curious,169
tshirt,168
motoring,168
flowerpot,167
dress,167
cherub,166
santas,166
sitting,166
cupcakes,165
chart,165
height,165
area,165
toxic,165
pair,165
frosted,164
mum,164
pumpkin,164
cubes,163
beakers,163
trees,163
puddings,162
polkadots,161
sheep,161
spirit,160
level,160
copper,159
pretty,159
spaceball,159
mod,159
pop,159
racing,159
lads,157
metre,156
path,156
case,155
cupboard,155
france,155
jewel,155
poste,155
columbian,154
penlight,153
room,153
frill,153
champion,152
knickerbockerglory,151
regatta,151
curtain,151
glamorous,151
blacksilver,151
crazy,150
puzzles,150
hairbands,150
sandalwood,149
bake,147
keyring,147
jeweled,147
plaque,147
laundry,146
suction,146
naughty,146
licence,146
scissor,146
stamps,146
pear,145
jeanpaul,144
summer,144
peacock,144
salts,144
army,143
song,143
vine,143
butterflies,143
cheese,142
butterfiles,142
traveling,142
socks,141
mittens,141
fauna,141
cordon,140
flore,140
barrier,140
not,139
cute,139
supplies,139
aluminium,139
rake,139
childhood,138
grey,138
do,137
touch,137
patch,137
stuff,137
chocblue,137
is,137
beautiful,137
kitty,136
nest,135
chasing,135
henrietta,134
carnival,133
bedside,131
med,131
delight,130
snow,130
pump,130
eight,129
seat,129
carrot,128
pinkwhite,128
sky,128
comb,128
labels,128
carousel,126
linen,126
icon,125
compact,125
illustrated,125
cant,125
dragonfly,124
madras,124
puncture,124
savannah,124
phone,123
if,123
sunrise,123
heat,123
chalet,123
lampshade,122
duck,121
stacking,121
redwhite,121
candlepot,120
platter,119
standing,119
rest,119
skirt,119
nil,119
amber,118
vinyl,118
pony,118
tumbler,117
baths,117
local,117
growing,117
from,117
twine,116
scotties,116
cone,115
gnome,114
monochrome,114
rings,114
bright,113
tec,113
alpine,113
blues,113
hi,113
class,113
toastrack,113
ruby,113
mop,112
season,112
spiral,112
amethyst,111
bain,111
salle,111
corer,111
leap,111
leis,111
cluster,110
fly,110
swat,110
operated,110
battery,110
rotator,109
tool,109
dot,109
cabin,109
bluecream,108
asst,108
creepy,108
spike,107
baskets,107
us,107
joy,107
burner,107
oil,107
ironing,107
longboard,107
hostess,107
air,107
sweetie,107
three,107
pennant,106
cubic,106
pebble,106
charlielolaextremely,106
busy,106
shop,106
strawberries,106
screen,106
lightbulb,106
crawlies,105
frames,105
playtime,105
bubbles,104
rattle,104
mums,103
popart,103
yuletide,102
ninja,102
dreams,101
memory,101
provence,101
grip,101
kittens,101
long,101
sandlewood,101
brooch,101
camembert,100
witch,100
pig,100
neighbourhood,100
hearticecream,99
balls,99
swords,98
wildflower,98
bobbles,98
nightlight,97
chalice,97
days,97
sandwich,97
paisely,97
jasmine,97
dragon,97
murano,96
gardens,96
evening,96
rococo,96
bitty,96
circle,96
en,95
revolutionary,95
vie,95
twist,95
taper,95
bonne,94
incensecand,94
tapes,94
rainbow,94
tassle,93
herbs,93
shark,93
enamelglass,93
inflatable,93
bows,93
floor,93
patchwork,92
ladybird,92
monster,92
candelabra,92
bamboo,92
street,91
rosebud,91
marmalade,91
throw,90
berries,89
hare,89
puppet,89
tomato,88
mothers,88
les,88
enfants,88
prince,88
muff,87
wake,87
cockerel,87
ear,87
kashmir,87
headphones,87
glamour,86
licorice,86
show,86
incensecandl,86
bed,86
unit,86
cadet,86
wheelbarrow,85
heidi,85
halloween,85
ghost,85
whitepink,84
turq,84
hut,83
sound,83
hawaiian,83
pompom,83
disc,83
pouffe,82
economy,82
songbird,82
panda,81
disposable,81
dutch,81
toilette,80
wrapping,80
moon,80
juicy,79
bonbons,79
pinecone,79
eucalyptus,79
bonheur,79
nile,78
rabbits,78
mixture,78
lets,78
ribs,77
frappucino,77
beetles,76
truffle,76
ingrid,76
sunset,76
panettone,75
bubble,75
sally,75
spaceman,75
rim,75
gum,75
toffee,74
doctors,74
squarecushion,74
lilac,73
susie,71
political,71
globe,71
travelogue,71
pearlised,71
fruitflowers,70
scissorpointed,70
edge,70
hoop,70
field,70
town,69
col,69
cockle,69
dads,69
camden,69
pendant,69
nuts,68
sage,68
mixed,68
necklacebracelet,67
rubber,66
feng,66
shui,66
drawstring,66
savoy,66
base,66
artificial,65
helga,65
grass,65
poster,64
radio,64
fishing,64
forties,64
multicol,64
sharpeners,64
hairclips,64
lizard,64
cartoon,64
rebecca,63
vase,63
slide,63
georgian,63
lightsfunk,63
sailor,63
hello,63
shoe,62
wine,62
redcream,62
finger,62
denim,62
pinkpurple,62
peach,61
band,61
sombrero,61
lime,61
cactus,61
diamond,61
palmiera,61
pole,60
bertie,60
marie,60
rubbers,60
antoinette,59
women,59
frost,59
booze,59
lovely,59
bonbon,59
favourites,59
snowstorm,59
oxford,59
wireless,58
doorbell,58
tub,58
housekeeping,58
gems,58
l,57
bulb,57
swagat,57
namaste,57
covent,57
velvet,56
out,56
st,56
colourful,56
bridge,55
sucker,55
tuscan,55
rect,55
villa,55
lolita,55
lounge,55
notting,54
creatures,54
fruitbowl,54
hill,54
tie,54
gordon,54
cosmetics,54
geisha,54
pool,53
crowns,53
stonecrystal,53
swinging,53
line,53
overcrowded,53
chair,52
hammered,52
clam,52
expandable,52
hexagon,51
nature,51
portobello,51
sweeties,50
cracked,50
fur,50
post,50
faux,50
maria,50
carrier,50
cage,49
starstrees,49
hurricane,49
hyacinth,49
groovy,49
snowflakes,48
cast,48
combo,48
frangipani,47
whisk,47
rachel,46
poppy,46
fields,46
adult,46
mr,45
shine,45
lobster,45
steel,45
mixing,45
sophie,45
mock,45
old,45
perfectly,45
smokey,44
baroquecandlestick,44
raspberr,44
slides,43
gents,43
goblet,43
m,42
smallfolkart,42
ahoy,42
notelets,42
singing,42
jade,42
loves,42
saftey,42
embroidery,42
elvis,41
j,41
start,41
mousey,41
legs,41
hunt,41
dollcraft,40
champagne,40
sisters,40
rectangular,39
dragons,39
open,39
blood,39
cinnamon,39
photoframe,38
planters,38
glasssilver,38
account,38
k,38
maids,38
strand,38
grinder,38
corona,38
mexican,38
metalic,37
sphere,37
sand,37
gauze,37
memories,37
fooddrink,37
bee,37
mark,37
instrument,37
hopper,37
stones,37
haven,36
bow,36
presents,36
stack,36
coconut,36
kukui,36
camo,36
dream,36
whitered,36
triangular,35
cap,35
forked,35
shower,35
shade,35
faceted,35
bangle,35
tropez,35
vippassport,35
c,34
budah,34
boxfunky,34
bullet,34
kensington,34
nine,34
clean,34
spatula,34
polished,34
lids,33
dolphins,33
glow,33
sea,33
cloth,33
feeder,33
cinderella,33
decoupagegreeting,32
shells,32
hairslide,32
cmxcm,32
relax,32
crystalglass,32
baker,32
earth,32
hairclip,31
flowe,31
work,31
balm,31
pale,31
quilt,31
octagon,31
essential,31
play,31
candystuft,31
gemstone,31
king,30
h,30
handle,30
posies,30
doggy,30
e,30
sideboard,29
rosette,29
nurses,29
mrs,29
jewelblue,29
frieze,29
classical,29
seventeen,29
opium,29
ashtray,28
plasmatronic,28
country,28
vip,28
skippping,28
dovecote,28
beaten,28
tassel,28
dof,28
hippy,27
strap,27
xmas,27
condiment,27
doughnuts,27
glowing,27
tiaras,27
cardsquare,27
n,26
starfish,26
turqred,26
carpet,26
pill,26
montana,26
charger,26
vegetable,26
vegas,26
las,26
necklac,25
chambre,25
earring,25
voile,25
r,25
regal,24
mid,24
laquered,24
strawbry,24
claire,24
toybox,24
suede,24
crested,23
tortilla,23
tit,23
icicle,23
afghan,23
windsock,23
support,23
cordial,23
head,22
sequin,22
glassshellpearl,22
provencal,22
liners,22
bad,22
silvermop,22
buddha,22
pinkblue,21
henchicks,21
sunglasses,21
geometric,21
oyster,21
peony,21
george,21
str,21
squeezer,21
century,21
shapes,20
madeline,20
silouette,20
sew,20
enginecar,20
peridot,20
lariat,20
tigris,20
eye,20
olive,20
footprints,20
goldmop,19
fawn,19
silveramethyst,19
gebra,19
robin,19
yellowpink,19
freestyle,18
periwinkle,17
blond,17
barrel,17
hilda,17
transparent,17
stopper,17
pinkgreen,17
pweight,17
roman,17
friendship,17
hibiscus,16
garld,16
blackwhite,16
riding,16
run,16
vint,16
cd,16
p,16
stud,16
stripy,16
hood,16
discmirror,16
packing,16
charge,16
dinky,16
splodges,16
pointy,15
push,15
masala,15
lt,15
greens,15
lush,15
desk,15
chime,15
pinkflower,15
f,15
down,15
ade,14
gymkhanna,14
neckl,14
copperolive,14
delphinium,14
kraft,14
v,14
seafood,14
digitalis,14
chainthe,14
doorknob,14
burgundy,14
blkwhit,14
citrus,14
chenille,14
shaggy,14
hardman,14
butterflycrystal,13
ivy,13
carlo,13
ponies,13
tealfuschia,13
monte,13
blueyellow,13
ream,13
wchime,13
vegetables,12
aqua,12
stone,12
wrongly,12
sprig,12
goldfish,12
raspberry,12
candlestand,12
pet,12
tiny,11
cardpack,11
necklamethyst,11
t,11
dia,11
perfect,11
roccoco,11
waste,11
riviera,11
medicine,10
barn,10
resin,10
gecko,10
miseltoe,10
order,10
aperitif,10
stiletto,10
chrysanthemums,10
purplecopper,10
cheerful,10
silicon,10
z,10
looking,10
crystals,10
silvercrystal,10
rasta,9
nursery,9
butterfl,9
cross,9
dad,9
rucksack,9
burst,9
foxy,9
bar,9
glasszinc,9
blueberry,9
yellowblue,9
glassbead,9
farmyard,9
artiifcial,9
foxglove,9
czech,9
greenblue,9
fluffy,9
bookcover,9
hensflower,9
scrap,9
lives,9
coasterelvis,9
jampot,9
hydrangea,8
flames,8
ol,8
bum,8
snowman,8
pinkyellow,8
lenses,8
coney,8
y,8
goldie,8
windchime,8
potion,8
xxcm,8
wallhanging,8
zincglass,8
feeding,7
incenseflower,7
wishing,7
station,7
tranquility,7
climbing,7
hydranga,7
stockings,7
hats,7
butterfliespink,7
hole,7
netting,7
punch,7
diamon,7
jewelpink,7
carryall,7
scroll,7
wise,7
cannister,7
goldamber,7
bili,7
sculpted,7
rnd,7
nut,7
shutters,7
decrotivevintage,6
graphic,6
fondant,6
montan,6
blank,6
allium,6
shelving,6
flame,6
utilty,6
decowhite,6
spliff,6
milkshake,6
droplet,6
sanskrit,6
gel,5
o,5
cote,5
newspaper,5
necklblack,5
hall,5
barcode,5
silverblack,5
redblue,5
lazer,5
wrong,5
choir,5
dazure,5
opal,5
marked,5
ridge,5
triobase,5
ubolight,5
silvernat,5
trellistriple,5
necklturquois,5
gerden,5
necklblue,5
coded,5
tiled,5
flowr,4
adjust,4
organdy,4
bea,4
highlighter,4
madonna,4
studded,4
hohoho,4
ceature,4
feathers,4
davids,4
miniture,4
sweeet,4
sold,4
ltblue,4
silvernatural,4
oriental,4
snowdrops,4
sparkly,4
magical,4
braclet,4
doors,4
ashtrayrevolutionary,4
quartz,4
tahiti,4
poodle,3
high,3
wsucker,3
briar,3
reto,3
tone,3
melamine,3
nose,3
keychains,3
rudolphs,3
congratulations,3
stock,3
camping,3
taig,3
wknif,3
ribbed,3
code,3
bronze,3
russian,3
articulated,3
crawlie,3
wsuck,3
topaz,3
tealaqua,3
dusty,3
resolution,3
image,3
mao,2
brass,2
pouri,2
yelloworange,2
credit,2
chests,2
error,2
beauty,2
deck,2
portraits,2
candleincense,2
cab,2
as,2
cushions,2
electronic,2
crome,2
necklgreen,2
did,2
hold,2
maxwell,2
sunjar,2
char,2
halls,2
page,2
dr,2
tinsel,2
away,2
stress,2
sow,2
silt,2
birdie,2
minicards,2
kashmiri,2
angelpink,2
orders,2
tools,2
squ,2
jams,2
arouzer,2
necklaceleaf,2
cannabis,2
collar,2
cutglass,2
anemone,2
pinkamethyst,2
bluegreen,2
poinsettia,2
pinkamethystgold,2
purpleblue,2
online,2
orangewhtfuschia,2
mystery,1
came,1
blackchristmas,1
ever,1
hodge,1
sale,1
marshmallow,1
lewis,1
miror,1
john,1
carton,1
triangle,1
icons,1
camper,1
mrked,1
had,1
men,1
imported,1
demi,1
choker,1
merchant,1
dolphin,1
tick,1
ret,1
chandler,1
cargo,1
delivery,1
sto,1
whitesilver,1
capiz,1
haynes,1
laser,1
faulty,1
orangefuschia,1
rcvd,1
sizes,1
antoienett,1
branch,1
fba,1
section,1
beadshand,1
this,1
mamage,1
alan,1
heavens,1
wraps,1
showroom,1
fragrance,1
banner,1
website,1
retail,1
scallop,1
allocate,1
flowerbutterfly,1
creditted,1
problem,1
mummy,1
broken,1
sets,1
canary,1
glasses,1
ccover,1
guitar,1
add,1
teddycake,1
purpleturq,1
mia,1
snowflakepink,1
opulent,1
oils,1
trading,1
zero,1
bazaar,1
label,1
ooh,1
loveheart,1
differencese,1
historic,1
computer,1
girly,1
dagamed,1
fixed,1
flamingo,1
mcolour,1
bluenat,1
draw,1
weekend,1
lighthouse,1
invc,1
michel,1
incorr,1
oops,1
breakages,1
find,1
artonly,1
given,1
partition,1
panel,1
mouldy,1
lilacred,1
u,1
