StockCode,Description,Return_Count,Total_Units_Returned
M,Manual,244,4066
22423,REGENCY CAKESTAND 3 TIER,181,857
POST,POSTAGE,126,147
22960,JAM MAKING SET WITH JARS,87,247
D,Discount,77,1194
22720,SET OF 3 CAKE TINS PANTRY DESIGN ,74,157
S,SAMPLES,61,61
21232,STRAWBERRY CERAMIC TRINKET BOX,55,363
22699,ROSES REGENCY TEACUP AND SAUCER ,54,437
22666,RECIPE BOX PANTRY YELLOW DESIGN,47,151
82483,WOOD 2 DRAWER CABINET WHITE FINISH,45,206
85099B,JUMBO BAG RED RETROSPOT,44,1115
20725,LUNCH BAG RED RETROSPOT,44,574
21843,RED RETROSPOT CAKE STAND,42,322
22697,GREEN REGENCY TEACUP AND SAUCER,42,143
85123A,WHITE HANGING HEART T-LIGHT HOLDER,42,2578
21314,SMALL GLASS HEART TRINKET POT,40,139
23245,SET OF 3 REGENCY CAKE TINS,37,90
22197,POPCORN HOLDER,36,427
84949,SILVER HANGING T-LIGHT HOLDER,35,263
23243,SET OF TEA COFFEE SUGAR TINS PANTRY,35,117
22698,PINK REGENCY TEACUP AND SAUCER,35,138
23169,CLASSIC GLASS COOKIE JAR,34,93
20914,SET/5 RED RETROSPOT LID GLASS BOWLS,34,107
22727,ALARM CLOCK BAKELIKE RED ,33,74
22456,NATURAL SLATE CHALKBOARD LARGE ,32,68
AMAZONFEE,AMAZON FEE,32,32
22847,BREAD BIN DINER STYLE IVORY,31,44
84978,HANGING HEART JAR T-LIGHT HOLDER,30,175
22467,GUMBALL COAT RACK,30,147
21231,SWEETHEART CERAMIC TRINKET BOX,29,157
22776,SWEETHEART CAKESTAND 3 TIER,29,69
23110,PARISIENNE KEY CABINET ,28,51
22784,LANTERN CREAM GAZEBO ,27,41
22138,BAKING SET 9 PIECE RETROSPOT ,27,68
85066,CREAM SWEETHEART MINI CHEST,26,42
22178,VICTORIAN GLASS HANGING T-LIGHT,25,450
BANK CHARGES,Bank Charges,25,25
22768,FAMILY PHOTO FRAME CORNICE,25,36
37449,CERAMIC CAKE STAND + HANGING CAKES,25,50
71477,COLOUR GLASS. STAR T-LIGHT HOLDER,24,1174
21658,GLASS  BEURRE DISH,24,32
22726,ALARM CLOCK BAKELIKE GREEN,24,42
22634,CHILDS BREAKFAST SET SPACEBOY ,23,41
20728,LUNCH BAG CARS BLUE,23,214
22637,PIGGY BANK RETROSPOT ,23,55
84946,ANTIQUE SILVER T-LIGHT GLASS,23,316
23146,TRIPLE HOOK ANTIQUE IVORY ROSE,22,50
85048,15CM CHRISTMAS GLASS BALL 20 LIGHTS,22,41
22962,JAM JAR WITH PINK LID,22,86
22667,RECIPE BOX RETROSPOT ,22,93
20727,LUNCH BAG  BLACK SKULL.,22,128
22796,PHOTO FRAME 3 CLASSIC HANGING,22,55
21527,RED RETROSPOT TRADITIONAL TEAPOT ,21,34
23199,JUMBO BAG APPLES,21,723
75049L,LARGE CIRCULAR MIRROR MOBILE,20,228
22384,LUNCH BAG PINK POLKADOT,20,152
47566,PARTY BUNTING,20,277
22649,STRAWBERRY FAIRY CAKE TEAPOT,20,40
22941,CHRISTMAS LIGHTS 10 REINDEER,20,51
20726,LUNCH BAG WOODLAND,19,82
84945,MULTI COLOUR SILVER T-LIGHT HOLDER,19,103
23112,PARISIENNE CURIO CABINET,19,33
22659,LUNCH BOX I LOVE LONDON,18,322
22891,TEA FOR ONE POLKADOT,18,30
21258,VICTORIAN SEWING BOX LARGE,18,61
22846,BREAD BIN DINER STYLE RED ,18,26
23108,SET OF 10 LED DOLLY LIGHTS,18,64
22383,LUNCH BAG SUKI DESIGN ,18,144
22625,RED KITCHEN SCALES,18,24
22729,ALARM CLOCK BAKELIKE ORANGE,18,31
22778,GLASS CLOCHE SMALL,18,64
82482,WOODEN PICTURE FRAME WHITE FINISH,18,233
23168,CLASSIC CAFE SUGAR DISPENSER,18,54
22326,ROUND SNACK BOXES SET OF4 WOODLAND ,18,41
23165,LARGE CERAMIC TOP STORAGE JAR,18,102
22424,ENAMEL BREAD BIN CREAM,17,28
22892,SET OF SALT AND PEPPER TOADSTOOLS,17,96
22798,ANTIQUE GLASS DRESSING TABLE POT,17,45
22457,NATURAL SLATE HEART CHALKBOARD ,17,52
22360,GLASS JAR ENGLISH CONFECTIONERY,17,105
82494L,WOODEN FRAME ANTIQUE WHITE ,17,353
21931,JUMBO STORAGE BAG SUKI,17,334
22728,ALARM CLOCK BAKELIKE PINK,17,41
22767,TRIPLE PHOTO FRAME CORNICE ,17,35
23118,PARISIENNE JEWELLERY DRAWER ,17,24
22501,PICNIC BASKET WICKER LARGE,17,100
22487,WHITE WOOD GARDEN PLANT LADDER,17,25
23174,REGENCY SUGAR BOWL GREEN,17,88
22169,FAMILY ALBUM WHITE PICTURE FRAME,17,32
22171,3 HOOK PHOTO SHELF ANTIQUE WHITE,17,112
22356,CHARLOTTE BAG PINK POLKADOT,17,266
22766,PHOTO FRAME CORNICE,16,53
20724,RED RETROSPOT CHARLOTTE BAG,16,223
22139,RETROSPOT TEA SET CERAMIC 11 PC ,16,42
82486,WOOD S/3 CABINET ANT WHITE FINISH,16,29
21535,RED RETROSPOT SMALL MILK JUG,16,32
21539,RED RETROSPOT BUTTER DISH,16,23
22429,ENAMEL MEASURING JUG CREAM,16,33
CRUK,CRUK Commission,16,16
23111,PARISIENNE SEWING BOX,16,24
22470,HEART OF WICKER LARGE,16,68
22328,ROUND SNACK BOXES SET OF 4 FRUITS ,16,658
20979,36 PENCILS TUBE RED RETROSPOT,16,160
22725,ALARM CLOCK BAKELIKE CHOCOLATE,16,50
22191,IVORY DINER WALL CLOCK,16,344
22730,ALARM CLOCK BAKELIKE IVORY,15,52
21877,HOME SWEET HOME MUG,15,1052
22061,LARGE CAKE STAND  HANGING STRAWBERY,15,16
22617,BAKING SET SPACEBOY DESIGN,15,29
21212,PACK OF 72 RETROSPOT CAKE CASES,15,380
22064,PINK DOUGHNUT TRINKET POT ,15,36
22840,ROUND CAKE TIN VINTAGE RED,15,20
23084,RABBIT NIGHT LIGHT,15,108
22198,LARGE POPCORN HOLDER ,15,43
22636,CHILDS BREAKFAST SET CIRCUS PARADE,14,29
22838,3 TIER CAKE TIN RED AND CREAM,14,128
21671,RED SPOT CERAMIC DRAWER KNOB,14,152
23404,HOME SWEET HOME BLACKBOARD,14,29
85099C,JUMBO  BAG BAROQUE BLACK WHITE,14,281
22654,DELUXE SEWING KIT ,14,33
85053,FRENCH ENAMEL CANDLEHOLDER,14,28
23198,PANTRY MAGNETIC  SHOPPING LIST,14,64
22197,SMALL POPCORN HOLDER,14,44
23155,KNICKERBOCKERGLORY MAGNET ASSORTED ,14,169
23201,JUMBO BAG ALPHABET,14,594
22364,GLASS JAR DIGESTIVE BISCUITS,14,67
22842,BISCUIT TIN VINTAGE RED,14,19
22461,SAVOY ART DECO CLOCK,13,23
22427,ENAMEL FLOWER JUG CREAM,13,42
21155,RED RETROSPOT PEG BAG,13,238
23173,REGENCY TEAPOT ROSES ,13,52
22382,LUNCH BAG SPACEBOY DESIGN ,13,159
22386,JUMBO BAG PINK POLKADOT,13,456
23206,LUNCH BAG APPLE DESIGN,13,59
23203,JUMBO BAG VINTAGE DOILY ,13,568
22156,HEART DECORATION WITH PEARLS ,13,105
22961,JAM MAKING SET PRINTED,13,331
79191C,RETRO PLASTIC ELEPHANT TRAY,13,158
85099F,JUMBO BAG STRAWBERRY,13,250
21733,RED HANGING HEART T-LIGHT HOLDER,13,57
21735,TWO DOOR CURIO CABINET,13,33
85159B,"WHITE TEA,COFFEE,SUGAR JARS",13,38
22781,GUMBALL MAGAZINE RACK,13,49
21452,TOADSTOOL MONEY BOX,13,29
23485,BOTANICAL GARDENS WALL CLOCK ,13,18
22627,MINT KITCHEN SCALES,13,15
23207,LUNCH BAG ALPHABET DESIGN,13,448
22355,CHARLOTTE BAG SUKI DESIGN,12,150
22367,CHILDRENS APRON SPACEBOY DESIGN,12,36
22411,JUMBO SHOPPER VINTAGE RED PAISLEY,12,354
84879,ASSORTED COLOUR BIRD ORNAMENT,12,80
22890,NOVELTY BISCUITS CAKE STAND 3 TIER,12,29
84755,COLOUR GLASS T-LIGHT HOLDER HANGING,12,69
21430,SET/3 RED GINGHAM ROSE STORAGE BOX,12,41
37446,MINI CAKE STAND WITH HANGING CAKES,12,69
22910,PAPER CHAIN KIT VINTAGE CHRISTMAS,12,351
20723,STRAWBERRY CHARLOTTE BAG,12,75
37450,CERAMIC CAKE BOWL + HANGING CAKES,12,36
37495,FAIRY CAKE BIRTHDAY CANDLE SET,12,49
22180,RETROSPOT LAMP,12,20
23236,STORAGE TIN VINTAGE DOILY ,12,28
23462,ROCOCO WALL MIRROR WHITE,12,18
21871,SAVE THE PLANET MUG,12,685
22722,SET OF 6 SPICE TINS PANTRY DESIGN,12,30
21731,RED TOADSTOOL LED NIGHT LIGHT,12,186
21936,RED RETROSPOT PICNIC BAG,12,56
22942,CHRISTMAS LIGHTS 10 SANTAS ,12,76
21929,JUMBO BAG PINK VINTAGE PAISLEY,12,222
23298,SPOTTY BUNTING,12,110
22963,JAM JAR WITH GREEN LID,12,115
22978,PANTRY ROLLING PIN,12,75
23170,REGENCY TEA PLATE ROSES ,12,718
22333,RETROSPOT PARTY BAG + STICKER SET,12,82
37448,CERAMIC CAKE DESIGN SPOTTED MUG,12,45
21166,COOK WITH WINE METAL SIGN ,11,87
22301,COFFEE MUG CAT + BIRD DESIGN,11,24
23175,REGENCY MILK JUG PINK ,11,80
22469,HEART OF WICKER SMALL,11,135
22464,HANGING METAL HEART LANTERN,11,122
21531,RED RETROSPOT SUGAR JAM BOWL,11,15
22801,ANTIQUE GLASS PEDESTAL BOWL,11,19
21533,RETROSPOT LARGE MILK JUG,11,32
21218,RED SPOTTY BISCUIT TIN,11,49
82484,WOOD BLACK BOARD ANT WHITE FINISH,11,24
23032,DRAWER KNOB CRACKLE GLAZE IVORY,11,46
22865,HAND WARMER OWL DESIGN,11,123
22990,COTTON APRON PANTRY DESIGN,11,126
22558,CLOTHES PEGS RETROSPOT PACK 24 ,11,42
22943,CHRISTMAS LIGHTS 10 VINTAGE BAUBLES,11,34
22776,SWEETHEART 3 TIER CAKE STAND ,11,24
23494,VINTAGE DOILY DELUXE SEWING KIT ,11,65
21844,RED RETROSPOT MUG,11,20
23301,GARDENERS KNEELING PAD KEEP CALM ,11,114
22998,TRAVEL CARD WALLET KEEP CALM,11,177
22236,CAKE STAND 3 TIER MAGIC GARDEN,11,45
22628,PICNIC BOXES SET OF 3 RETROSPOT ,11,21
21559,STRAWBERRY LUNCH BOX WITH CUTLERY,10,14
23064,CINDERELLA CHANDELIER ,10,71
21528,DAIRY MAID TRADITIONAL TEAPOT ,10,14
72807C,SET/3 VANILLA SCENTED CANDLE IN BOX,10,134
23322,LARGE WHITE HEART OF WICKER,10,63
21868,POTTING SHED TEA MUG,10,85
22630,DOLLY GIRL LUNCH BOX,10,275
22624,IVORY KITCHEN SCALES,10,21
23240,SET OF 4 KNICK KNACK TINS DOILY ,10,27
21216,"SET 3 RETROSPOT TEA,COFFEE,SUGAR",10,16
22086,PAPER CHAIN KIT 50'S CHRISTMAS ,10,453
21313,GLASS HEART T-LIGHT HOLDER ,10,31
22797,CHEST OF DRAWERS GINGHAM HEART ,10,14
22492,MINI PAINT SET VINTAGE ,10,196
84947,ANTIQUE SILVER TEA GLASS ENGRAVED,10,32
22371,AIRLINE BAG VINTAGE TOKYO 78,10,14
22556,PLASTERS IN TIN CIRCUS PARADE ,10,66
22791,T-LIGHT GLASS FLUTED ANTIQUE,10,177
22303,COFFEE MUG APPLES DESIGN,10,74
23166,MEDIUM CERAMIC TOP STORAGE JAR,10,74494
23176,ABC TREASURE BOOK BOX ,10,45
21181,PLEASE ONE PERSON METAL SIGN,10,87
22968,ROSE COTTAGE KEEPSAKE BOX ,10,20
21669,BLUE STRIPE CERAMIC DRAWER KNOB,10,80
71459,HANGING JAM JAR T-LIGHT HOLDER,10,126
21754,HOME BUILDING BLOCK WORD,10,20
21668,RED STRIPE CERAMIC DRAWER KNOB,10,84
22839,3 TIER CAKE TIN GREEN AND CREAM,10,14
82583,HOT BATHS METAL SIGN,10,72
22988,SOLDIERS EGG CUP ,9,112
22168,ORGANISER WOOD ANTIQUE WHITE ,9,13
22231,JIGSAW TREE WITH BIRDHOUSE,9,69
21238,RED RETROSPOT CUP,9,51
22149,FELTCRAFT 6 FLOWER FRIENDS,9,623
21429,RED GINGHAM ROSE JEWELLERY BOX,9,42
71053,WHITE METAL LANTERN,9,39
22220,CAKE STAND LOVEBIRD 2 TIER WHITE,9,22
23092,LARGE ANTIQUE WHITE PHOTO FRAME,9,10
22845,VINTAGE CREAM CAT FOOD CONTAINER,9,14
22352,LUNCH BOX WITH CUTLERY RETROSPOT ,9,16
23031,DRAWER KNOB CRACKLE GLAZE PINK,9,20
23167,SMALL CERAMIC TOP STORAGE JAR ,9,525
20712,JUMBO BAG WOODLAND ANIMALS,9,240
22841,ROUND CAKE TIN VINTAGE GREEN,9,13
35004B,SET OF 3 BLACK FLYING DUCKS,9,30
21876,POTTERING MUG,9,42
21730,GLASS STAR FROSTED T-LIGHT HOLDER,9,14
21915,RED  HARMONICA IN BOX ,9,67
22993,SET OF 4 PANTRY JELLY MOULDS,9,68
22502,PICNIC BASKET WICKER SMALL,9,75
22488,NATURAL SLATE RECTANGLE CHALKBOARD,9,35
23172,REGENCY TEA PLATE PINK,9,102
22193,RED DINER WALL CLOCK,9,24
23239,SET OF 4 KNICK KNACK TINS POPPIES,9,28
22665,RECIPE BOX BLUE SKETCHBOOK DESIGN,9,22
22646,CERAMIC STRAWBERRY CAKE MONEY BANK,9,31
22072,RED RETROSPOT TEA CUP AND SAUCER ,9,19
84380,SET OF 3 BUTTERFLY COOKIE CUTTERS,8,75
21156,RETROSPOT CHILDRENS APRON,8,39
22357,KINGS CHOICE BISCUIT TIN,8,18
23029,DRAWER KNOB CRACKLE GLAZE GREEN,8,28
21485,RETROSPOT HEART HOT WATER BOTTLE,8,20
21530,DAIRY MAID TOASTRACK,8,61
22843,BISCUIT TIN VINTAGE GREEN,8,10
22844,VINTAGE CREAM DOG FOOD CONTAINER,8,28
22551,PLASTERS IN TIN SPACEBOY,8,29
23002,TRAVEL CARD WALLET SKULLS,8,128
21463,MIRRORED DISCO BALL ,8,42
22418,10 COLOUR SPACEBOY PEN,8,172
22992,REVOLVER WOODEN RULER ,8,716
22568,FELTCRAFT CUSHION OWL,8,302
22997,TRAVEL CARD WALLET UNION JACK,8,78
22212,FOUR HOOK  WHITE LOVEBIRDS,8,24
22244,3 HOOK HANGER MAGIC GARDEN,8,16
84078A,SET/4 WHITE RETRO STORAGE CUBES ,8,35
22972,CHILDREN'S SPACEBOY MUG,8,34
22969,HOMEMADE JAM SCENTED CANDLES,8,140
23194,GYMKHANA TREASURE BOOK BOX,8,37
23204,CHARLOTTE BAG APPLES DESIGN,8,186
22158,3 HEARTS HANGING DECORATION RUSTIC,8,25
22147,FELTCRAFT BUTTERFLY HEARTS,8,877
22632,HAND WARMER RED RETROSPOT,8,29
22112,CHOCOLATE HOT WATER BOTTLE,8,128
22606,WOODEN SKITTLES GARDEN SET,8,11
23205,CHARLOTTE BAG VINTAGE ALPHABET ,8,191
84991,60 TEATIME FAIRY CAKE CASES,8,174
22635,CHILDS BREAKFAST SET DOLLY GIRL ,8,84
85040A,S/4 PINK FLOWER CANDLES IN BOWL,8,17
22662,LUNCH BAG DOLLY GIRL DESIGN,8,17
23238,SET OF 4 KNICK KNACK TINS LONDON ,8,16
22087,PAPER BUNTING WHITE LACE,8,76
22059,CERAMIC STRAWBERRY DESIGN MUG,8,24
22065,CHRISTMAS PUDDING TRINKET POT ,8,22
23237,SET OF 4 KNICK KNACK TINS LEAF,8,14
22629,SPACEBOY LUNCH BOX ,8,54
22655,VINTAGE RED KITCHEN CABINET,8,10
21928,JUMBO BAG SCANDINAVIAN BLUE PAISLEY,8,265
21259,VICTORIAN SEWING BOX SMALL ,8,16
23256,CHILDRENS CUTLERY SPACEBOY ,8,88
23254,CHILDRENS CUTLERY DOLLY GIRL ,8,20
21927,BLUE/CREAM STRIPE CUSHION COVER ,8,39
23355,HOT WATER BOTTLE KEEP CALM,8,96
23348,CHILDRENS TOY COOKING UTENSIL SET,8,23
21781,MA CAMPAGNE CUTLERY BOX,8,21
72741,GRAND CHOCOLATECANDLE,8,25
21845,DAIRY MAID STRIPE MUG,8,52
23250,VINTAGE RED TRIM ENAMEL BOWL ,8,121
23470,CARD HOLDER LOVE BIRD LARGE ,8,12
20719,WOODLAND CHARLOTTE BAG,8,112
22780,LIGHT GARLAND BUTTERFILES PINK,8,25
22900,SET 2 TEA TOWELS I LOVE LONDON ,8,208
21673,WHITE SPOT BLUE CERAMIC DRAWER KNOB,8,103
35400,WOODEN BOX ADVENT CALENDAR ,8,16
35004C,SET OF 3 COLOURED  FLYING DUCKS,8,36
21534,DAIRY MAID LARGE MILK JUG,8,13
22848,BREAD BIN DINER STYLE PINK,8,11
22849,BREAD BIN DINER STYLE MINT,8,15
22362,GLASS JAR PEACOCK BATH SALTS,7,33
23235,STORAGE TIN VINTAGE LEAF,7,14
22111,SCOTTIE DOG HOT WATER BOTTLE,7,129
47566B,TEA TIME PARTY BUNTING,7,1424
22442,GROW YOUR OWN FLOWERS SET OF 3,7,11
20711,JUMBO BAG TOYS ,7,22
22430,ENAMEL WATERING CAN CREAM,7,20
22909,SET OF 20 VINTAGE CHRISTMAS NAPKINS,7,259
22381,TOY TIDY PINK POLKADOT,7,27
21481,FAWN BLUE HOT WATER BOTTLE,7,88
21670,BLUE SPOT CERAMIC DRAWER KNOB,7,69
23089,GLASS BON BON JAR,7,15
21672,WHITE SPOT RED CERAMIC DRAWER KNOB,7,59
23079,TOADSTOOL BEDSIDE LIGHT ,7,14
23080,RED METAL BOX TOP SECRET,7,11
22927,GREEN GIANT GARDEN THERMOMETER,7,14
22974,CHILDRENS DOLLY GIRL MUG,7,20
22762,CUPBOARD 3 DRAWER MA CAMPAGNE,7,18
22465,HANGING METAL STAR LANTERN,7,27
23209,LUNCH BAG VINTAGE DOILY ,7,36
21217,RED RETROSPOT ROUND CAKE TINS,7,9
23197,SKETCHBOOK MAGNETIC SHOPPING LIST,7,25
22494,EMERGENCY FIRST AID TIN ,7,40
84818,DANISH ROSE PHOTO FRAME,7,95
23056,FLOWERS CHANDELIER T-LIGHT HOLDER,7,579
21175,GIN + TONIC DIET METAL SIGN,7,2030
23148,MINIATURE ANTIQUE ROSE HOOK IVORY,7,13
23300,GARDENERS KNEELING PAD CUP OF TEA ,7,152
22055,MINI CAKE STAND  HANGING STRAWBERY,7,23
71477,COLOURED GLASS STAR T-LIGHT HOLDER,7,54
22946,WOODEN ADVENT CALENDAR CREAM,7,17
84279P,CHERRY BLOSSOM  DECORATIVE FLASK,7,16
22633,HAND WARMER UNION JACK,7,26
22192,BLUE DINER WALL CLOCK,7,21
23343,JUMBO BAG VINTAGE CHRISTMAS ,7,271
22834,HAND WARMER BABUSHKA DESIGN,7,203
20685,DOORMAT RED RETROSPOT,7,66
21537,RED RETROSPOT PUDDING BOWL,7,55
15056N,EDWARDIAN PARASOL NATURAL,7,57
21340,CLASSIC METAL BIRDCAGE PLANT HOLDER,7,28
48138,DOORMAT UNION FLAG,7,12
22553,PLASTERS IN TIN SKULLS,7,84
23318,BOX OF 6 MINI VINTAGE CRACKERS,7,168
22090,PAPER BUNTING RETROSPOT,7,72
23240,SET OF 4 KNICK KNACK TINS DOILEY ,7,23
23249,VINTAGE RED ENAMEL TRIM PLATE,7,55
22964,3 PIECE SPACEBOY COOKIE CUTTER SET,7,14
21874,GIN AND TONIC MUG,7,22
23284,DOORMAT KEEP CALM AND COME IN,7,225
22605,WOODEN CROQUET GARDEN SET,7,8
23252,VINTAGE RED ENAMEL TRIM JUG ,7,33
23344,JUMBO BAG 50'S CHRISTMAS ,7,262
22924,FRIDGE MAGNETS LA VIE EN ROSE,6,301
22923,FRIDGE MAGNETS LES ENFANTS ASSORTED,6,176
21428,SET3 BOOK BOX GREEN GINGHAM FLOWER ,6,35
21622,VINTAGE UNION JACK CUSHION COVER,6,18
21642,ASSORTED TUTTI FRUTTI PEN,6,118
22656,VINTAGE BLUE KITCHEN CABINET,6,6
22945,CHRISTMAS METAL TAGS ASSORTED ,6,258
23057,BEADED CHANDELIER T-LIGHT HOLDER,6,433
20749,ASSORTED COLOUR MINI CASES,6,8
23075,PARLOUR CERAMIC WALL HOOK,6,34
23082,SET 6 PAPER TABLE LANTERN HEARTS ,6,28
22098,BOUDOIR SQUARE TISSUE BOX,6,75
22077,6 RIBBONS RUSTIC CHARM,6,34
22596,CHRISTMAS STAR WISH LIST CHALKBOARD,6,25
22926,IVORY GIANT GARDEN THERMOMETER,6,15
23126,FELTCRAFT GIRL AMELIE KIT,6,16
22980,PANTRY SCRUBBING BRUSH,6,81
22591,CARDHOLDER GINGHAM CHRISTMAS TREE,6,59
20713,JUMBO BAG OWLS,6,243
22361,GLASS JAR DAISY FRESH COTTON WOOL,6,12
40001,WHITE BAMBOO RIBS LAMPSHADE,6,19
22460,EMBOSSED GLASS TEALIGHT HOLDER,6,19
22380,TOY TIDY SPACEBOY  ,6,37
23193,BUFFALO BILL TREASURE BOOK BOX,6,20
21703,BAG 125g SWIRLY MARBLES,6,87
22760,"TRAY, BREAKFAST IN BED",6,6
23200,JUMBO BAG PEARS,6,134
21232,STRAWBERRY CERAMIC TRINKET POT,6,22
23202,JUMBO BAG VINTAGE LEAF,6,242
22325,MOBILE VINTAGE HEARTS ,6,13
23486,ANTIQUE HEART SHELF UNIT,6,13
22779,WOODEN OWLS LIGHT GARLAND ,6,25
22907,PACK OF 20 NAPKINS PANTRY DESIGN,6,52
35970,ZINC FOLKART SLEIGH BELLS,6,73
37447,CERAMIC CAKE DESIGN SPOTTED PLATE,6,17
84029E,RED WOOLLY HOTTIE WHITE HEART.,6,67
22994,TRAVEL CARD WALLET RETROSPOT,6,30
22991,GIRAFFE WOODEN RULER,6,714
22800,ANTIQUE TALL SWIRLGLASS TRINKET POT,6,10
22859,EASTER TIN BUNNY BOUQUET,6,32
72802B,OCEAN SCENT CANDLE IN JEWELLED BOX,6,454
23319,BOX OF 6 MINI 50'S CRACKERS,6,116
23182,TOILET SIGN OCCUPIED OR VACANT,6,14
21363,HOME SMALL WOOD LETTERS,6,14
79321,CHILLI LIGHTS,6,80
22173,METAL 4 HOOK HANGER FRENCH CHATEAU,6,101
23296,SET OF 6 TEA TIME BAKING CASES,6,27
22867,HAND WARMER BIRD DESIGN,6,53
20682,RED RETROSPOT CHILDRENS UMBRELLA,6,20
85159A,"BLACK TEA,COFFEE,SUGAR JARS",6,40
21977,PACK OF 60 PINK PAISLEY CAKE CASES,6,101
21974,SET OF 36 PAISLEY FLOWER DOILIES,6,61
23113,PANTRY CHOPPING BOARD,6,946
21891,TRADITIONAL WOODEN SKIPPING ROPE,6,46
23020,GLASS  SONGBIRD STORAGE JAR,6,6
21906,PHARMACIE FIRST AID TIN,6,17
22273,FELTCRAFT DOLL MOLLY,6,1447
20829,GLITTER HANGING BUTTERFLY STRING,6,120
22060,LARGE CAKE STAND HANGING HEARTS,6,16
23393,HOME SWEET HOME CUSHION COVER ,6,21
22327,ROUND SNACK BOXES SET OF 4 SKULLS,6,15
84406B,CREAM CUPID HEARTS COAT HANGER,6,42
23292,SPACEBOY CHILDRENS CUP,6,21
84970S,HANGING HEART ZINC T-LIGHT HOLDER,6,25
21937,STRAWBERRY   PICNIC BAG,6,16
84817,DANISH ROSE DECORATIVE PLATE,6,37
23487,SWEET HEART CAKE CARRIER,6,9
23147,SINGLE ANTIQUE ROSE HOOK IVORY,6,15
85232B,SET OF 3 BABUSHKA STACKING TINS,6,255
22835,HOT WATER BOTTLE I AM SO POORLY,6,394
21424,WOODLAND STORAGE BOX LARGE ,5,5
22567,20 DOLLY PEGS RETROSPOT,5,26
22151,PLACE SETTING WHITE HEART,5,890
21714,CITRONELLA CANDLE GARDEN POT,5,20
21713,CITRONELLA CANDLE FLOWERPOT,5,16
22971,QUEENS GUARD COFFEE MUG,5,16
22973,CHILDREN'S CIRCUS PARADE MUG,5,22
22071,SMALL WHITE RETROSPOT MUG IN BOX ,5,286
22752,SET 7 BABUSHKA NESTING BOXES,5,124
22979,PANTRY WASHING UP BRUSH,5,91
82486,3 DRAWER ANTIQUE WHITE WOOD CABINET,5,41
82580,BATHROOM METAL SIGN,5,290
82581,TOILET METAL SIGN,5,21
22070,SMALL RED RETROSPOT MUG IN BOX ,5,296
21137,BLACK RECORD COVER FRAME,5,15
21240,BLUE POLKADOT CUP,5,36
84929,ASSTD FRUIT+FLOWERS FRIDGE MAGNETS,5,307
84625C,BLUE NEW BAROQUE CANDLESTICK CANDLE,5,49
22379,RECYCLING BAG RETROSPOT ,5,64
51014C,"FEATHER PEN,COAL BLACK",5,206
47594A,CAROUSEL DESIGN WASHBAG,5,9
22114,HOT WATER BOTTLE TEA AND SYMPATHY,5,82
21626,VINTAGE UNION JACK PENNANT,5,22
35924,HANGING FAIRY CAKE DECORATION,5,179
22109,FULL ENGLISH BREAKFAST PLATE,5,33
23229,VINTAGE DONKEY TAIL GAME ,5,11
23234,BISCUIT TIN VINTAGE CHRISTMAS,5,16
22804,CANDLEHOLDER PINK HANGING HEART,5,12
22398,MAGNETS PACK OF 4 SWALLOWS,5,84
23085,ANTIQUE SILVER BAUBLE LAMP  ,5,13
47567B,TEA TIME KITCHEN APRON,5,8
20718,RED RETROSPOT SHOPPER BAG,5,35
37370,RETRO COFFEE MUGS ASSORTED,5,23
22925,BLUE GIANT GARDEN THERMOMETER,5,8
23302,KNEELING MAT HOUSEWORK  DESIGN,5,36
23309,SET OF 60 I LOVE LONDON CAKE CASES ,5,88
23307,SET OF 60 PANTRY DESIGN CAKE CASES ,5,88
23293,SET OF 12 FAIRY CAKE BAKING CASES,5,32
23244,ROUND STORAGE TIN VINTAGE LEAF,5,9
23241,TREASURE TIN GYMKHANA DESIGN,5,7
21257,VICTORIAN SEWING BOX MEDIUM,5,12
23048,SET OF 10 LANTERNS FAIRY LIGHT STAR,5,33
23171,REGENCY TEA PLATE GREEN ,5,97
22701,PINK DOG BOWL,5,16
22507,MEMO BOARD RETROSPOT  DESIGN,5,7
23251,VINTAGE RED ENAMEL TRIM MUG ,5,58
23263,SET OF 3 WOODEN HEART DECORATIONS,5,47
23247,BISCUIT TIN 50'S CHRISTMAS,5,46
23328,SET 6 SCHOOL MILK BOTTLES IN CRATE,5,8
22940,FELTCRAFT CHRISTMAS FAIRY,5,34
22300,COFFEE MUG DOG + BALL DESIGN,5,13
22965,3 TRADITIONAl BISCUIT CUTTERS  SET,5,38
22083,PAPER CHAIN KIT RETROSPOT,5,56
20971,PINK BLUE FELT CRAFT TRINKET BOX,5,2617
22307,GOLD MUG BONE CHINA TREE OF LIFE,5,39
21169,YOU'RE CONFUSING ME METAL SIGN ,5,18
21042,RED RETROSPOT APRON ,5,6
21318,GLASS CHALICE BLUE SMALL ,5,17
21326,AGED GLASS SILVER T-LIGHT HOLDER,5,21
23236,DOILEY STORAGE TIN,5,5
22094,RED RETROSPOT TISSUE BOX,5,65
23397,FOOT STOOL HOME SWEET HOME ,5,6
22063,CERAMIC BOWL WITH STRAWBERRY DESIGN,5,6
22505,MEMO BOARD COTTAGE DESIGN,5,5
72807A,SET/3 ROSE CANDLE IN JEWELLED BOX,5,9
23395,BELLE JARDINIERE CUSHION COVER,5,7
22922,FRIDGE MAGNETS US DINER ASSORTED,5,234
23055,IVORY CHANDELIER T-LIGHT HOLDER,5,432
22232,JIGSAW TOADSTOOLS 3 PIECE,5,64
21890,S/6 WOODEN SKITTLES IN COTTON BAG,5,6
21888,BINGO SET,5,15
23012,GLASS APOTHECARY BOTTLE PERFUME,5,8
21875,KINGS CHOICE MUG,5,28
22179,SET 10 LIGHTS NIGHT OWL,5,8
21209,MULTICOLOUR HONEYCOMB FAN,5,19
22631,CIRCUS PARADE LUNCH BOX ,5,33
84077,WORLD WAR 2 GLIDERS ASSTD DESIGNS,5,1200
21210,SET OF 72 RETROSPOT PAPER  DOILIES,5,133
22170,PICTURE FRAME WOOD TRIPLE PORTRAIT,5,19
22951,60 CAKE CASES DOLLY GIRL DESIGN,5,120
23177,TREASURE ISLAND BOOK BOX,5,20
22554,PLASTERS IN TIN WOODLAND ANIMALS,5,29
23006,TRAVEL CARD WALLET FLOWER MEADOW,5,78
22893,MINI CAKE STAND T-LIGHT HOLDER,5,21
22652,TRAVEL SEWING KIT,5,15
85034C,3 ROSE MORRIS BOXED CANDLES,5,20
22189,CREAM HEART CARD HOLDER,5,8
23295,SET OF 12 MINI LOAF BAKING CASES,5,13
22622,BOX OF VINTAGE ALPHABET BLOCKS,5,13
22623,BOX OF VINTAGE JIGSAW BLOCKS ,5,16
22897,OVEN MITT APPLES DESIGN,5,42
84816,DANISH ROSE BEDSIDE CABINET,5,6
22866,HAND WARMER SCOTTY DOG DESIGN,5,111
11001,ASSTD DESIGN RACING CAR PEN,5,185
85178,VICTORIAN SEWING KIT,5,289
15056BL,EDWARDIAN PARASOL BLACK,5,130
22832,BROCANTE SHELF WITH HOOKS,5,7
15056P,EDWARDIAN PARASOL PINK,4,10
15058A,BLUE POLKADOT GARDEN PARASOL,4,5
47590B,PINK HAPPY BIRTHDAY BUNTING,4,26
21464,DISCO BALL ROTATOR BATTERY OPERATED,4,9
21479,WHITE SKULL HOT WATER BOTTLE ,4,185
48129,DOORMAT TOPIARY,4,23
15034,PAPER POCKET TRAVELING FAN ,4,1385
15036,ASSORTED COLOURS SILK FAN,4,744
85175,CACTI T-LIGHT CANDLES,4,98
21121,SET/10 RED POLKADOT PARTY CANDLES,4,96
84792,ENCHANTED BIRD COATHANGER 5 HOOK,4,29
22426,ENAMEL WASH BOWL CREAM,4,12
21933,PINK VINTAGE PAISLEY PICNIC BAG,4,13
22645,CERAMIC HEART FAIRY CAKE MONEY BANK,4,17
22621,TRADITIONAL KNITTING NANCY,4,51
23297,SET 40 HEART SHAPE PETIT FOUR CASES,4,26
79000,MOROCCAN TEA GLASS,4,9
22555,PLASTERS IN TIN STRONGMAN,4,21
22557,PLASTERS IN TIN VINTAGE PAISLEY ,4,27
23008,DOLLY GIRL BABY GIFT SET,4,7
22230,JIGSAW TREE WITH WATERING CAN,4,16
21925,UNION STRIPE CUSHION COVER ,4,6
23181,BULL DOG BOTTLE TOP WALL CLOCK,4,4
23184,BULL DOG BOTTLE OPENER,4,13
23187,FRENCH STYLE STORAGE JAR BONBONS,4,37
22952,60 CAKE CASES VINTAGE CHRISTMAS,4,312
22661,CHARLOTTE BAG DOLLY GIRL DESIGN,4,13
22644,CERAMIC CHERRY CAKE MONEY BANK,4,9
84992,72 SWEETHEART FAIRY CAKE CASES,4,130
84946,ANTIQUE SILVER TEA GLASS ETCHED,4,19
84950,ASSORTED COLOUR T-LIGHT HOLDER,4,10
22196,SMALL HEART MEASURING SPOONS,4,29
22167, OVAL WALL MIRROR DIAMANTE ,4,5
21205,MULTICOLOUR 3D BALLS GARLAND,4,20
21208,PASTEL COLOUR HONEYCOMB FAN,4,41
22207,FRYING PAN UNION FLAG,4,75
22626,BLACK KITCHEN SCALES,4,9
72802A,ROSE SCENT CANDLE IN JEWELLED BOX,4,4
22690,DOORMAT HOME SWEET HOME BLUE ,4,6
22947,WOODEN ADVENT CALENDAR RED,4,6
21899,"KEY FOB , GARAGE DESIGN",4,43
23311,VINTAGE CHRISTMAS STOCKING ,4,15
22233,JIGSAW RABBIT AND BIRDHOUSE,4,21
84032B,CHARLIE + LOLA RED HOT WATER BOTTLE,4,66
22607,WOODEN ROUNDERS GARDEN SET ,4,4
22614,PACK OF 12 SPACEBOY TISSUES,4,37
20934,SET/3 POT PLANT CANDLES,4,14
23275,SET OF 3 HANGING OWLS OLLIE BEAK,4,77
22041,"RECORD FRAME 7"" SINGLE SIZE ",4,38
23288,GREEN VINTAGE SPOT BEAKER,4,18
23289,DOLLY GIRL CHILDRENS BOWL,4,12
23294,SET OF 6 SNACK LOAF BAKING CASES,4,13
82001S,VINYL RECORD FRAME SILVER,4,7
22508,DOORSTOP RETROSPOT HEART,4,22
22526,WHEELBARROW FOR CHILDREN ,4,6
22485,SET OF 2 WOODEN MARKET CRATES,4,6
22493,PAINT YOUR OWN CANVAS SET,4,273
84378,SET OF 3 HEART COOKIE CUTTERS,4,72
22694,WICKER STAR ,4,52
22700,BLACK AND WHITE DOG BOWL,4,22
21873,IF YOU CAN'T STAND THE HEAT MUG,4,91
23321,SMALL WHITE HEART OF WICKER,4,39
23273,HEART T-LIGHT HOLDER WILLIE WINKIE,4,4
22957,SET 3 PAPER VINTAGE CHICK PAPER EGG,4,26
22967,SET 3 SONG BIRD PAPER EGGS ASSORTED,4,22
22057,CERAMIC PLATE STRAWBERRY DESIGN,4,48
21242,RED RETROSPOT PLATE ,4,35
22306,SILVER MUG BONE CHINA TREE OF LIFE,4,17
22719,GUMBALL MONOCHROME COAT RACK,4,10
22928,YELLOW GIANT GARDEN THERMOMETER,4,6
22938,CUPCAKE LACE PAPER SET 6,4,60
21394,RED POLKADOT BEAKER ,4,22
21399,BLUE POLKADOT COFFEE MUG,4,111
72802C,VANILLA SCENT CANDLE JEWELLED BOX,4,505
22504,CABIN BAG VINTAGE RETROSPOT,4,5
82600,NO SINGING METAL SIGN,4,38
22996,TRAVEL CARD WALLET VINTAGE TICKET,4,26
23000,TRAVEL CARD WALLET TRANSPORT,4,39
23004,TRAVEL CARD WALLET PANTRY,4,184
20975,12 PENCILS SMALL TUBE RED RETROSPOT,4,120
20977,36 PENCILS TUBE WOODLAND,4,75
20981,12 PENCILS TALL TUBE WOODLAND,4,19
22186,RED STAR CARD HOLDER,4,53
20750,RED RETROSPOT MINI CASES,4,6
23407,SET OF 2 TRAYS HOME SWEET HOME,4,6
21790,VINTAGE SNAP CARDS,4,85
22748,POPPY'S PLAYHOUSE KITCHEN,4,17
84347,ROTATING SILVER ANGELS T-LIGHT HLDR,4,9376
22332,SKULLS PARTY BAG + STICKER SET,4,24
22770,MIRROR CORNICE,4,4
22734,SET OF 6 RIBBONS VINTAGE CHRISTMAS,4,30
23071,MARIE ANTOINETTE TRINKET BOX GOLD,4,76
22358,KINGS CHOICE TEA CADDY ,4,8
22320,BIRDS MOBILE VINTAGE DESIGN,4,9
23458,DOLLY CABINET 3 DRAWERS ,4,5
23460,SWEETHEART WALL TIDY ,4,5
23483,HANGING  BUTTERFLY T-LIGHT HOLDER,4,22
22976,CIRCUS PARADE CHILDRENS EGG CUP ,4,37
23208,LUNCH BAG VINTAGE LEAF DESIGN,4,73
23581,JUMBO BAG PAISLEY PARK,4,122
23660,HENRIETTA HEN MUG ,4,16
23661,MILK MAIDS MUG ,4,20
22914,BLUE COAT RACK PARIS FASHION,4,5
22915,ASSORTED BOTTLE TOP  MAGNETS ,4,90
22771,CLEAR DRAWER KNOB ACRYLIC EDWARDIAN,4,30
22777,GLASS CLOCHE LARGE,4,5
22788,BROCANTE COAT RACK,4,6
23209,LUNCH BAG DOILEY PATTERN ,4,4
23210,WHITE ROCKING HORSE HAND PAINTED,4,200
23221,REINDEER HEART DECORATION SILVER,4,58
23203,JUMBO BAG DOILEY PATTERNS,4,22
22150,3 STRIPEY MICE FELTCRAFT,4,11
82582,AREA PATROLLED METAL SIGN,4,19
22113,GREY HEART HOT WATER BOTTLE,4,27
23091,ZINC HERB GARDEN CONTAINER,4,7
23099,FRENCH CARRIAGE LANTERN,4,8
21154,RED RETROSPOT OVEN GLOVE ,4,212
85150,LADIES & GENTLEMEN METAL SIGN,4,5
71279,PINK GLASS CANDLEHOLDER,4,5
22363,GLASS JAR MARMALADE ,4,130
21623,VINTAGE UNION JACK MEMOBOARD,4,4
85132C,CHARLIE AND LOLA FIGURES TINS,4,5
21558,SKULL LUNCH BOX WITH CUTLERY ,4,4
22826,LOVE SEAT ANTIQUE WHITE METAL,4,4
22794,SWEETHEART WIRE MAGAZINE RACK,4,5
21621,VINTAGE UNION JACK BUNTING,4,28
22385,JUMBO BAG SPACEBOY DESIGN,4,118
23225,CHERUB HEART DECORATION SILVER ,4,84
22141,CHRISTMAS CRAFT TREE TOP ANGEL,4,16
22107,PIZZA PLATE IN BOX,4,21
22580,ADVENT CALENDAR GINGHAM SACK,4,61
22989,SET 2 PANTRY DESIGN TEA TOWELS,4,24
84029G,KNITTED UNION FLAG HOT WATER BOTTLE,4,14
22854,CREAM SWEETHEART EGG HOLDER,3,3
22383,LUNCH BAG SUKI  DESIGN ,3,4
22425,ENAMEL COLANDER CREAM,3,6
84766,SILVER ROCOCO CANDLE STICK,3,15
21108,FAIRY CAKE FLANNEL ASSORTED COLOUR,3,3150
21090,SET/6 COLLAGE PAPER PLATES,3,36
84692,BOX OF 24 COCKTAIL PARASOLS,3,31
21124,SET/10 BLUE POLKADOT PARTY CANDLES,3,49
21122,SET/10 PINK POLKADOT PARTY CANDLES,3,49
22374,AIRLINE BAG VINTAGE JET SET RED,3,4
22366,DOORMAT AIRMAIL ,3,27
47590A,BLUE HAPPY BIRTHDAY BUNTING,3,24
85174,S/4 CACTI CANDLES,3,3
20679,EDWARDIAN PARASOL RED,3,9
20676,RED RETROSPOT BOWL,3,22
90185C,BLACK DIAMANTE EXPANDABLE RING,3,16
22154,ANGEL DECORATION 3 BUTTONS ,3,7
22153,ANGEL DECORATION STARS ON DRESS,3,70
22571,ROCKING HORSE RED CHRISTMAS ,3,109
22570,FELTCRAFT CUSHION RABBIT,3,245
22569,FELTCRAFT CUSHION BUTTERFLY,3,194
22561,WOODEN SCHOOL COLOURING SET,3,276
22585,PACK OF 6 BIRDY GIFT TAGS,3,45
22578,WOODEN STAR CHRISTMAS SCANDINAVIAN,3,133
22983,CARD BILLBOARD FONT,3,181
21262,WHITE GOOSE FEATHER CHRISTMAS TREE ,3,5
22144,CHRISTMAS CRAFT LITTLE FRIENDS,3,44
22128,PARTY CONES CANDY ASSORTED,3,56
23230,WRAP ALPHABET DESIGN,3,75
23196,VINTAGE LEAF MAGNETIC NOTEPAD,3,13
23212,HEART WREATH DECORATION WITH BELL,3,60
82551,LAUNDRY 15C METAL SIGN,3,4
22970,LONDON BUS COFFEE MUG,3,16
22601,CHRISTMAS RETROSPOT ANGEL WOOD,3,4
22600,CHRISTMAS RETROSPOT STAR WOOD,3,28
22588,CARD HOLDER GINGHAM HEART,3,195
22079,RIBBON REEL HEARTS DESIGN ,3,30
22067,CHOC TRUFFLE GOLD TRINKET POT ,3,6
22103,MIRROR MOSAIC T-LIGHT HOLDER ROUND,3,482
22088,PAPER BUNTING COLOURED LACE,3,56
22187,GREEN CHRISTMAS TREE CARD HOLDER,3,4
20985,HEART CALCULATOR,3,16
20983,12 PENCILS TALL TUBE RED RETROSPOT,3,7
20982,12 PENCILS TALL TUBE SKULLS,3,4
20974,12 PENCILS SMALL TUBE SKULL,3,566
22995,TRAVEL CARD WALLET SUKI,3,49
21244,BLUE POLKADOT PLATE ,3,15
22959,WRAP CHRISTMAS VILLAGE,3,300
22956,36 FOIL HEART CAKE CASES,3,152
84987,SET OF 36 TEATIME PAPER DOILIES,3,15
20969,RED FLORAL FELTCRAFT SHOULDER BAG,3,289
23274,STAR T-LIGHT HOLDER WILLIE WINKIE,3,3
23255,CHILDRENS CUTLERY CIRCUS PARADE,3,9
23242,TREASURE TIN BUFFALO BILL ,3,27
23291,DOLLY GIRL CHILDRENS CUP,3,10
23286,BLUE VINTAGE SPOT BEAKER,3,49
22045,SPACEBOY GIFT WRAP,3,75
22027,TEA PARTY BIRTHDAY CARD,3,168
20931,BLUE POT PLANT CANDLE ,3,15
84968A,SET OF 16 VINTAGE ROSE CUTLERY,3,10
22618,COOKING SET RETROSPOT,3,20
84279B,CHERRY BLOSSOM DECORATIVE FLASK,3,7
84050,PINK HEART SHAPE EGG FRYING PAN,3,14
21930,JUMBO STORAGE BAG SKULLS,3,3
21980,PACK OF 12 RED RETROSPOT TISSUES ,3,132
21975,PACK OF 60 DINOSAUR CAKE CASES,3,71
85036C,ROSE 1 WICK MORRIS BOXED CANDLE,3,193
85035A,GARDENIA 3 WICK MORRIS BOXED CANDLE,3,6
85034A,3 GARDENIA MORRIS BOXED CANDLES,3,7
21932,SCANDINAVIAN PAISLEY PICNIC BAG,3,33
79163,BLACK CHAMPAGNE GLASS,3,10
79160,HEART SHAPE WIRELESS DOORBELL,3,8
79066K,RETRO MOD TRAY,3,12
23015,CORDIAL GLASS JUG,3,7
23014,GLASS APOTHECARY BOTTLE ELIXIR,3,9
23013,GLASS APOTHECARY BOTTLE TONIC,3,6
23007, SPACEBOY BABY GIFT SET,3,6
22219,LOVEBIRD HANGING DECORATION WHITE ,3,26
21918,SET 12 KIDS COLOUR  CHALK STICKS,3,16
21908,CHOCOLATE THIS WAY METAL SIGN,3,26
84997A,CHILDRENS CUTLERY POLKADOT GREEN ,3,13
22672,FRENCH BATHROOM SIGN BLUE METAL,3,16
22668,PINK BABY BUNTING,3,60
22664,TOY TIDY DOLLY GIRL DESIGN,3,12
21833,CAMOUFLAGE LED TORCH,3,30
23183,MOTHER'S KITCHEN SPOON REST ,3,8
23178,JAM CLOCK MAGNET,3,5
22270,HAPPY EASTER HANGING DECORATION,3,7
22251,BIRDHOUSE DECORATION MAGIC GARDEN,3,16
21194,PINK  HONEYCOMB PAPER FAN,3,10
22243,5 HOOK HANGER RED MAGIC TOADSTOOL,3,11
22242,5 HOOK HANGER MAGIC TOADSTOOL,3,34
22241,GARLAND WOODEN HAPPY EASTER,3,4
21896,POTTING SHED TWINE,3,5
22950,36 DOILIES VINTAGE CHRISTMAS,3,324
22684,FRENCH BLUE METAL DOOR SIGN 9,3,13
22681,FRENCH BLUE METAL DOOR SIGN 6,3,12
72351B,SET/6 PINK  BUTTERFLY T-LIGHTS,3,3
23325,RUSTIC STRAWBERRY JAM POT SMALL,3,18
23323,WHITE WICKER STAR ,3,3
21870,I CAN ONLY PLEASE ONE PERSON MUG,3,26
22675,FRENCH KITCHEN SIGN BLUE METAL,3,27
85054,FRENCH ENAMEL POT W LID,3,4
23351,ROLL WRAP 50'S CHRISTMAS,3,96
23347,I LOVE LONDON BEAKER,3,34
84509A,SET OF 4 ENGLISH ROSE PLACEMATS,3,9
84459A,PINK METAL CHICKEN HEART ,3,60
22486,PLASMATRONIC LAMP,3,6
23028,DRAWER KNOB CRACKLE GLAZE BLUE,3,7
22503,CABIN BAG VINTAGE PAISLEY,3,19
72802C,check,3,75
72802B,check,3,290
21395,BLUE POLKADOT BEAKER ,3,10
85040B,SET/4 BLUE FLOWER CANDLES IN BOWL,3,4
22712,CARD DOLLY GIRL ,3,25
22302,COFFEE MUG PEARS  DESIGN,3,12
21041,RED RETROSPOT OVEN GLOVE DOUBLE,3,3
21034,REX CASH+CARRY JUMBO SHOPPER,3,21
22294,HEART FILIGREE DOVE  SMALL,3,34
22278,OVERNIGHT BAG VINTAGE ROSE PAISLEY,3,6
22745,POPPY'S PLAYHOUSE BEDROOM ,3,13
22741,FUNKY DIVA PEN,3,51
21820,GLITTER HEART GARLAND WITH BELLS ,3,30
21812,GARLAND WITH HEARTS AND BELLS,3,14
23382,BOX OF 6 CHRISTMAS CAKE DECORATIONS,3,17
23374,RED SPOT PAPER GIFT BAG,3,16
23354,6 GIFT TAGS 50'S CHRISTMAS ,3,60
21791,VINTAGE HEADS AND TAILS CARD GAME ,3,36
21788,KIDS RAIN MAC BLUE,3,22
21787,RAIN PONCHO RETROSPOT,3,528
23425,STORAGE TIN HOME SWEET HOME,3,7
23423,PANTRY 3 HOOK ROLLING PIN HANGER,3,5
23408,PHOTO FRAME LINEN AND LACE SMALL,3,14
23403,LETTER HOLDER HOME SWEET HOME,3,3
23401,RUSTIC MIRROR WITH LACE HEART,3,3
21067,VINTAGE RED TEATIME MUG,3,27
22299,PIG KEYRING WITH LIGHT & SOUND ,3,52
23154,SET OF 4 JAM JAR MAGNETS,3,61
23152,IVORY SWEETHEART WIRE LETTER RACK ,3,7
23144,ZINC T-LIGHT HOLDER STARS SMALL,3,44
22329,ROUND CONTAINER SET OF 5 RETROSPOT,3,17
84352,SILVER CHRISTMAS TREE BAUBLE STAND ,3,4
23159,SET OF 5 PANCAKE DAY MAGNETS,3,25
23158,SET OF 5 LUCKY CAT MAGNETS ,3,60
21749,LARGE RED RETROSPOT WINDMILL,3,8
21746,SMALL RED RETROSPOT WINDMILL,3,15
23433,HANGING QUILTED PATCHWORK APPLES,3,47
23431,NATURAL HANGING QUILTED HEARTS ,3,16
21426,WOODLAND STORAGE BOX SMALL,3,4
48188,DOORMAT WELCOME PUPPIES,3,5
23542,WALL ART 70'S ALPHABET ,3,6
21705,BAG 500g SWIRLY MARBLES,3,20
21704,BAG 250g SWIRLY MARBLES,3,5
23081,GREEN METAL BOX ARMY SUPPLIES,3,6
23132,SMALL IVORY HEART WALL ORGANISER,3,4
23127,FELTCRAFT GIRL NICOLE KIT,3,13
23077,DOUGHNUT LIP GLOSS ,3,60
21068,VINTAGE BILLBOARD LOVE/HATE MUG,3,42
23493,VINTAGE DOILY TRAVEL SEWING KIT,3,6
22763,KEY CABINET MA CAMPAGNE,3,5
22774,RED DRAWER KNOB ACRYLIC EDWARDIAN,3,16
23582,VINTAGE DOILY JUMBO BAG RED ,3,121
21655,HANGING RIDGE GLASS T-LIGHT HOLDER,3,36
21427,SKULLS STORAGE BOX SMALL,3,3
22911,PAPER CHAIN KIT LONDON,3,6
22900, SET 2 TEA TOWELS I LOVE LONDON ,3,8
22899,CHILDREN'S APRON DOLLY GIRL ,3,5
22804,PINK HANGING HEART T-LIGHT HOLDER,3,164
85141,JARDIN ETCHED GLASS FRUITBOWL,3,9
21135,VICTORIAN  METAL POSTCARD SPRING,3,296
23083,SET 6 PAPER TABLE LANTERN STARS ,3,63
22444,GROW YOUR OWN PLANT IN A CAN ,3,32
22441,GROW YOUR OWN BASIL IN ENAMEL MUG,3,3
37500,TEA TIME TEAPOT IN GIFT BOX,3,3
37342,POLKADOT COFFEE CUP & SAUCER PINK,3,56
47594B,SCOTTIES DESIGN WASHBAG,3,4
46000S,POLYESTER FILLER PAD 40x40cm,3,44
22399,MAGNETS PACK OF 4 CHILDHOOD MEMORY,3,24
84687,BEACH HUT SHELF W 3 DRAWERS,3,4
84665,SQUARE CHERRY BLOSSOM CABINET,3,20
84663A,GRASS HOPPER WOODEN WALL CLOCK ,3,5
22413,METAL SIGN TAKE IT OR LEAVE IT ,3,18
22439,6 ROCKET BALLOONS ,3,68
22433,WATERING CAN GREEN DINOSAUR,3,3
22432,WATERING CAN PINK BUNNY,3,14
22431,WATERING CAN BLUE ELEPHANT,3,8
23103,JINGLE BELL HEART DECORATION,3,28
20703,BLUE PADDED SOFT MOBILE,3,7
85131A,BEADED PEARL HEART WHITE ON STICK,3,13
22795,SWEETHEART RECIPE BOOK STAND,3,17
22818,CARD CHRISTMAS VILLAGE,3,96
22809,SET OF 6 T-LIGHTS SANTA,3,30
21579,LOLITA  DESIGN  COTTON TOTE BAG,3,10
21564,PINK  HEART SHAPE LOVE BUCKET ,3,3
48185,DOORMAT FAIRY CAKE,3,674
48184,DOORMAT ENGLISH ROSE ,3,6
48173C,DOORMAT BLACK FLOCK ,3,5
15039,SANDALWOOD FAN,3,26
21471,STRAWBERRY RAFFIA FOOD COVER,3,4
21524,DOORMAT SPOTTY HOME SWEET HOME,3,6
21523,DOORMAT FANCY FONT HOME SWEET HOME,3,5
21519,GIN & TONIC DIET GREETING CARD ,3,36
17003,BROCADE RING PURSE ,3,3
85194S,HANGING SPRING FLOWER EGG SMALL,3,29
85194L,HANGING SPRING FLOWER EGG LARGE,3,28
85152,HAND OVER THE CHOCOLATE   SIGN ,3,74
22827,RUSTIC  SEVENTEEN DRAWER SIDEBOARD,3,3
22858,EASTER TIN KEEPSAKE,3,10
90201B,BLACK ENAMEL FLOWER RING,2,7
16169E,WRAP 50'S  CHRISTMAS,2,125
90174,BUTTERFLY HAIR BAND,2,12
90148,LONG SILVER NECKLACE PASTEL FLOWER,2,2
90143,SILVER BRACELET W PASTEL FLOWER,2,2
85199L,LARGE HANGING IVORY & RED WOOD BIRD,2,13
C2,CARRIAGE,2,2
15058B,PINK POLKADOT GARDEN PARASOL,2,5
15044D,RED PAPER PARASOL,2,2
15044C,PURPLE PAPER PARASOL,2,3
48116,DOORMAT MULTICOLOUR STRIPE,2,3
48187,DOORMAT NEW ENGLAND,2,4
21561,DINOSAUR LUNCH BOX WITH CUTLERY,2,2
21577,SAVE THE PLANET COTTON TOTE BAG,2,7
47559B,TEA TIME OVEN GLOVE,2,30
22810,SET OF 6 T-LIGHTS SNOWMEN,2,54
22812,PACK 3 BOXES CHRISTMAS PANNETONE,2,15
22822,CREAM WALL PLANTER HEART SHAPED,2,2
22797,damages,2,27
85118,HEART T-LIGHT HOLDER,2,13
21586,KINGS CHOICE GIANT TUBE MATCHES,2,13
21591,COSY HOUR CIGAR BOX MATCHES ,2,54
46138B,BLUE CHENILLE SHAGGY CUSHION COVER ,2,13
47503A,ASS FLORAL PRINT MULTI SCREWDRIVER,2,36
21484,CHICK GREY HOT WATER BOTTLE,2,48
21125,SET 6 FOOTBALL CELEBRATION CANDLES,2,2
21135,wet rusty,2,1152
21136,PAINTED METAL PEARS ASSORTED,2,9
21143,ANTIQUE GLASS HEART DECORATION ,2,2
84616,SILVER ROCCOCO CHANDELIER,2,3
84625A,PINK NEW BAROQUECANDLESTICK CANDLE,2,20
84631,FRUIT TREE AND BIRDS WALL PLAQUE,2,3
84660A,WHITE STITCHED WALL CLOCK,2,2
22377,BOTTLE BAG RETROSPOT ,2,9
22428,ENAMEL FIRE BUCKET CREAM,2,3
22434,BALLOON PUMP WITH 10 BALLOONS,2,18
22414,DOORMAT NEIGHBOURHOOD WITCH ,2,2
22417,PACK OF 60 SPACEBOY CAKE CASES,2,46
84678,CLASSICAL ROSE SMALL VASE,2,3
84688,BEACH HUT DESIGN BLACKBOARD,2,13
22393,PAPERWEIGHT VINTAGE COLLAGE,2,4
23072,MARIE ANTOINETTE TRINKET BOX SILVER,2,72
23076,ICE CREAM SUNDAE LIP GLOSS,2,28
23078,ICE CREAM PEN LIP GLOSS ,2,48
23119,PACK OF 6 LARGE FRUIT STRAWS ,2,36
23120,PACK OF 6 SMALL FRUIT STRAWS,2,72
23122,PARTY CHARMS 50 PIECES,2,3
23123,COCKTAIL SWORDS 50 PIECES,2,6
23128,FELTCRAFT BOY JEAN-PAUL KIT,2,7
23130,MISTLETOE HEART WREATH GREEN,2,9
23131,MISTLETOE HEART WREATH CREAM,2,6
22342,HOME GARLAND PAINTED ZINC ,2,36
22349,DOG BOWL CHASING BALL DESIGN,2,13
22359,GLASS JAR KINGS CHOICE,2,3
22443,GROW YOUR OWN HERBS SET OF 3,2,2
23093,SMALL PARISIENNE HEART PHOTO FRAME ,2,3
23094,LE GRAND TRAY CHIC SET,2,2
23160,REGENCY TEA SPOON,2,6
23163,REGENCY SUGAR TONGS,2,55
21172,PARTY METAL SIGN ,2,13
22331,WOODLAND PARTY BAG + STICKER SET,2,2
22338,STAR DECORATION PAINTED ZINC ,2,21
22339,CHRISTMAS TREE PAINTED ZINC ,2,31
23142,IVORY WIRE KITCHEN ORGANISER,2,2
23145,ZINC T-LIGHT HOLDER STAR LARGE,2,11
23149,ANTIQUE IVORY WIRE BOWL SMALL,2,11
23156,SET OF 5 MINI GROCERY MAGNETS,2,24
84836,ZINC METAL HEART DECORATION,2,35
84849D,HOT BATHS SOAP HOLDER,2,22
84880,WHITE WIRE EGG HOLDER,2,9
22466,FAIRY TALE COTTAGE NIGHTLIGHT,2,4
22468,BABUSHKA LIGHTS STRING OF 10,2,3
22472,TV DINNER TRAY DOLLY GIRL,2,2
84535B,FAIRY CAKES NOTEBOOK A6 SIZE,2,95
22274,FELTCRAFT DOLL EMILY,2,7
22276,WASH BAG VINTAGE ROSE PAISLEY,2,7
22283,6 EGG HOUSE PAINTED WOOD,2,4
22284,HEN HOUSE DECORATION,2,13
22248,DECORATION  PINK CHICK MAGIC GARDEN,2,20
22499,WOODEN UNION JACK BUNTING,2,4
23049,RECYCLED ACAPULCO MAT RED,2,3
23051,RECYCLED ACAPULCO MAT BLUE,2,2
84819,DANISH ROSE ROUND SEWING BOX,2,4
21035,SET/2 RED RETROSPOT TEA TOWELS ,2,200
21039,RED RETROSPOT SHOPPING BAG,2,12
21056,DOCTOR'S BAG SOFT TOY,2,2
22311,OFFICE MUG WARMER BLACK+SILVER ,2,7
22312,OFFICE MUG WARMER POLKADOT,2,26
22318,FIVE HEART HANGING DECORATION,2,7
84032A,CHARLIE+LOLA PINK HOT WATER BOTTLE,2,28
21198,WHITE HEART CONFETTI IN TUBE,2,72
22258,FELT FARM ANIMAL RABBIT,2,7
22262,FELT EGG COSY CHICKEN,2,5
22271,FELTCRAFT DOLL ROSIE,2,8
23186,FRENCH STYLE STORAGE JAR CAFE ,2,12
23188,VINTAGE  2 METER FOLDING RULER,2,13
22221,CAKE STAND LOVEBIRD 2 TIER PINK,2,2
22224,WHITE LOVEBIRD LANTERN,2,4
23022,SMALL BONNE JAM JAR  T-LIGHT HOLDER,2,30
22509,SEWING BOX RETROSPOT DESIGN ,2,16
23026,DRAWER KNOB VINTAGE GLASS STAR,2,14
23035,DRAWER KNOB CERAMIC IVORY,2,9
22489,PACK OF 12 TRADITIONAL CRAYONS,2,2
84375,SET OF 20 KIDS COOKIE CUTTERS,2,13
84507C,BLUE CIRCLES DESIGN MONKEY DOLL,2,7
23191,BUNDLE OF 3 RETRO NOTE BOOKS,2,3
23192,BUNDLE OF 3 ALPHABET EXERCISE BOOKS,2,3
84247E,PACK OF 12 CHRISTMAS FUN CARDS,2,23
22208,WOOD STAMP SET THANK YOU,2,13
22215,CAKE STAND WHITE TWO TIER LACE,2,2
22182,CAKE STAND VICTORIAN FILIGREE SMALL,2,3
22183,CAKE STAND VICTORIAN FILIGREE MED,2,2
22184,CAKE STAND VICTORIAN FILIGREE LARGE,2,2
23005,printing smudges/thrown away,2,19200
23010,CIRCUS PARADE BABY GIFT SET,2,3
22227,HANGING HEART MIRROR DECORATION ,2,2
22245,"HOOK, 1 HANGER ,MAGIC GARDEN",2,5
22199,FRYING PAN RED RETROSPOT,2,8
22201,FRYING PAN BLUE POLKADOT,2,2
22203,MILK PAN RED RETROSPOT,2,2
22204,MILK PAN BLUE POLKADOT,2,5
22162,HEART GARLAND RUSTIC PADDED,2,11
22163,HEART STRING MEMO HOLDER HANGING,2,25
23222,CHRISTMAS TREE HANGING GOLD,2,24
21224,SET/4 SKULL BADGES,2,12
21239,PINK  POLKADOT CUP,2,21
21246,RED RETROSPOT BIG BOWL,2,2
22999,TRAVEL CARD WALLET VINTAGE LEAF,2,3
22536,MAGIC DRAWING SLATE PURDEY,2,131
22550,HOLIDAY FUN LUDO,2,8
20973,12 PENCIL SMALL TUBE WOODLAND,2,4
84944,SET OF 6 KASHMIR FOLKART BAUBLES,2,58
22166,WALL MIRROR RECTANGLE DIAMANTE PINK,2,3
22175,PINK OWL SOFT TOY,2,2
22176,BLUE OWL SOFT TOY,2,2
22181,SNOWSTORM PHOTO FRAME FRIDGE MAGNET,2,27
23190,BUNDLE OF 3 SCHOOL EXERCISE BOOKS  ,2,2
23232,WRAP VINTAGE LEAF DESIGN,2,26
23224,CHERUB HEART DECORATION GOLD,2,14
22130,PARTY CONE CHRISTMAS DECORATION ,2,145
22142,CHRISTMAS CRAFT WHITE FAIRY ,2,11
22148,EASTER CRAFT 4 CHICKS ,2,15
22106,MIRROR MOSAIC HURRICANE LAMP ,2,121
21260,FIRST AID TIN,2,43
21264,WHITE GOOSE FEATHER TREE 60CM ,2,8
21272,SALLE DE BAIN HOOK,2,2
21275,ZINC TOP  2 DOOR WOODEN SHELF ,2,5
22982,PANTRY PASTRY BRUSH,2,24
22577,WOODEN HEART CHRISTMAS SCANDINAVIAN,2,101
22583,PACK OF 6 HANDBAG GIFT BOXES,2,2
22564,ALPHABET STENCIL CRAFT,2,437
84030E,ENGLISH ROSE HOT WATER BOTTLE,2,3
22152,PLACE SETTING WHITE STAR,2,4
21289,LARGE STRIPES CHOCOLATE GIFT BAG,2,20
21306,SET/4 DAISY MIRROR MAGNETS,2,19
21311,SET/4 BIRD MIRROR MAGNETS ,2,27
79323B,BLACK CHERRY LIGHTS,2,8
23237,SET OF 4 KNICK KNACK TINS LEAVES ,2,3
22095,LADS ONLY TISSUE BOX,2,9
22066,LOVE HEART TRINKET POT,2,5
22068,BLACK PIRATE TREASURE CHEST,2,13
22073,RED RETROSPOT STORAGE JAR,2,12
22586,FELTCRAFT HAIRBAND PINK AND BLUE,2,48
22592,CARDHOLDER HOLLY WREATH METAL,2,2
22597,MUSICAL ZINC HEART DECORATION ,2,34
22981,PANTRY APPLE CORER,2,6
21277,FRENCH STYLE EMBOSSED HEART CABINET,2,2
22120,WELCOME  WOODEN BLOCK LETTERS,2,12
23227,FILIGREE HEART BUTTERFLY WHITE ,2,6
22046,TEA PARTY  WRAPPING PAPER ,2,34
23287,RED VINTAGE SPOT BEAKER,2,51
23290,SPACEBOY CHILDRENS BOWL,2,10
79323P,PINK CHERRY LIGHTS,2,8
23253,16 PIECE CUTLERY SET PANTRY DESIGN,2,2
23265,SET OF 3 WOODEN TREE DECORATIONS,2,15
20956,PORCELAIN T-LIGHT HOLDERS ASSORTED,2,5
20970,PINK FLORAL FELTCRAFT SHOULDER BAG,2,3
20972,PINK CREAM FELT CRAFT TRINKET BOX ,2,24
84969,BOX OF 6 ASSORTED COLOUR TEASPOONS,2,2
84976,RECTANGULAR SHAPED MIRROR,2,14
22966,GINGERBREAD MAN COOKIE CUTTER,2,5
22082,RIBBON REEL STRIPES DESIGN ,2,20
22084,PAPER CHAIN KIT EMPIRE,2,41
22052,VINTAGE CARAVAN GIFT WRAP,2,50
21284,RETROSPOT CANDLE  SMALL,2,36
22650,CERAMIC PIRATE CHEST MONEY BANK,2,3
22653,BUTTON BOX ,2,30
22620,4 TRADITIONAL SPINNING TOPS,2,10
21976,PACK OF 60 MUSHROOM CAKE CASES,2,29
21984,PACK OF 12 PINK PAISLEY TISSUES ,2,60
21987,PACK OF 6 SKULL PAPER CUPS,2,13
21928,JUMBO BAG SCANDINAVIAN PAISLEY,2,3
78033,FLAG OF ST GEORGE CHAIR,2,3
21351,CINAMMON & ORANGE WREATH,2,7
21352,EUCALYPTUS & PINECONE  WREATH,2,9
22602,RETROSPOT WOODEN HEART DECORATION,2,40
22603,CHRISTMAS RETROSPOT TREE WOOD,2,13
22616,PACK OF 12 LONDON TISSUES ,2,24
84968C,SET OF 16 VINTAGE PISTACHIO CUTLERY,2,4
20932,PINK POT PLANT CANDLE,2,10
23283,DOORMAT VINTAGE LEAF,2,7
21926,RED/CREAM STRIPE CUSHION COVER ,2,14
21878,PACK OF 6 SANDCASTLE FLAGS ASSORTED,2,13
21889,WOODEN BOX OF DOMINOES,2,26
21892,TRADITIONAL WOODEN CATCH CUP GAME ,2,13
21359,RELAX LARGE WOOD LETTERS,2,2
21361,LOVE LARGE WOOD LETTERS ,2,4
21381,MINI WOODEN HAPPY BIRTHDAY GARLAND,2,25
79190B,RETRO PLASTIC POLKA TRAY,2,16
21972,SET OF 36 DINOSAUR PAPER DOILIES,2,2
21902,"KEY FOB , FRONT  DOOR ",2,9
21903,MAN FLU METAL SIGN,2,13
85014B,RED RETROSPOT UMBRELLA,2,2
85023B,EAU DE NILE JEWELLED PHOTOFRAME,2,73
20897,VINTAGE NOTEBOOK PARIS DAYS,2,12
20794,BLUE  TILE HOOK,2,9
20795,LARGE BLUE PROVENCAL CERAMIC BALL,2,6
21900,"KEY FOB , SHED",2,5
23299,FOOD COVER WITH BEADS SET 2 ,2,8
23306,SET OF 36 DOILIES PANTRY DESIGN,2,7
23313,VINTAGE CHRISTMAS BUNTING,2,13
23314,VINTAGE CHRISTMAS TABLECLOTH,2,5
23320,GIANT 50'S CHRISTMAS CRACKER,2,13
22663,JUMBO BAG DOLLY GIRL DESIGN,2,11
22670,FRENCH WC SIGN BLUE METAL,2,5
84988,SET OF 72 PINK HEART PAPER DOILIES,2,13
84997B,RED 3 PIECE RETROSPOT CUTLERY SET,2,28
84997C,CHILDRENS CUTLERY POLKADOT BLUE,2,6
84997D,PINK 3 PIECE POLKADOT CUTLERY SET,2,25
21907,I'M ON HOLIDAY METAL SIGN,2,13
21913,VINTAGE SEASIDE JIGSAW PUZZLES,2,3
21914,BLUE HARMONICA IN BOX ,2,36
21917,SET 12 KIDS  WHITE CHALK STICKS,2,13
22676,FRENCH BLUE METAL DOOR SIGN 1,2,11
22677,FRENCH BLUE METAL DOOR SIGN 2,2,11
21872,GLAMOROUS  MUG,2,16
23324,RUSTIC STRAWBERRY JAM POT LARGE ,2,35
23327,HANGING CLEAR MINI BOTTLE,2,8
23335,EGG FRYING PAN IVORY ,2,12
72760B,VINTAGE CREAM 3 BASKET CAKE STAND,2,2
22678,FRENCH BLUE METAL DOOR SIGN 3,2,11
22680,FRENCH BLUE METAL DOOR SIGN 5,2,30
22682,FRENCH BLUE METAL DOOR SIGN 7,2,11
22683,FRENCH BLUE METAL DOOR SIGN 8,2,12
22686,FRENCH BLUE METAL DOOR SIGN No,2,24
22689,DOORMAT MERRY CHRISTMAS RED ,2,52
22943,check,2,33
22944,CHRISTMAS METAL POSTCARD WITH BELLS,2,13
22948,METAL DECORATION NAUGHTY CHILDREN ,2,12
20821,GOLDIE LOOKING MIRROR,2,12
85042,ANTIQUE LILY FAIRY LIGHTS,2,3
72803A,ROSE SCENT CANDLE JEWELLED DRAWER,2,2
23345, DOLLY GIRL BEAKER,2,7
23349,ROLL WRAP VINTAGE CHRISTMAS,2,24
23350,ROLL WRAP VINTAGE SPOT ,2,24
23353,6 GIFT TAGS VINTAGE CHRISTMAS ,2,24
85047,WHITE BEADED GARLAND STRING 20LIGHT,2,3
85049E,SCANDINAVIAN REDS RIBBONS,2,15
85049G,CHOCOLATE BOX RIBBONS ,2,14
85059,FRENCH ENAMEL WATER BASIN,2,8
22693,GROW A FLYTRAP OR SUNFLOWER IN TIN,2,72
22704,WRAP RED APPLES ,2,50
22710,WRAP I LOVE LONDON ,2,50
22711,WRAP CIRCUS PARADE,2,50
22674,FRENCH TOILET SIGN BLUE METAL,2,13
22737,RIBBON REEL CHRISTMAS PRESENT ,2,40
22738,RIBBON REEL SNOWY VILLAGE,2,130
22744,MAKE YOUR OWN MONSOON CARD KIT,2,8
22746,POPPY'S PLAYHOUSE LIVINGROOM ,2,12
22718,CARD CAT AND TREE ,2,24
22723,SET OF 6 HERB TINS SKETCHBOOK,2,2
22929,SCHOOL DESK AND CHAIR ,2,3
22932,BAKING MOULD TOFFEE CUP CHOCOLATE,2,120
22933,BAKING MOULD EASTER EGG MILK CHOC,2,156
22937,BAKING MOULD CHOCOLATE CUPCAKES,2,13
22939,APRON APPLE DELIGHT,2,14
22691,DOORMAT WELCOME SUNRISE,2,3
22692,DOORMAT WELCOME TO OUR HOME,2,3
20801,LARGE PINK GLASS SUNDAE DISH,2,32
20802,SMALL GLASS SUNDAE DISH CLEAR,2,39
20803,SMALL PINK GLASS SUNDAE DISH,2,68
23427,STOOL HOME SWEET HOME ,2,2
21777,RECIPE BOX WITH METAL HEART,2,5
21789,KIDS RAIN MAC PINK,2,20
21822,GLITTER CHRISTMAS TREE WITH BELLS,2,3
21830,ASSORTED CREEPY CRAWLIES,2,48
23356,LOVE HOT WATER BOTTLE,2,9
23358,HOT STUFF HOT WATER BOTTLE,2,38
23368,SET 12 COLOUR PENCILS DOLLY GIRL ,2,6
23380,PACK OF 12 VINTAGE DOILY TISSUES,2,36
21794,CLASSIC FRENCH STYLE BASKET NATURAL,2,3
21810,CHRISTMAS HANGING STAR WITH BELL,2,59
21813,GARLAND WITH STARS AND BELLS,2,7
85064,CREAM SWEETHEART LETTER RACK,2,2
85071A,BLUE CHARLIE+LOLA PERSONAL DOORSIGN,2,152
85116,BLACK CANDELABRA T-LIGHT HOLDER,2,30
22736,RIBBON REEL MAKING SNOWMEN ,2,13
21422,PORCELAIN ROSE SMALL,2,4
21792,CLASSIC FRENCH STYLE BASKET GREEN ,2,9
23436,VINTAGE CHRISTMAS GIFT BAG LARGE ,2,15
23459,DOLLY CABINET 2 DRAWERS ,2,3
21743,STAR PORTABLE TABLE LIGHT ,2,9
21755,LOVE BUILDING BLOCK WORD,2,4
23469,CARD HOLDER LOVE BIRD SMALL,2,4
23480,MINI LIGHTS WOODLAND MUSHROOMS,2,20
22769,CHALKBOARD KITCHEN ORGANISER,2,10
22920,HERB MARKER BASIL,2,1527
20752,BLUE POLKADOT WASHING UP GLOVES,2,2
85061W,WHITE JEWELLED HEART DECORATION,2,7
85062,PEARL CRYSTAL PUMPKIN T-LIGHT HLDR,2,4
85063,CREAM SWEETHEART MAGAZINE RACK,2,3
23406,HOME SWEET HOME KEY HOLDER,2,3
23409,PHOTO FRAME LINEN AND LACE LARGE,2,7
22912,YELLOW COAT RACK PARIS FASHION,2,6
48194,DOORMAT HEARTS,2,3
51014L,"FEATHER PEN,LIGHT PINK",2,84
71038,WHITE HANGING BEADS CANDLE HOLDER,2,5
23574,PACKING CHARGE,2,2
35471D,SET OF 3 BIRD LIGHT PINK FEATHER ,2,2
22913,RED COAT RACK PARIS FASHION,2,4
22772,PINK DRAWER KNOB ACRYLIC EDWARDIAN,2,3
22775,PURPLE DRAWERKNOB ACRYLIC EDWARDIAN,2,28
22750,FELTCRAFT PRINCESS LOLA DOLL,2,6
22759,SET OF 3 NOTEBOOKS IN PARCEL,2,24
23503,PLAYING CARDS KEEP CALM & CARRY ON,2,2
23526,WALL ART DOG LICENCE ,2,16
23527,WALL ART ANIMALS AND NATURE ,2,7
23534,WALL ART STOP FOR TEA ,2,7
23565,EGG CUP MILKMAID HELGA ,2,5
21498,RED RETROSPOT WRAP ,2,50
21499,BLUE POLKADOT WRAP,2,225
47591D,PINK FAIRY CAKE CHILDRENS APRON,2,2
47599B,BLUE PARTY BAGS ,2,52
35648,VINTAGE BEAD PINK PURSE ,2,25
35648,check,2,56
35810B,ENAMEL BLUE RIM COFFEE CONTAINER,2,13
21624,VINTAGE UNION JACK DOORSTOP,2,5
21644,ASSORTED TUTTI FRUTTI HEART BOX,2,25
35971,ROSE FOLKART HEART DECORATIONS,2,17
37340,MULTICOLOUR SPRING FLOWER MUG,2,3
20717,STRAWBERRY SHOPPER BAG,2,22
85132A,CHARLIE + LOLA BISCUITS TINS,2,2
22805,BLUE DRAWER KNOB ACRYLIC EDWARDIAN,2,13
22902,TOTE BAG I LOVE LONDON,2,24
22908,PACK OF 20 NAPKINS RED APPLES,2,3
20675,BLUE POLKADOT BOWL,2,12
90199C,5 STRAND GLASS NECKLACE CRYSTAL,2,2
90185B,AMETHYST DIAMANTE EXPANDABLE RING,2,9
22851,SET 20 NAPKINS FAIRY CAKES DESIGN ,2,13
22852,DOG BOWL VINTAGE CREAM,2,5
20681,PINK POLKADOT CHILDRENS UMBRELLA,2,2
85170D,SET/6 PINK BIRD T-LIGHT CANDLES,2,5
85172,HYACINTH BULB T-LIGHT CANDLES,2,81
85183A,CHARLIE & LOLA WASTEPAPER BIN BLUE,2,2
22896,PEG BAG APPLES DESIGN,2,18
47580,TEA TIME DES TEA COSY,2,12
21459,YELLOW EASTER EGG HUNT START POST,2,8
21461,BLUE EASTER EGG HUNT START POST,2,2
21467,CHERRY CROCHET FOOD COVER,2,2
21469,POLKA DOT RAFFIA FOOD COVER,2,2
21470,FLOWER VINE RAFFIA FOOD COVER,2,5
22396,MAGNETS PACK OF 4 RETRO PHOTO,2,12
22402,MAGNETS PACK OF 4 VINTAGE COLLAGE,2,12
22403,MAGNETS PACK OF 4 VINTAGE LABELS ,2,12
84536B,FAIRY CAKES NOTEBOOK A7 SIZE,2,48
21080,SET/20 RED RETROSPOT PAPER NAPKINS ,2,17
21098,CHRISTMAS TOILET ROLL,2,39
84750A,PINK SMALL GLASS CAKE STAND,2,27
84799,SPRIG LAVENDER ARTIFICIAL FLOWER,2,60
22423,damages,2,40
23114,VINTAGE LEAF CHOPPING BOARD  ,2,3
22856,ASSORTED EASTER DECORATIONS  BELLS,2,21
22860,EASTER TIN CHICKS PINK DAISY,2,15
22863,SOAP DISH BROCANTE,2,13
22829,SWEETHEART WIRE WALL TIDY,2,10
22837,HOT WATER BOTTLE BABUSHKA ,2,37
18097C,WHITE TALL PORCELAIN T-LIGHT HOLDER,2,292
10133,COLOURING PENCILS BROWN TUBE,1,10
15044A,PINK PAPER PARASOL ,1,1
15044B,BLUE PAPER PARASOL ,1,1
15058A,wet/rusty,1,30
17012C,check,1,22
17012B,check,1,70
16259,PIECE OF CAMO STATIONERY SET,1,108
16258A,SWIRLY CIRCULAR RUBBERS IN BAG,1,1
16237,SLEEPING CAT ERASERS,1,60
16235,RECYCLED PENCIL WITH RABBIT ERASER,1,1
16219,HOUSE SHAPE PENCIL SHARPENER,1,48
16202E,BLACK PHOTO ALBUM ,1,1
16169E,check,1,313
16161U,WRAP SUKI AND FRIENDS,1,25
16161P,WRAP ENGLISH ROSE ,1,25
16054,POPART RECT PENCIL SHARPENER ASST,1,108
16045,check,1,900
16008,check,1,1510
90182C,BLACK 3 BEAD DROP EARRINGS,1,6
90180A,stock check,1,32
22821,GIFT BAG PSYCHEDELIC APPLES,1,12
22820,GIFT BAG BIRTHDAY,1,2
22812,PACK 3 BOXES CHRISTMAS PANETTONE,1,6
22812,?,1,270
22811,SET OF 6 T-LIGHTS CACTI ,1,1
22810,check,1,25
22808,SET OF 6 T-LIGHTS EASTER CHICKS,1,18
22895,SET OF 2 TEA TOWELS APPLE AND PEARS,1,6
22892,check,1,62
22885,NUMBER TILE VINTAGE FONT 6 ,1,1
22883,NUMBER TILE VINTAGE FONT 4,1,1
22882,NUMBER TILE VINTAGE FONT 3,1,1
22878,NUMBER TILE COTTAGE GARDEN No,1,1
22877,NUMBER TILE COTTAGE GARDEN 9,1,1
22869,NUMBER TILE COTTAGE GARDEN 1,1,1
22837,?,1,106
22759,check,1,327
22757,LARGE RED BABUSHKA NOTEBOOK ,1,1
22751,FELTCRAFT PRINCESS OLIVIA DOLL,1,2
22789,T-LIGHT HOLDER SWEETHEART HANGING,1,1
22784,damages,1,25
22778,check,1,10
22915,sold as set on dotcom,1,204
22906,12 MESSAGE CARDS WITH ENVELOPES,1,1
22904,CALENDAR PAPER CUT DESIGN,1,2
22804,Wrongly mrked had 85123a in box,1,256
22796,Not rcvd in 10/11/2010 delivery,1,360
22792,damages,1,73
22792,FLUTED ANTIQUE CANDLE HOLDER,1,12
22825,DECORATIVE PLANT POT WITH FRIEZE,1,2
22824,3 TIER SWEETHEART GARDEN SHELF,1,1
22823,test,1,22
22743,MAKE YOUR OWN FLOWERPOWER CARD KIT,1,6
22742,MAKE YOUR OWN PLAYTIME CARD KIT,1,2
22740,?,1,1060
22739,RIBBON REEL CHRISTMAS SOCK BAUBLE,1,10
22731,3D CHRISTMAS STAMPS STICKERS ,1,14
22927,?,1,40
22924,sold as set on dotcom,1,30
22923,sold as set on dotcom,1,12
22922,sold as set on dotcom,1,42
22921,HERB MARKER CHIVES ,1,12
22919,HERB MARKER MINT,1,12
22918,HERB MARKER PARSLEY,1,12
22917,HERB MARKER ROSEMARY,1,12
22916,HERB MARKER THYME,1,12
22764,"RUSTIC WOODEN CABINET, GLASS DOORS",1,1
22761,CHEST 7 DRAWER MA CAMPAGNE,1,2
22673,FRENCH GARDEN SIGN BLUE METAL,1,12
22708,WRAP DOLLY GIRL,1,25
22706,WRAP COWBOYS  ,1,25
22705,WRAP GREEN PEARS ,1,25
22700,smashed,1,48
22936,BAKING MOULD ROSE WHITE CHOCOLATE,1,72
22935,BAKING MOULD ROSE MILK CHOCOLATE,1,72
22934,BAKING MOULD EASTER EGG WHITE CHOC,1,3
22930,BAKING MOULD HEART MILK CHOCOLATE,1,96
22927,damaged,1,5
22719,wrong code,1,110
22719,wrong barcode (22467),1,178
22719,sold as 22467,1,25
22714,CARD BIRTHDAY COWBOY,1,12
22713,CARD I LOVE LONDON ,1,8
22747,POPPY'S PLAYHOUSE BATHROOM,1,6
22647,CERAMIC LOVE HEART MONEY BANK,1,12
22638,SET OF 4 NAPKIN CHARMS CROWNS ,1,1
22637,damages,1,65
22671,FRENCH LAUNDRY SIGN BLUE METAL,1,1
22669,RED BABY BUNTING ,1,50
22667,damaged,1,30
22655,damages/showroom etc,1,11
22950,SET OF 36 VINTAGE CHRISTMAS DOILIES,1,1
22949,SET OF 36 DOLLY GIRL PAPER DOILIES,1,2
22949,36 DOILIES DOLLY GIRL,1,12
22948,sold as set on dotcom,1,108
22946,check,1,21
22945,sold as set on dotcom,1,618
22944,sold as set on dotcom,1,42
22685,FRENCH BLUE METAL DOOR SIGN 0,1,10
22679,FRENCH BLUE METAL DOOR SIGN 4,1,10
22594,CHRISTMAS GINGHAM TREE,1,1
22593,CHRISTMAS GINGHAM STAR,1,144
22587,check,1,41
22586,check,1,30
22968,water damage,1,50
22959,check,1,175
22954,HEN PARTY CORDON BARRIER TAPE,1,1
22618,"mouldy, unsaleable.",1,1681
22617,"mouldy, thrown away.",1,2600
22615,PACK OF 12 CIRCUS PARADE TISSUES ,1,12
22613,PACK OF 20 SPACEBOY NAPKINS,1,10
22609,PENS ASSORTED SPACEBALL,1,36
22608,PENS ASSORTED FUNKY JEWELED ,1,7
22601,check,1,20
22619,SET OF 6 SOLDIER SKITTLES,1,4
22652,check,1,111
22582,PACK OF 6 SWEETIE GIFT BOXES,1,12
22581,WOOD STOCKING CHRISTMAS SCANDISPOT,1,2
22579,dotcom,1,40
22579,WOODEN TREE CHRISTMAS SCANDINAVIAN,1,96
22578,lost,1,1050
22577,check,1,300
22576,check,1,30
22576,SWALLOW WOODEN CHRISTMAS DECORATION,1,6
22575,missing?,1,130
22986,WRAP GINGHAM ROSE ,1,25
22977,DOLLY GIRL CHILDRENS EGG CUP,1,1
22975,SPACEBOY CHILDRENS EGG CUP,1,1
22599,CHRISTMAS MUSICAL ZINC STAR,1,24
22598,CHRISTMAS MUSICAL ZINC TREE,1,6
22595,check,1,80
22595,CHRISTMAS GINGHAM HEART,1,144
22540,MINI JIGSAW CIRCUS PARADE ,1,1
22537,MAGIC DRAWING SLATE DINOSAUR,1,48
22535,MAGIC DRAWING SLATE BUNNIES ,1,48
22534,MAGIC DRAWING SLATE SPACEBOY ,1,2
23005,TRAVEL CARD WALLET I LOVE LONDON,1,1
23003,Printing smudges/thrown away,1,9058
22575,METAL MERRY CHRISTMAS WREATH,1,6
22574,HEART WOODEN CHRISTMAS DECORATION,1,192
22572,??,1,335
22570,?,1,74
22569,?,1,84
22568,?? missing,1,170
22563,HAPPY STENCIL CRAFT,1,1
22560,TRADITIONAL MODELLING CLAY,1,1
22584,PACK OF 6 PANNETONE GIFT BOXES,1,1
22584,PACK OF 6 PANETTONE GIFT BOXES,1,14
22523,CHILDS GARDEN FORK PINK,1,12
22523,?,1,90
22522,check,1,126
22522,CHILDS GARDEN FORK BLUE ,1,12
22515,CHILDS GARDEN SPADE PINK,1,2
22511,RETROSPOT BABUSHKA DOORSTOP,1,1
22502,reverse 21/5/10 adjustment,1,100
23024,LARGE BONNE JAM JAR  T-LIGHT HOLDER,1,2
23023,RIDGED BONNE JAM JAR T-LIGHT HOLDER,1,2
23020,smashed,1,4
23017,APOTHECARY MEASURING JAR,1,1
23016,GLASS TWIST BON BON JAR,1,3
22547,MINI JIGSAW DINOSAUR ,1,2
22546,MINI JIGSAW PURDEY,1,1
22545,MINI JIGSAW BUNNIES,1,1
22544,MINI JIGSAW SPACEBOY,1,43
22501,reverse 21/5/10 adjustment,1,100
22501,incorrectly put back into stock,1,108
22496,SET OF 2 ROUND TINS DUTCH CHEESE,1,4
22495,SET OF 2 ROUND TINS CAMEMBERT ,1,6
22491,PACK OF 12 COLOURED PENCILS,1,12
23045,PAPER LANTERN 5 POINT STAR MOON ,1,20
23042,PAPER LANTERN 7 POINT SNOW STAR,1,10
23041,PAPER LANTERN 9 POINT SNOW STAR,1,24
23039,T-LIGHT HOLDER SILVER HEART HANDLE,1,6
23035,check,1,64
23034,DRAWER KNOB CERAMIC BLACK,1,6
23032,damages,1,60
23029,damages,1,20
23025,DRAWER KNOB VINTAGE GLASS BALL,1,6
22533,MAGIC DRAWING SLATE BAKE A CAKE ,1,24
22530,MAGIC DRAWING SLATE DOLLY GIRL ,1,24
22477,WATERING CAN GARDEN MARKER,1,1
22476,EMPIRE UNION JACK TV DINNER TRAY,1,8
22474,SPACEBOY TV DINNER TRAY,1,32
22471,TV DINNER TRAY AIR HOSTESS ,1,1
22467,wrong code?,1,100
22466,FAIRY TALE COTTAGE NIGHT LIGHT,1,17
23064,Crushed,1,8
23061,VINTAGE EMBOSSED HEART,1,3
23059,Thrown away-rusty,1,2376
23057,rusty throw away,1,280
23056,rusty throw away,1,210
23055,rusty thrown away,1,398
23054,RECYCLED ACAPULCO MAT LAVENDER,1,1
23053,RECYCLED ACAPULCO MAT PINK,1,1
23052,RECYCLED ACAPULCO MAT TURQUOISE,1,1
23050,RECYCLED ACAPULCO MAT GREEN,1,1
22459,?lost,1,232
22458,Missing,1,65
22454,MEASURING TAPE BABUSHKA RED,1,8
22453,MEASURING TAPE BABUSHKA BLUE,1,1
22452,MEASURING TAPE BABUSHKA PINK,1,1
22450,SILK PURSE BABUSHKA BLUE,1,1
22449,can't find,1,125
22449,SILK PURSE BABUSHKA PINK,1,6
23074,EMBOSSED HEART TRINKET BOX,1,6
23073,GEORGIAN TRINKET BOX,1,1
23072,damages,1,50
23071,damages,1,65
23066,SMALL DECO JEWELLERY STAND,1,1
23065,LARGE DECO JEWELLERY STAND,1,1
22483,RED GINGHAM TEDDY BEAR ,1,1
22481,wet boxes,1,288
22416,SET OF 36 SPACEBOY PAPER DOILIES,1,6
22412,METAL SIGN NEIGHBOURHOOD WITCH ,1,2
22409,MONEY BOX BISCUITS DESIGN,1,1
22440,BALLOON WATER BOMB PACK OF 35,1,10
22437,SET OF 9 BLACK SKULL BALLOONS,1,10
22436,12 COLOURED PARTY BALLOONS,1,20
22435,SET OF 9 HEART SHAPED BALLOONS,1,12
22435,?missing,1,434
22427,damages,1,29
22426,check,1,15
23100,SILVER BELLS TABLE DECORATION,1,1
23090,missing,1,338
23090,VINTAGE GLASS T-LIGHT HOLDER,1,9
23087,ZINC  HEART T-LIGHT HOLDER,1,15
23086,ZINC  STAR T-LIGHT HOLDER ,1,16
23084,temp adjustment,1,484
22405,MONEY BOX POCKET MONEY DESIGN,1,1
22400,MAGNETS PACK OF 4 HOME SWEET HOME,1,1
22394,PAPERWEIGHT KINGS CHOICE ,1,6
22389,PAPERWEIGHT SAVE THE PLANET,1,100
23118,Breakages,1,30
23117,POPPY FIELDS CHOPPING BOARD,1,1
23117,Damaged,1,1440
23116,Damaged,1,1440
23115,Damaged,1,1440
23114,Damaged,1,1440
23113,Damaged,1,1440
23109,PACK OF SIX LED TEA LIGHTS,1,96
23106,ZINC HEARTS PLANT POT HOLDER,1,12
22423,faulty,1,13
22421,LIPSTICK PEN FUSCHIA,1,2
22419,LIPSTICK PEN RED,1,6
22351,Given away,1,1400
22350,ILLUSTRATED CAT BOWL ,1,1
22348,TEA BAG PLATE RED RETROSPOT,1,12
22345,PARTY PIZZA DISH BLUE POLKADOT,1,18
22343,PARTY PIZZA DISH RED RETROSPOT,1,18
22340,NOEL GARLAND PAINTED ZINC ,1,12
23139,SINGLE WIRE HOOK PINK HEART,1,12
23138,SINGLE WIRE HOOK IVORY HEART,1,12
23133,LARGE IVORY HEART WALL ORGANISER,1,1
23131,?,1,49
23129,HEART SHAPED HOLLY WREATH,1,1
23118,check,1,6
22378,WALL TIDY RETROSPOT ,1,1
22372,AIRLINE BAG VINTAGE WORLD CHAMPION ,1,1
22365,DOORMAT RESPECTABLE HOUSE,1,2
22406,MONEY BOX KINGS CHOICE DESIGN,1,1
22316,200 BENDY SKULL STRAWS,1,1
22314,OFFICE MUG WARMER CHOC+BLUE,1,2
22313,OFFICE MUG WARMER PINK,1,250
22305,COFFEE MUG PINK PAISLEY DESIGN,1,1
22296,HEART IVORY TRELLIS LARGE,1,1
23157,SET OF 6 NATIVITY MAGNETS ,1,240
23155,sold as set on dotcom,1,84
23153,ZINC SWEETHEART WIRE LETTER RACK,1,4
23150,IVORY SWEETHEART SOAP DISH,1,1
23140,TRIPLE WIRE HOOK IVORY HEART,1,12
22339,check,1,60
22336,damaged,1,71
22336,DOVE DECORATION PAINTED ZINC ,1,23
22322,BIRD DECORATION GREEN POLKADOT,1,12
22321,BIRD DECORATION RED RETROSPOT,1,1
22354,RETROSPOT PADDED SEAT CUSHION,1,1
22250,DECORATION  BUTTERFLY  MAGIC GARDEN,1,4
22249,DECORATION WHITE CHICK MAGIC GARDEN,1,4
22246,MAGIC GARDEN FELT GARLAND ,1,12
22295,HEART FILIGREE DOVE LARGE,1,12
22291,HANGING CHICK CREAM DECORATION,1,24
22287,DECORATION WOBBLY CHICKEN,1,12
22286,check,1,47
22282,12 EGG HOUSE PAINTED WOOD,1,1
22279,POCKET BAG BLUE PAISLEY RED SPOT,1,1
22272,FELTCRAFT DOLL MARIA,1,1
22272,Damaged,1,15
22271,check,1,43
23169,smashed,1,235
23164,REGENCY CAKE SLICE,1,1
23161,REGENCY CAKE FORK,1,12
22319,HAIRCLIPS FORTIES FABRIC ASSORTED,1,6
22209,WOOD STAMP SET HAPPY BIRTHDAY,1,12
22202,MILK PAN PINK POLKADOT,1,1
22200,FRYING PAN PINK POLKADOT,1,4
22229,BUNNY WOODEN PAINTED WITH FLOWER ,1,2
22228,BUNNY WOODEN PAINTED WITH BIRD ,1,2
23188,VINTAGE  2 METRE FOLDING RULER,1,1
23187,check,1,62
23185,FRENCH STYLE STORAGE JAR JAM,1,1
23180,MUM'S KITCHEN CLOCK,1,1
22268,check,1,10
22268,EASTER DECORATION SITTING BUNNY,1,1
22268,DECORATION SITTING BUNNY,1,39
22263,FELT EGG COSY LADYBIRD ,1,49
22261,FELT EGG COSY WHITE RABBIT ,1,4
22260,FELT EGG COSY BLUE RABBIT ,1,4
22252,BIRDCAGE DECORATION TEALIGHT HOLDER,1,6
22161,HEART DECORATION RUSTIC HANGING ,1,24
22155,STAR DECORATION RUSTIC,1,48
22152,check,1,179
22149,damages,1,40
22149,check,1,46
23189,SET OF 12 FORK CANDLES,1,1
22181,check,1,92
22179,SET 10 NIGHT OWL LIGHTS,1,21
22176,check,1,28
22195,LARGE HEART MEASURING SPOONS,1,1
22194,BLACK DINER WALL CLOCK,1,2
22188,BLACK HEART CARD HOLDER,1,1
22219,???lost,1,550
22217,damages?,1,155
22217,T-LIGHT HOLDER HANGING LACE,1,40
22211,WOOD STAMP SET FLOWERS,1,48
22119,PEACE WOODEN BLOCK LETTERS,1,1
22116,METAL SIGN HIS DINNER IS SERVED,1,12
22110,BIRD HOUSE HOT WATER BOTTLE,1,2
22147,check,1,80
22142,check,1,70
22136,LOVE HEART SOCK HANGER,1,1
22132,RED LOVE HEART SHAPE CUP,1,12
22131,FOOD CONTAINER SET 3 LOVE HEART ,1,1
22130,sold as set on dotcom,1,390
22128,sold as set on dotcom,1,24
23223,CHRISTMAS TREE HANGING SILVER ,1,12
23220,REINDEER HEART DECORATION GOLD,1,12
23215,JINGLE BELL HEART ANTIQUE SILVER,1,120
23213,STAR WREATH DECORATION WITH BELL,1,12
23211,RED ROCKING HORSE HAND PAINTED,1,24
22165,"DIAMANTE HEART SHAPED WALL MIRROR, ",1,1
22102,MIRROR MOSAIC T-LIGHT HOLDER ,1,720
22101,MIRROR MOSAIC VOTIVE HOLDER,1,324
22099,CARAVAN SQUARE TISSUE BOX,1,9
22097,SWALLOW SQUARE TISSUE BOX,1,10
22096,PINK PAISLEY SQUARE TISSUE BOX ,1,6
22093,MOTORING TISSUE BOX,1,12
22091,EMPIRE TISSUE BOX,1,7
23233,WRAP POPPIES  DESIGN,1,25
23232,WRAP VINTAGE PETALS  DESIGN,1,25
23228,FILIGREE HEART BIRD WHITE ,1,144
23226,FILIGREE HEART DAISY WHITE,1,48
22127,sold in set?,1,690
22127,Dotcom sold in 6's,1,60
22121,check,1,10
22121,NOEL WOODEN BLOCK LETTERS ,1,1
22121,?,1,90
23268,Incorrect stock entry.,1,1440
23267,SET OF 4 SANTA PLACE SETTINGS,1,48
23266,SET OF 3 WOODEN STOCKING DECORATION,1,12
23264,SET OF 3 WOODEN SLEIGH DECORATIONS,1,1
22062,CERAMIC BOWL WITH LOVE HEART DESIGN,1,6
22060,damaged,1,1
22053,EMPIRE DESIGN ROSETTE,1,1
22051,?,1,300
22050,PINK PAISLEY ROSE GIFT WRAP,1,25
22049,damaged,1,100
22049,WRAP CHRISTMAS SCREEN PRINT,1,25
22081,RIBBON REEL FLORA + FAUNA ,1,10
22080,RIBBON REEL POLKADOTS ,1,10
22075,6 RIBBONS ELEGANT CHRISTMAS ,1,12
22074,6 RIBBONS SHIMMERING PINKS ,1,12
22105,MIRROR MOSAIC GOBLET CANDLE HOLDER,1,240
22047,EMPIRE GIFT WRAP,1,25
22043,dotcom,1,9
22043,check,1,40
22042,CHRISTMAS CARD SINGING ANGEL,1,12
22039,BOTANICAL LILY GIFT WRAP,1,25
22034,ROBIN CHRISTMAS CARD,1,12
22031,BOTANICAL LAVENDER BIRTHDAY CARD,1,12
22030,??,1,635
22029,SPACEBOY BIRTHDAY CARD,1,12
22028,PENNY FARTHING BIRTHDAY CARD,1,12
22026,BANQUET BIRTHDAY  CARD  ,1,12
23280,FOLDING BUTTERFLY MIRROR HOT PINK ,1,2
23270,incorrect stock entry.,1,2880
23270,SET OF 2 CERAMIC PAINTED HEARTS ,1,6
23269,incorrect stock entry.,1,1440
23268,SET OF 2 CERAMIC CHRISTMAS REINDEER,1,12
21937,?,1,161
21935,SUKI  SHOULDER BAG,1,1
21934,SKULL SHOULDER BAG,1,10
22025,check,1,30
22025,RING OF ROSES BIRTHDAY CARD,1,12
22024,RAINY LADIES BIRTHDAY CARD,1,12
22023,EMPIRE BIRTHDAY CARD,1,12
21993,FLORAL FOLK STATIONERY SET,1,12
21991,BOHEMIAN COLLAGE STATIONERY SET,1,12
21990,MODERN FLORAL STATIONERY SET,1,12
21983,PACK OF 12 BLUE PAISLEY TISSUES ,1,24
21982,PACK OF 12 SUKI TISSUES ,1,1
21981,PACK OF 12 WOODLAND TISSUES ,1,7
23288,check,1,63
23285,PINK VINTAGE SPOT BEAKER,1,2
22048,BIRTHDAY BANQUET GIFT WRAP,1,25
21850,BLUE  DIAMANTE PEN IN GIFT BOX,1,36
21846,PINK DIAMANTE PEN IN GIFT BOX,1,12
21843,smashed,1,63
21833,damages,1,110
23316,RED REFECTORY CLOCK ,1,1
23315,IVORY REFECTORY CLOCK,1,12
23312,VINTAGE CHRISTMAS GIFT SACK,1,1
21890,missing,1,140
21888,check,1,57
21883,STARS GIFT TAPE ,1,1
21880,RED RETROSPOT TAPE,1,12
21916,SET 12 RETRO WHITE CHALK STICKS,1,24
21911,GARDEN METAL SIGN ,1,12
21901,"KEY FOB , BACK DOOR ",1,9
21973,SET OF 36 MUSHROOM PAPER DOILIES,1,1
21942,SKULLS DESIGN FLANNEL,1,12
21821,GLITTER STAR GARLAND WITH BELLS ,1,12
23352,ROLL WRAP 50'S RED CHRISTMAS ,1,12
23348,sold with wrong barcode,1,57
23346,SPACEBOY BEAKER,1,6
23343,wrongly coded 20713,1,1000
23343,20713 wrongly marked,1,200
23343,20713,1,400
23342,MINT DINER WALL CLOCK,1,1
23338,EGG FRYING PAN RED ,1,6
23333,IVORY WICKER HEART MEDIUM,1,12
23332,IVORY WICKER HEART LARGE,1,2
23330,DECORATIVE WICKER HEART MEDIUM,1,6
23329,DECORATIVE WICKER HEART LARGE,1,3
23322,mouldy,1,40
21868,check,1,28
21864,UNION JACK FLAG PASSPORT COVER ,1,20
23372,SET 36 COLOUR PENCILS DOLLY GIRL,1,16
23370,SET 36 COLOURING PENCILS DOILY,1,1
23367,SET 12 COLOUR PENCILS SPACEBOY ,1,16
21832,CHOCOLATE CALCULATOR,1,25
21830,sold as 1,1,252
21830,OOPS ! adjustment,1,384
21830,"MERCHANT CHANDLER CREDIT ERROR, STO",1,576
21830,?,1,443
21829,sold as 1,1,432
21829,DINOSAUR KEYRINGS ASSORTED,1,108
21829,?missing,1,1897
21826,EIGHT PIECE DINOSAUR SET,1,4
21824,check,1,103
21824,PAINTED METAL STAR WITH HOLLY BELLS,1,24
21823,damaged,1,6
21823,check,1,94
21818,check,1,130
21817,check,1,8
21815,?,1,300
21811,check,1,240
21811,HANGING HEART WITH BELL,1,48
21810,check,1,135
21803,check,1,38
21802,CHRISTMAS TREE HEART DECORATION,1,1
21801,CHRISTMAS TREE DECORATION WITH BELL,1,36
21793,check,1,40
23392,SPACEBOY ROCKET LOLLY MAKERS,1,24
23390,DOLLY GIRL MINI BACKPACK,1,1
23389,SPACEBOY MINI BACKPACK,1,2
23377,PACK OF 12 DOLLY GIRL TISSUES,1,8
23376,PACK OF 12 VINTAGE CHRISTMAS TISSUE,1,24
23375,50'S CHRISTMAS PAPER GIFT BAG,1,1
23415,HOME SWEET HOME HOOK,1,5
23414,ZINC BOX SIGN HOME,1,4
23413,VINTAGE COFFEE GRINDER BOX,1,12
23412,HEART MIRROR ANTIQUE WHITE,1,2
23412,?,1,30
23411, TRELLIS COAT RACK,1,1
23410,CURIO CABINET LINEN AND LACE ,1,1
23406,CHECK,1,21
23405,HOME SWEET HOME 2 DRAWER CABINET,1,1
23400,check,1,19
23400,SHELF WITH 4 HOOKS HOME SWEET HOME,1,2
23398,HANGING HEART BONHEUR,1,1
23397,damaged,1,9
23396,LE JARDIN BOTANIQUE CUSHION COVER,1,4
23395,check,1,26
21819,check,1,14
23444,Next Day Carriage,1,1
23437, 50'S CHRISTMAS GIFT BAG LARGE,1,2
23434,3 RAFFIA RIBBONS 50'S CHRISTMAS ,1,10
21786,check,1,209
21786,POLKADOT RAIN HAT ,1,22
21784,SHOE SHINE BOX ,1,2
21781,damages?,1,39
21775,DECORATIVE FLORE BATHROOM BOTTLE,1,3
21774,DECORATIVE CATS BATHROOM BOTTLE,1,1
21770,OPEN CLOSED METAL SIGN,1,6
21769,showroom,1,5
23428,IVORY RETRO KITCHEN WALL CLOCK,1,2
23427,damaged,1,2
23426,METAL SIGN DROP YOUR PANTS,1,6
23424,GINGHAM RECIPE BOOK BOX,1,1
23419,HOME SWEET HOME BOTTLE ,1,1
23491,VINTAGE JINGLE BELLS HEART,1,1
23490,T-LIGHT HOLDER HANGING LOVE BIRD,1,3
23466,TUSCAN VILLA DOVECOTE BIRD FEEDER,1,1
21761,damaged,1,2
21756,BATH BUILDING BLOCK WORD,1,2
21747,SMALL SKULL WINDMILL,1,12
21745,GAOLERS KEYS DECORATIVE GARDEN ,1,4
21744,check,1,21
21736,GOLD SCROLL GLASS T-LIGHT HOLDER,1,3
21735,damages,1,59
23462,damages,1,34
23461,SWEETHEART BIRD HOUSE,1,4
23456,MEDIUM PARLOUR PICTURE FRAME ,1,2
23454,THREE MINI HANGING FRAMES,1,2
23452,HEART MINI PORTRAIT FRAME,1,1
23445,ICE CREAM BUBBLES,1,20
23514,EMBROIDERED RIBBON REEL SALLY ,1,6
23513,EMBROIDERED RIBBON REEL SUSIE ,1,6
21722,SWEET PUDDING STICKER SHEET,1,1
21718,RED METAL BEACH SPADE ,1,1
21716,BOYS VINTAGE TIN SEASIDE BUCKET,1,8
21708,FOLDING UMBRELLA CREAM POLKADOT,1,1
21700,sold as set on dotcom and amazon,1,1206
21700,BIG DOUGHNUT FRIDGE MAGNETS,1,36
21696,SMALL SILVER TRELLIS CANDLEPOT,1,12
21693,mixed up,1,87
21689,wrong barcode,1,323
21688,mixed up,1,337
21686,MEDINA STAMPED METAL STOOL,1,1
23511,EMBROIDERED RIBBON REEL EMILY ,1,5
23508,MINI PLAYING CARDS DOLLY GIRL ,1,2
23497,CLASSIC CHROME BICYCLE BELL ,1,12
21682,?display?,1,156
21677,HEARTS  STICKERS,1,12
21675,BUTTERFLIES STICKERS,1,12
21667,GLASS CAKE COVER AND PLATE,1,2
21656,samples,1,19
21654,Damaged,1,3
21650,ASSORTED TUTTI FRUTTI BRACELET,1,24
23556,LANDMARK FRAME COVENT GARDEN ,1,1
23544,WALL ART MID CENTURY MODERN ,1,1
23541,WALL ART CLASSIC PUDDINGS ,1,2
23536,WALL ART VILLAGE SHOW ,1,4
23535,WALL ART BICYCLE SAFETY,1,1
23525,WALL ART BUFFALO BILL ,1,6
23524,WALL ART HORSE & PONY ,1,6
23523,WALL ART TREASURE AHOY ,1,6
23518,EMBROIDERED RIBBON REEL RACHEL ,1,6
35610A,thrown away,1,1277
35607B,thrown away,1,9
35598D,PINK/WHITE CHRISTMAS TREE 60CM,1,1
35241,damages?,1,40
35004G,SET OF 3 GOLD FLYING DUCKS,1,2
35001W,HAND OPEN SHAPE DECO.WHITE,1,1
23843,"PAPER CRAFT , LITTLE BIRDIE",1,80995
23630,SET 10 CARDS HANGING BAUBLES 17080,1,1
23597,PAPER BUNTING PAISLEY PARK,1,6
23595,re-adjustment,1,5
23583,LUNCH BAG PAISLEY PARK  ,1,10
23569,TRADTIONAL ALPHABET STAMP SET,1,2
23568,EGG CUP HENRIETTA HEN CREAM ,1,1
23567,EGG CUP HENRIETTA HEN PINK,1,1
23566,EGG CUP MILKMAID HEIDI,1,4
21682,LARGE MEDINA STAMPED METAL BOWL ,1,3
35954,counted,1,430
35953,FOLKART STAR CHRISTMAS DECORATIONS,1,24
35923,check,1,42
35923,CANDY HEART HANGING DECORATION,1,1
35921,EASTER BUNNY HANGING GARLAND,1,1
35915C,damaged,1,43
35833P,check,1,24
35833G,damages,1,43
35832,WOOLLY HAT SOCK GLOVE ADVENT STRING,1,1
35818B,adjustment,1,22
35817P,thrown away,1,44
35810A,check,1,78
35651,VINTAGE BEAD PINK SCARF ,1,12
35611B,thrown away,1,27
35610C,Thrown away.,1,1121
35610B,thrown away,1,541
35972,check,1,3
21648,ASSORTED TUTTI FRUTTI SMALL PURSE,1,1
21647,ASSORTED TUTTI FRUTTI LARGE PURSE,1,1
21645,ASSORTED TUTTI FRUTTI ROUND BOX,1,24
21643,damaged,1,9
21643,ASSORTED TUTTI FRUTTI MIRROR,1,12
21642,check,1,138
21636,check,1,22
21633,SUNFLOWER DECORATIVE PARASOL,1,1
21630,FLOOR CUSHION ELEPHANT CARNIVAL,1,1
21628,TRIANGULAR POUFFE VINTAGE ,1,2
21627,check,1,32
35965,found some more on shelf,1,9
35965,FOLKART HEART NAPKIN RINGS,1,24
35961,FOLKART ZINC HEART CHRISTMAS DEC,1,1
35957,SMALLFOLKART BAUBLE CHRISTMAS DEC,1,96
37503,TEA TIME CAKE STAND IN GIFT BOX,1,1
37501,TEA TIME TEA SET IN GIFT BOX,1,2
37488A,damaged,1,1
37487B,Damaged,1,6
37482P,Damaged,1,93
37479P,sold as set on dotcom,1,30
37479P,??,1,184
37479B,sold as set by dotcom,1,30
37471,sold as set on dotcom,1,12
37370,sold as set/6 by dotcom,1,786
37370,damages/dotcom?,1,590
37343,damaged,1,2
37340,sold as set on dotcom,1,18
37327,sold as set on dotcom,1,95
37327,damages,1,131
37327,ASSTD MULTICOLOUR CIRCLES MUG,1,4
44234,ASSORTED CIRCULAR MOBILE,1,2
40016,damaged stock,1,1100
21622,damages,1,45
21622,POSSIBLE DAMAGES OR LOST?,1,750
21621,re dotcom quick fix.,1,100
21621,?,1,400
21620,mystery! Only ever imported 1800,1,1479
21620,check,1,20
21619,check,1,94
21618,CHECK,1,54
21615,check,1,26
21591,check,1,267
21588,RETROSPOT GIANT TUBE MATCHES,1,1
21584,RETROSPOT SMALL TUBE MATCHES,1,1
40016,?,1,752
40001,check,1,240
21578,WOODLAND DESIGN  COTTON TOTE BAG,1,2
21578,?,1,251
21556,CERAMIC STRAWBERRY MONEY BOX,1,1
21539,damages?,1,111
21537,?,1,80
47503H,check,1,24
47469,ASSORTED SHAPES PHOTO CLIP SILVER ,1,24
47422,ASSORTED MONKEY SUCTION CUP HOOK,1,1
47351B,BLUE  VOILE LAMPSHADE,1,48
47013C,WINE BOTTLE DRESSING DARK BLUE,1,12
47013A,damaged,1,2
46000S,dotcom sales,1,90
46000S,Dotcom sales,1,100
46000S,Dotcom,1,300
46000M,POLYESTER FILLER PAD 45x45cm,1,1
46000M,Dotcom sales,1,100
21519,check,1,80
21508,VINTAGE KID DOLLY CARD ,1,12
21507,"ELEPHANT, BIRTHDAY CARD, ",1,12
21507,ELEPHANT BIRTHDAY CARD ,1,12
21506,"FANCY FONT BIRTHDAY CARD, ",1,12
21503,TOYBOX  WRAP ,1,1
47591B,?,1,207
47590B,check,1,57
47574A,check,1,61
47574A,ENGLISH ROSE SCENTED HANGING FLOWER,1,2
47566B,reverse previous adjustment,1,1300
47566B,incorrectly credited C550456 see 47,1,1300
47563A,RETRO LONGBOARD IRONING BOARD COVER,1,4
47504K,ENGLISH ROSE GARDEN SECATEURS,1,12
47504H,ENGLISH ROSE SPIRIT LEVEL ,1,4
21581,SKULLS  DESIGN  COTTON TOTE BAG,1,12
21456,2 PICTURE BOOK EGGS EASTER CHICKS,1,1
21455,PAINTED YELLOW WOODEN DAISY,1,13
21447,12 IVORY ROSE PEG PLACE SETTINGS,1,1
21445,12 PINK ROSE PEG PLACE SETTINGS,1,4
21439,BASKET OF TOADSTOOLS,1,408
21424,damages,1,40
21421,damaged,1,5
21417,COCKLE SHELL DISH,1,1
48189,damaged,1,18
48185,?,1,57
48111,DOORMAT 3 SMILEY CATS,1,2
47599A,PINK PARTY BAGS,1,6
21495,SKULLS AND CROSSBONES WRAP,1,25
21494,ROTATING LEAVES T-LIGHT HOLDER,1,2
21527,damages,1,30
21520,BOOZE & WOMEN GREETING CARD ,1,2
72759,thrown away-can't sell.,1,524
72732,thrown away-can't sell,1,2472
72586,SET OF 6 HALLOWEEN GHOST T-LIGHTS,1,36
72140F,throw away,1,5368
72140E,BEST DAD CANDLE LETTERS,1,1
72038P,damages,1,990
71459,HANGING JAM JAR T-LIGHT HOLDERS,1,3
71279,damages,1,74
71038,check,1,16
70007,HI TEC ALPINE HAND WARMER,1,12
62043B,BLUE CHECK BAG W HANDLE 34X20CM,1,1
51020B,adjust,1,53
51020B,STRIPY DESIGN SHOWER CAP,1,1
51020A,SUMMER FUN DESIGN SHOWER CAP,1,2
51014A,"FEATHER PEN,HOT PINK",1,72
51008,AFGHAN SLIPPER SOCK PAIR,1,2
21412,VINTAGE GOLD TINSEL REEL,1,6
21411,GINGHAM HEART  DOORSTOP RED,1,6
21408,SPOTTY PINK DUCK DOORSTOP,1,2
21407,BROWN CHECK CAT DOORSTOP ,1,1
21398,damages,1,9
21397,damaged,1,57
21394,damages,1,35
21391,Sold as 1 on dotcom,1,342
21391,FRENCH LAVENDER SCENT HEART,1,3
21390,FILIGRIS HEART WITH BUTTERFLY,1,3
21389,IVORY HANGING DECORATION  BIRD,1,1
21385,IVORY HANGING DECORATION  HEART,1,2
21383,PACK OF 12 STICKY BUNNIES,1,2
72802A,?,1,50
72801C,check,1,10
72799E,IVORY PILLAR CANDLE SILVER FLOCK,1,6
72817,SET OF 2 CHRISTMAS DECOUPAGE CANDLE,1,24
72816,SET/3 CHRISTMAS DECOUPAGE CANDLES,1,24
72815,3 WICK CHRISTMAS BRIAR CANDLE ,1,4
72807C,wet pallet,1,408
72807C,damages,1,149
72807C,???missing,1,428
72807B,wet pallet,1,696
72807B,damages,1,101
72807B,SET/3 OCEAN SCENT CANDLE JEWEL BOX,1,3
72807B,????missing,1,124
72807A,wet pallet,1,504
72807A,damages,1,56
72807A,???missing,1,224
72803A,damages,1,160
72802C,damages,1,54
72802A,Wet pallet-thrown away,1,306
79030G,damages,1,413
21382,SET/4 SPRING FLOWER DECORATION,1,8
21380,WOODEN HAPPY BIRTHDAY GARLAND,1,1
21373,MIRRORED WALL ART SNOWFLAKES,1,12
21364,PEACE SMALL WOOD LETTERS,1,1
21360,Show Samples,1,4
21352,check,1,23
21351,damaged,1,220
21349,IVY HEART WREATH,1,4
21344,MOROCCAN BEATEN METAL DISH,1,3
79030G,Water damaged,1,16
79030D,damages,1,664
79030D,TUMBLER BAROQUE,1,1
72818,check,1,26
72818,CHRISTMAS DECOUPAGE CANDLE,1,36
72817,check,1,67
21320,GLASS CHALICE GREEN  LARGE ,1,7
21319,GLASS CHALICE GREEN  SMALL ,1,1
21317,GLASS SPHERE CANDLE STAND MEDIUM,1,1
21316,SMALL CHUNKY GLASS ROMAN  BOWL,1,1
21294,damaged,1,227
21288,STRIPEY CHOCOLATE NESTING BOXES,1,24
21285,RETROSPOT CANDLE  MEDIUM,1,24
79320,FLAMINGO LIGHTS,1,1
79191D,RETRO PLASTIC DAISY TRAY,1,12
79191B,RETRO PLASTIC POLKA TRAY,1,12
79190A,RETRO PLASTIC 70'S TRAY,1,3
79164,damages/credits from ASOS.,1,1512
79164,BLACK WINE GLASS,1,3
79163,sold as set on dotcom,1,24
79163,damaged,1,1
79051A,sold as set on dotcom,1,6
21263,GREEN GOOSE FEATHER TREE 60CM,1,2
21258,?,1,29
21257,?,1,94
21248,DOOR HANGER  MUM + DADS ROOM,1,1
79342B,"Unsaleable, destroyed.",1,1128
79341,"Unsaleable, destroyed.",1,905
79337,BLUE FLOCK GLASS CANDLEHOLDER,1,6
79323W,WHITE CHERRY LIGHTS,1,8
79323W,"Unsaleable, destroyed.",1,4830
79323S,"Unsaleable, destroyed.",1,674
79323P,"Unsaleable, destroyed.",1,2003
79323LP,"Unsaleable, destroyed.",1,2618
79323GR,"Unsaleable, destroyed.",1,1158
79323G,"Unsaleable, destroyed.",1,657
79323B,"Unsaleable, destroyed.",1,1671
21320,broken,1,63
82613C,"METAL SIGN,CUPCAKE SINGLE HOOK",1,20
82613B,"METAL SIGN,CUPCAKE SINGLE HOOK",1,20
82600,historic computer difference?....se,1,458
21246,damaged,1,2
21243,PINK  POLKADOT PLATE ,1,8
21213,PACK OF 72 SKULL CAKE CASES,1,48
82599,?,1,290
82583,?,1,220
82582,??,1,130
82578,KITCHEN METAL SIGN,1,12
82494L,crushed ctn,1,33
82494L,cracked,1,39
82483,crushed,1,13
21279,VINTAGE KITCHEN PRINT FRUITS,1,3
21275,?,1,30
21272,?,1,212
84050,counted,1,310
21206,STRAWBERRY HONEYCOMB  GARLAND ,1,2
21201,TROPICAL  HONEYCOMB PAPER GARLAND ,1,1
21201,???,1,390
21199,PINK  HEART CONFETTI IN TUBE,1,48
21197,MULTICOLOUR  CONFETTI IN TUBE,1,21
21192,check,1,164
21190,PINK HEARTS PAPER GARLAND,1,50
21181,check,1,54
84031B,CHARLIE LOLA BLUE HOT WATER BOTTLE ,1,21
84031A,CHARLIE+LOLA RED HOT WATER BOTTLE ,1,20
84012,MAGIC SHEEP WOOL GROWING FROM PAPER,1,120
84006,MAGIC TREE -PAPER FLOWERS,1,1
82616C,MIDNIGHT GLAMOUR SCARF KNITTING KIT,1,3
82616B,FRAPPUCINO SCARF KNITTING KIT,1,9
82613D,METAL SIGN CUPCAKE SINGLE HOOK,1,20
21166,?,1,124
21165,check,1,28
21165,BEWARE OF THE CAT METAL SIGN ,1,12
21164,HOME SWEET HOME METAL SIGN ,1,6
21163,DO NOT TOUCH MY STUFF DOOR HANGER ,1,1
21159,damaged,1,40
21158,MOODY GIRL DOOR HANGER ,1,24
84313B,Damaged,1,32
84279P,check,1,104
84251B,"GREETING CARD, STICKY GORDON",1,12
84249A,damaged,1,25
84249A,check,1,150
84247K,"FOLK ART GREETING CARD,pack/12",1,11
84228,crushed,1,4
84228,HEN HOUSE W CHICK STANDING,1,1
84086B,YELLOW/BLUE RETRO RADIO,1,1
84510A,SET OF 4 ENGLISH ROSE COASTERS,1,1
84508C,check,1,21
84508B,STRIPES DESIGN TEDDY,1,6
84508A,check,1,39
84508A,CAMOUFLAGE DESIGN TEDDY,1,1
84461,12 PINK HEN+CHICKS IN BASKET,1,6
84452,METAL RABBIT LADDER EASTER ,1,4
84422,PINK/BLUE DISC/MIRROR STRING,1,48
84422,Dagamed,1,30
84406B,incorrectly made-thrown away.,1,64
84406B,?,1,450
84352,Damages/samples,1,52
84313C,damaged,1,1
21179,damaged,1,14
21179,NO JUNK MAIL METAL SIGN,1,12
21167,WHITE SAGE INCENSE,1,50
84596B,SMALL DOLLY MIX DESIGN ORANGE BOWL,1,16
84595E,LARGE TORTILLA DESIGN RED BOWL,1,1
21147,?,1,95
21144,PINK POODLE HANGING DECORATION ,1,12
21136,sold as set on dotcom,1,272
21135,sold as set on dotcom,1,304
21129,SILVER FISHING GNOME ,1,2
21123,SET/10 IVORY POLKADOT PARTY CANDLES,1,24
84584,?,1,50
84581,check,1,41
84576,damaged,1,3
84575A,PINK DOG CANNISTER,1,1
84563B,damaged,1,11
84563A,damaged,1,4
84559B,3D SHEET OF CAT STICKERS,1,4
84536A,ENGLISH ROSE NOTEBOOK A7 SIZE,1,32
84660A,damaged,1,15
84659A,WHITE TRAVEL ALARM CLOCK,1,1
84632,DECORATIVE HANGING SHELVING UNIT,1,1
84629,WHITE 3 FRAME BIRDS AND TREE ,1,1
84614A,thrown away,1,390
84613A,thrown away,1,230
84612B,thrown away,1,162
84611B,thrown away,1,1430
84609,damages,1,29
84609,TALL ROCOCO CANDLE HOLDER,1,2
84600,NEW BAROQUE JEWELLERY BOX ,1,1
84598,check,1,3000
84598,BOYS ALPHABET IRON ON PATCHES,1,288
84597B,damages,1,6
84596G,??,1,365
84596F,SMALL MARSHMALLOWS PINK BOWL,1,16
84743C,damages,1,26
21114,LAVENDER SCENTED FABRIC HEART,1,10
21110,LARGE CAKE TOWEL PINK SPOTS,1,2
21109,wet,1,48
21100,Damaged,1,6
21098,damages?,1,231
21090,WET/MOULDY,1,192
21089,damaged,1,7
21088,SET/6 FRUIT SALAD PAPER CUPS,1,12
21084,SET/6 COLLAGE PAPER CUPS,1,24
21071,check,1,82
21071,VINTAGE BILLBOARD DRINK ME MUG,1,6
21069,VINTAGE BILLBOARD TEA MUG,1,701
84685,BEACH HUT KEY CABINET,1,1
84674,FLYING PIG WATERING CAN,1,4
84665,water damaged,1,15
84805B,wet damaged,1,96
84805A,wet damaged,1,96
84804A,wet damaged,1,125
84803B,WHITE ALLIUM  ARTIFICIAL FLOWER,1,3
84801A,wet damaged,1,48
84801A,check,1,102
84800S,SMALL WHITE/PINK ROSE ART FLOWER,1,2
84800M,MEDIUM WHITE/PINK ROSE ART FLOWER,1,3
84800L,wet damaged,1,144
84800L,LARGE WHITE/PINK ROSE ART FLOWER,1,24
84798B,PURPLE FOXGLOVE ARTIIFCIAL FLOWER,1,4
84798A,PINK FOXGLOVE ARTIIFCIAL FLOWER,1,12
84763,Display,1,150
84754,S/15 SILVER GLASS BAUBLES IN BAG,1,144
84751B,BLACK MEDIUM GLASS CAKE STAND,1,1
84750B,BLACK SMALL GLASS CAKE STAND,1,1
84826,ASSTD DESIGN 3D PAPER STICKERS,1,60
84821,DANISH ROSE DELUXE COASTER,1,12
21066,VINTAGE RED MUG,1,12
21059,PARTY INVITES DINOSAURS,1,12
21058,PARTY INVITES WOODLAND,1,12
21055,TOOL BOX SOFT TOY ,1,6
21038,SET/4 MODERN VINTAGE COTTON NAPKINS,1,2
21033,taig adjust no stock,1,24
21033,JUMBO BAG CHARLIE AND LOLA TOYS,1,1
21018,damaged,1,63
84820,DANISH ROSE TRINKET TRAYS,1,4
84818,damages,1,70
84816,damages,1,21
84813,SET OF 4 DIAMOND NAPKIN RINGS,1,1
84809B,damaged,1,324
84809A,WHITE CHRYSANTHEMUMS ART FLOWER,1,2
84879,damaged,1,160
84877D,?,1,203
84876D,damaged,1,2
84870B,BLUE GEISHA GIRL ,1,1
84865,damaged,1,7
84859C,wet?,1,153
84857C,PINK MONTE CARLO HANDBAG,1,1
84857B,BLUE MONTE CARLO HANDBAG,1,2
84856S,SMALL TAHITI BEACH BAG,1,1
84849B,FAIRY SOAP SOAP HOLDER,1,1
84849A,HELLO SAILOR BLUE SOAP HOLDER,1,16
84843,WHITE SOAP RACK WITH 2 BOTTLES,1,1
84840,SWEETHEART CARRY-ALL BASKET,1,2
84839,SWEETHEART KEY CABINET,1,1
84832,ZINC WILLIE WINKIE  CANDLE STICK,1,12
84828,JUNGLE POPSICLES ICE LOLLY MOULDS,1,24
21015,DARK BIRD HOUSE TREE DECORATION,1,4
21014,check,1,90
21012,ANTIQUE ALL GLASS CANDLESTICK,1,3
20984,damaged,1,46
20984,12 PENCILS TALL TUBE POSY,1,24
20980,36 PENCILS TUBE POSY,1,9
20978,36 PENCILS TUBE SKULLS,1,16
84927F,PSYCHEDELIC TILE HOOK,1,5
84927E,FLOWERS TILE HOOK,1,2
84927D,LA PALMIERA TILE HOOK,1,2
84927A,WAKE UP COCKEREL TILE HOOK,1,1
84926F,PSYCHEDELIC TILE COASTER,1,24
84912B,damaged,1,14
84906,PINK BUTTERFLY CUSHION COVER,1,1
84884A,ANT WHITE WIRE HEART SPIRAL,1,1
84881,BLUE WIRE SPIRAL CANDLE HOLDER,1,1
84970L,SINGLE HEART ZINC T-LIGHT HOLDER,1,12
84969,check,1,50
20961,STRAWBERRY BATH SPONGE ,1,50
20957,PORCELAIN HANGING BELL SMALL,1,1
20956,check,1,152
20956,?,1,723
20941,FROG CANDLE,1,2
20936,FORKED CACTUS CANDLE,1,1
20902,check,1,3
84968F,check,1,20
84968E,check,1,35
84968D,SET OF 16 VINTAGE RED CUTLERY,1,1
84952B,BLACK LOVE BIRD T-LIGHT HOLDER,1,3
84951A,SET OF 4 PISTACHIO LOVEBIRD COASTER,1,24
84931B,BLUE SCOTTIE DOG W FLOWER PATTERN,1,3
84929,code mix up? 84930,1,967
85032C,CURIOUS IMAGES GIFT WRAP SET,1,12
85027L,FRENCH CHATEAU LARGE PLATTER ,1,5
85025C,barcode problem,1,230
85025C,PINK HEART SHAPE PHOTO FRAME,1,1
85025B,EAU DE NILE HEART SHAPE PHOTO FRAME,1,1
85024C,PINK SMALL JEWELLED PHOTOFRAME,1,1
85023C,PINK LARGE JEWELED PHOTOFRAME,1,1
85019C,Damaged,1,108
85019C,CURIOUS  IMAGES NOTEBOOK SET,1,12
85017B,ENVELOPE 50 BLOSSOM IMAGES,1,12
85014A,BLACK/BLUE POLKADOT UMBRELLA,1,6
84997D,CHILDRENS CUTLERY POLKADOT PINK,1,4
84997C,?,1,741
84997B,CHILDRENS CUTLERY RETROSPOT RED ,1,6
84985A,SET OF 72 GREEN PAPER DOILIES,1,5
84971S,SMALL HEART FLOWERS HOOK ,1,1
85032D,YULETIDE IMAGES GIFT WRAP SET,1,12
20901,VINTAGE KEEPSAKE BOX PINK FLOWER,1,2
20898,check,1,10
20898,VINTAGE NOTEBOOK TRAVELOGUE,1,6
20893,damages/display,1,197
20893,damages,1,55
20893,HANGING BAUBLE T-LIGHT HOLDER SMALL,1,36
20886,BOX OF 9 PEBBLE CANDLES,1,6
20867,?,1,271
20866,BLUE ROSE FABRIC MIRROR,1,120
20866,?,1,230
20857,BLUE ROSE PATCH PURSE PINK BUTTERFL,1,15
20856,DENIM PATCH PURSE PINK BUTTERFLY,1,10
20856,??,1,140
20854,BLUE PATCH PURSE PINK HEART,1,14
20840,damages,1,30
20832,RED FLOCK LOVE HEART PHOTO FRAME,1,1
20830,SILVER PHOTO FRAME,1,1
20827,damages,1,68
20803,damages,1,40
20798,CLEAR MILKSHAKE GLASS,1,4
85036C,damages wax,1,1560
85036C,check,1,4
85036B,damages wax,1,1284
85036B,check,1,23
85036B,CHOCOLATE 1 WICK MORRIS BOX CANDLE,1,6
85036A,GARDENIA 1 WICK MORRIS BOXED CANDLE,1,1
85035C,check,1,24
85035B,check,1,36
85035A,CHECK,1,59
85034A,damaged,1,81
85032D,damaged,1,1
20772,GARDEN PATH JOURNAL,1,1
20754,RETROSPOT RED WASHING UP GLOVES,1,1
20752,check,1,10
20751,check,1,35
20751,FUNKY WASHING UP GLOVES ASSORTED,1,1
20733,GOLD MINI TAPE MEASURE ,1,300
85054,check,1,39
85049D,?,1,100
85049A,TRADITIONAL CHRISTMAS RIBBONS,1,12
85045,GREEN CHRISTMAS TREE STRING 20LIGHT,1,4
85039C,S/4 BLACK MINI ROSE CANDLE IN BOWL,1,1
85039A,SET/4 RED MINI ROSE CANDLE IN BOWL,1,1
20840,FRENCH FLORAL CUSHION COVER ,1,12
20839,damages,1,80
20838,FRENCH LATTICE CUSHION COVER ,1,12
20836,FRENCH PAISLEY CUSHION COVER,1,12
85111,check,1,117
85104,SILVER GLASS T-LIGHT SET,1,3
85104,????damages????,1,355
85103,stock creditted wrongly,1,32
85103,SILVER T-LIGHT SETTING,1,37
85098B,BLUE FLYING SINGING CANARY,1,1
85096,label mix up,1,59
85088,CANDY SPOT HAND BAG,1,2
85087,CANDY SPOT CUSHION COVER,1,1
85078,missing,1,840
85071B,RED CHARLIE+LOLA PERSONAL DOORSIGN,1,2
85068,CREAM SWEETHEART SHELF + HOOKS,1,1
85065,CREAM SWEETHEART TRAYS,1,1
20793,BLUE TILED TRAY,1,5
20781,GOLD EAR MUFF HEADPHONES,1,1
20774,damaged,1,14
85135B,BLUE DRAGONFLY HELICOPTER,1,1
85132C,damages,1,109
85132A,damaged,1,97
20713,wrongly marked. 23343 in box,1,3100
20713,wrongly coded-23343,1,800
20711,lost in space,1,98
20711,check,1,220
20707,CRAZY DAISY HEART DECORATION,1,1
20705,MRS ROBOT SOFT TOY,1,1
20704,MR ROBOT SOFT TOY,1,4
85127,SMALL SQUARE CUT GLASS CANDLESTICK,1,5
85126,LARGE ROUND CUTGLASS CANDLESTICK,1,1
85125,check,1,64
85124B,BLUE JUICY FRUIT PHOTO FRAME,1,6
85123A,wrongly marked carton 22804,1,256
85114B,IVORY ENCHANTED FOREST PLACEMAT,1,2
85163B,BLACK BAROQUE WALL CLOCK ,1,1
20700,?,1,121
20694,?,1,110
20681,MIA,1,154
20677,PINK POLKADOT BOWL,1,5
20674,GREEN POLKADOT BOWL,1,6
20665,adjustment,1,15
20658,RED RETROSPOT LUGGAGE TAG,1,12
20652,check,1,37
17129F,BLUE GLASS GEMS IN BAG,1,2
85161,samples/damages,1,20
85160B,BLACK BIRD GARDEN DESIGN MUG,1,2
85136C,damages,1,36
85136A,damages,1,77
85135C,RED DRAGONFLY HELICOPTER,1,1
85135C,Damages,1,49
85176,SEWING SUSAN 21 NEEDLE SET,1,1
85175,wrongly sold sets,1,975
85175,dotcom sold sets,1,345
85175,check,1,42
85175,Amazon sold sets,1,210
85175,? sold as sets?,1,1200
85173,SET/6 FROG PRINCE T-LIGHT CANDLES,1,5
85172,wrongly sold as sets,1,600
85172,check,1,145
85172,Dotcom set,1,675
85172,?sold as sets?,1,600
85170B,SET/6 BLACK BIRD T-LIGHT CANDLES,1,1
85169D,PINK LOVE BIRD CANDLE,1,1
85169C,EAU DE NIL LOVE BIRD CANDLE,1,12
85169A,IVORY LOVE BIRD CANDLE,1,12
85167B,DAMAGED,1,1
85230G,ORANGE VOTIVE CANDLE,1,48
85230E,Damaged,1,48
85215,Damaged,1,29
85213,MINI  ZINC GARDEN DECORATIONS ,1,1
85211,S/4 GROOVY CAT MAGNETS,1,2
85208,check,1,22
85204,lost??,1,1131
85204,HANGING WOOD AND FELT FLOWER,1,1
85199S,SMALL HANGING IVORY/RED WOOD BIRD,1,24
85199L,?,1,250
85188A,GREEN METAL SWINGING BUNNY,1,3
85186C,BUNNY EGG GARLAND,1,20
85185B,PINK HORSE SOCK PUPPET KIT,1,1
85185B,?,1,259
85180A,RED HEARTS LIGHT CHAIN ,1,6
85177,BASKET OF FLOWERS SEWING KIT,1,1
90018C,SILVER BLACK ORBIT DROP EARRINGS,1,1
90018A,SILVER M.O.P ORBIT DROP EARRINGS,1,1
90014A,check,1,12
90013A,MIDNIGHT BLUE VINTAGE EARRINGS,1,8
90012B,check,1,5
90012A,stock check,1,18
90003E,GREEN PAIR HEART HAIR SLIDES,1,4
90003D,CRYSTAL PAIR HEART HAIR SLIDES,1,4
90003C,MIDNIGHT BLUE PAIR HEART HAIR SLIDE,1,4
90003B,ROSE COLOUR PAIR HEART HAIR SLIDES,1,4
85232D,mix up with c,1,118
85232D,SET/3 DECOUPAGE STACKING TINS,1,3
85232A,SET/3 POLKADOT STACKING TINS,1,3
85231G,check,1,110
85231G,ORANGE SCENTED SET/9 T-LIGHTS,1,10
85231B,CINAMMON SET OF 9 T-LIGHTS,1,11
90076,MONTANA DIAMOND CLUSTER EARRINGS,1,1
90070,RUBY GLASS CLUSTER BRACELET,1,3
90064B,BLACK VINTAGE  CRYSTAL EARRINGS,1,1
90062,CARNIVAL BRACELET,1,1
90059F,DIAMANTE HAIR GRIP PACK/2 LT ROSE,1,6
90059E,DIAMANTE HAIR GRIP PACK/2 RUBY,1,6
90059D,DIAMANTE HAIR GRIP PACK/2 PERIDOT,1,6
90059C,DIAMANTE HAIR GRIP PACK/2 MONTANA,1,6
90059B,DIAMANTE HAIR GRIP PACK/2 BLACK DIA,1,6
90059A,DIAMANTE HAIR GRIP PACK/2 CRYSTAL,1,6
90058B,CRYSTAL STUD EARRINGS ASSORTED COL ,1,36
90058A,CRYSTAL STUD EARRINGS CLEAR DISPLAY,1,36
90057,crushed boxes,1,380
90050,CRACKED GLAZE NECKLACE IVORY,1,2
90024B,NEW BAROQUE B'FLY NECKLACE RED,1,2
90022,EDWARDIAN DROP EARRINGS JET BLACK,1,4
90177E,DROP DIAMANTE EARRINGS GREEN,1,6
90177D,DROP DIAMANTE EARRINGS PURPLE,1,6
90177C,DROP DIAMANTE EARRINGS CRYSTAL,1,6
90177A,CLASSIC DIAMANTE EARRINGS JET,1,6
90176D,DIAMANTE NECKLACE PURPLE,1,1
90176A,CLASSIC DIAMANTE NECKLACE JET,1,1
90170,DAISY HAIR BAND,1,12
90169,DAISY HAIR COMB,1,6
90168,2 DAISIES HAIR COMB,1,6
90162B,ANT SILVER LIME GREEN BOUDICCA RING,1,1
90160A,PURPLE BOUDICCA LARGE BRACELET,1,7
90147,CHUNKY SILVER NECKLACE PASTEL FLOWE,1,2
90118,PINK DAISY BAG CHARM,1,6
90108,BLUE BLOSSOM HAIR CLIP,1,10
90101,WHITE FRANGIPANI NECKLACE,1,6
90098,NECKLACE+BRACELET PINK BUTTERFLY,1,6
15058C,wet/rusty,1,30
10133,damaged,1,82
10135,COLOURING PENCILS BROWN TUBE,1,1
DOT,DOTCOM POSTAGE,1,1
90202D,PINK ENAMEL FLOWER HAIR TIE,1,6
90202C,GREEN ENAMEL FLOWER HAIR TIE,1,6
90202B,WHITE ENAMEL FLOWER HAIR TIE,1,6
90202A,PURPLE ENAMEL FLOWER HAIR TIE,1,6
90201C,RED ENAMEL FLOWER RING,1,6
90201A,PURPLE ENAMEL FLOWER RING,1,4
90200B,BLACK SWEETHEART BRACELET,1,1
90195A,check,1,45
90192,JADE DROP EARRINGS W FILIGREE,1,2
90191,??,1,60
90185A,AMBER DIAMANTE EXPANDABLE RING,1,6
90183A,AMBER DROP EARRINGS W LONG BEADS,1,6
22857,sold as set on dotcom,1,48
22856,sold as set on dotcom,1,30
22855,FINE WICKER HEART ,1,12
22853,CAT BOWL VINTAGE CREAM,1,6
DCGS0073,ebay,1,4
DCGS0069,ebay,1,5
DCGS0068,ebay,1,10
DCGS0067,ebay,1,11
DCGS0003,ebay,1,7
90211B,JET BLACK LAS VEGAS NECKLACE 45CM,1,2
90210D,check,1,28
90209C,PINK ENAMEL+GLASS HAIR COMB,1,3
90209A,PURPLE ENAMEL+GLASS HAIR COMB,1,6
90208,PAIR OF PINK FLOWER CLUSTER SLIDE,1,6
90204,PAIR OF ENAMEL BUTTERFLY HAIRCLIP,1,4
15060B,FAIRY CAKE DESIGN UMBRELLA,1,1
